"gene","max_log2FC","mean_log2FC","max_pct1","mean_pct1","min_adj_pvalue","cluster_count"
"A1BG",1.70675333102188,1.19614893680093,0.351,0.330666666666667,3.86003002545911e-83,3
"A2M-AS1",5.77056957704086,5.77056957704086,0.326,0.326,1.08074129083655e-168,1
"AAAS",0.53399591743784,0.53399591743784,0.288,0.288,2.71955152256079e-16,1
"AACS",1.57831133986972,1.57831133986972,0.258,0.258,1.60492697181597e-25,1
"AAED1",2.05397205365091,1.47825101587651,0.417,0.320666666666667,3.28952408645693e-108,3
"AAGAB",0.675909326782891,0.675909326782891,0.306,0.306,6.3492909484865e-06,1
"AAK1",1.31263263064733,0.939092249383767,0.93,0.59175,7.0544736291453e-186,4
"AAMP",1.41174437019435,1.01437196364805,0.639,0.467,2.46585379756313e-132,4
"AAR2",1.5368485836735,1.5368485836735,0.278,0.278,4.36808964328914e-06,1
"AARS",3.4712402043797,3.4712402043797,0.697,0.697,2.06005052165581e-142,1
"AASDH",0.674407588788679,0.674407588788679,0.25,0.25,1,1
"AASDHPPT",0.960752800731923,0.800984514023652,0.545,0.39875,6.30971221341913e-103,4
"AATF",1.47421415212839,0.707478527114437,0.667,0.485,2.28385898531652e-20,3
"ABCA13",4.15646177401146,4.05591258675222,0.863,0.777,0,2
"ABCA2",1.76403500822138,1.76403500822138,0.302,0.302,1.92627997936515e-44,1
"ABCB10",4.077264352475,2.44444714591739,0.368,0.323,1.91643267694575e-22,2
"ABCB7",1.22424329569218,1.04726613900936,0.361,0.328,6.15226197732633e-98,2
"ABCB8",1.45846289388659,1.45846289388659,0.318,0.318,6.41090019575019e-21,1
"ABCB9",5.3553595420117,5.3553595420117,0.606,0.606,0,1
"ABCC1",0.872259522487527,0.872259522487527,0.278,0.278,0.00842489242117497,1
"ABCD3",1.46935953375328,1.15960169193832,0.306,0.3005,5.51869586066773e-124,2
"ABCE1",1.94837692573147,1.41257193804117,0.694,0.496,1.6838961095724e-68,5
"ABCF1",1.72333978322275,1.06229675039518,0.727,0.536166666666667,1.03805788965614e-85,6
"ABCF2.1",1.70049312543143,1.41797176702066,0.306,0.3045,3.88088234649148e-12,2
"ABCF3",0.838219716215878,0.838219716215878,0.25,0.25,0.0157263422900335,1
"ABHD10",1.25704440179336,1.25704440179336,0.348,0.348,9.63578893193688e-18,1
"ABHD12",1.7315896250767,1.7315896250767,0.278,0.278,1.39262255026232e-09,1
"ABHD14A",1.86784319806942,1.86784319806942,0.455,0.455,3.4357111839841e-41,1
"ABHD14B",1.56721605968331,1.10478797194491,0.444,0.30775,7.22172149673505e-52,4
"ABHD17A",2.47089638460563,1.53565361790395,0.907,0.7375,9.13693193492386e-62,2
"ABHD2",1.15388668803941,0.760438962334553,0.329,0.236,0.0952599469863667,2
"ABHD5",1.46183736296965,1.23297188636111,0.777,0.522333333333333,5.77837737321735e-56,3
"ABHD6",2.57856673112308,2.57856673112308,0.25,0.25,4.85194554312677e-13,1
"ABI1",1.08438841822443,0.771563342413842,0.216,0.165,4.13468816942888e-18,2
"ABI2",1.32650488145534,1.00378531960718,0.333,0.2955,2.3669513842594e-09,2
"ABI3",4.11721541027357,3.30558184117133,0.944,0.643333333333333,4.38770776448343e-154,3
"ABLIM1",2.37055368136058,2.37055368136058,0.389,0.389,4.1965419502686e-183,1
"ABR",0.338997133033327,0.315723862250799,0.639,0.5635,3.73972626879694e-171,2
"ABRACL",1.71037816881725,1.34263591176812,0.861,0.7062,2.15234797225433e-177,5
"ABRAXAS1",0.73086572296319,0.73086572296319,0.472,0.472,1.08629772488321e-09,1
"ABRAXAS2",1.20329454714753,1.20329454714753,0.417,0.417,3.84614826728092e-13,1
"ABT1",1.70416157409281,0.943052921433955,0.53,0.394,1.16869462927128e-39,5
"ABTB1",1.76752305658013,1.76752305658013,0.514,0.514,2.50443850282926e-77,1
"AC004148.2",1.71174415185935,1.71174415185935,0.303,0.303,1.239681943661e-19,1
"AC004687.1",1.56068152292236,1.12993653866933,0.534,0.341,4.86575869105397e-24,3
"AC005261.1",0.800181096318265,0.707891222664715,0.417,0.3495,7.73401599066182e-84,2
"AC005838.2",2.19157438784655,2.19157438784655,0.333,0.333,4.71547757196618e-71,1
"AC007388.1",1.57177211952514,1.57177211952514,0.303,0.303,6.46007761405017e-38,1
"AC007952.4",2.80531705008114,1.69245246143799,0.803,0.48875,1.85407322419751e-77,4
"AC009403.1",1.91472931113706,1.91472931113706,0.439,0.439,6.34835494900659e-57,1
"AC009948.1",1.72736708751133,1.72736708751133,0.25,0.25,5.52561863779927e-07,1
"AC010642.2",0.737839587177163,0.737839587177163,0.364,0.364,7.13069002034032e-21,1
"AC012236.1",4.81680549804676,4.81680549804676,0.591,0.591,0,1
"AC016831.7",0.883700246706185,0.588913797363347,0.267,0.265,2.15016089233057e-53,2
"AC020656.1",2.75579207464093,1.69424188814529,1,0.94575,0,4
"AC020916.1",0.367306700484135,0.367306700484135,0.308,0.308,6.85781816764254e-150,1
"AC025164.1",3.83075255947269,3.83075255947269,0.489,0.489,7.92679972101045e-297,1
"AC025569.1",3.71730193672827,3.71730193672827,0.258,0.258,4.48445071832972e-134,1
"AC058791.1",2.66604934972157,2.66604934972157,0.441,0.441,1.7715607551498e-193,1
"AC073111.5",1.60631918591477,1.60631918591477,0.258,0.258,5.56151337815335e-20,1
"AC078883.1",2.17393762169573,2.17393762169573,0.258,0.258,7.11624742792936e-51,1
"AC090114.2",0.666645992343061,0.666645992343061,0.278,0.278,5.64877511480231e-05,1
"AC092069.1",2.95445654507389,2.95445654507389,0.333,0.333,6.26304449594626e-93,1
"AC092683.1",2.46601521465653,2.3946425089403,0.515,0.4085,6.36578037264721e-59,2
"AC093673.1",1.81167534403099,1.81167534403099,0.342,0.342,2.56746931150116e-248,1
"AC096667.1",1.28801686494906,1.28801686494906,0.522,0.522,0,1
"AC100810.1",2.21515962004268,1.50844319042201,0.316,0.311,1.54074886536813e-11,2
"AC100835.2",8.75708816856063,8.75708816856063,0.368,0.368,3.73617978768988e-274,1
"AC103691.1",0.958928253605595,0.958928253605595,0.25,0.25,6.84983746791561e-10,1
"AC104794.2",2.87995977446256,2.87995977446256,0.306,0.306,1.97552201808663e-24,1
"AC106897.1",8.13827831916083,8.13827831916083,0.273,0.273,5.73913490812922e-313,1
"AC108863.1",2.60755510090749,2.60755510090749,0.414,0.414,4.0433048242728e-185,1
"AC114760.2",1.61565557301544,1.61565557301544,0.404,0.404,7.16257880555984e-91,1
"AC118549.1",1.42833827875906,1.42833827875906,0.291,0.291,1.69579174840076e-09,1
"AC139887.2",1.26768254056187,1.26768254056187,0.288,0.288,2.06129542071477e-20,1
"AC147651.1",8.82722142380153,8.82722142380153,0.368,0.368,0,1
"AC243960.1",2.71126853616195,1.92666333376861,0.5,0.442,7.1657606877224e-195,4
"AC245014.3",2.55320713286719,2.55320713286719,0.348,0.348,1.10058400463319e-45,1
"AC245060.5",1.89966563391607,1.89966563391607,0.279,0.279,7.37982581796358e-89,1
"AC245128.3",1.84728053132414,1.15115429512559,0.555,0.442,4.90642579615685e-59,2
"AC245297.3",1.39896888408507,0.850416518590475,0.454,0.286333333333333,1.29262880949277e-09,3
"ACAA1",1.19100289602705,0.711321432369982,0.833,0.62,3.54017887237645e-174,3
"ACAA2",2.85758961370299,1.82487603961603,0.694,0.52175,3.52940898678206e-154,4
"ACAD8",0.662898785285735,0.662898785285735,0.273,0.273,3.05780105992703e-12,1
"ACAD9",1.88944323664991,1.88944323664991,0.389,0.389,7.4022789005123e-17,1
"ACADM",1.3745918471033,1.10544632932209,0.773,0.545,1.7424176762481e-90,4
"ACADVL",1.39352443356043,1.19614928556159,0.833,0.713333333333333,1.99815470888265e-211,3
"ACAP1",0.948238465574241,0.651787554170848,0.802,0.55375,5.28095506367183e-91,4
"ACAP2",1.32587508973184,0.964227937036942,0.448,0.351,1.30418725804983e-19,2
"ACAP3",1.20783409406428,1.20783409406428,0.272,0.272,1.66633988827574e-121,1
"ACAT1",1.05204381008466,0.97124994113075,0.606,0.5115,1.57845810326407e-32,2
"ACAT2",0.977616427134809,0.977616427134809,0.288,0.288,4.42703854748273e-10,1
"ACBD3",1.78417067730605,1.03589647646652,0.955,0.584,5.02383274086954e-99,4
"ACBD5",0.992316225895998,0.598966611332455,0.389,0.379,2.14148151214925e-135,3
"ACBD6",1.0478426751704,0.740096859433298,0.591,0.39525,8.32125569254114e-34,4
"ACCS",0.355015870586942,0.355015870586942,0.361,0.361,2.72582965866218e-06,1
"ACER3",1.00413428889807,0.766254076745419,0.639,0.6005,1.06943273778157e-255,2
"ACIN1",0.311397846163221,0.294287694383106,0.102,0.0845,2.47181649311489e-40,2
"ACKR1",10.4613303962317,10.4613303962317,0.333,0.333,0,1
"ACLY",1.23114107984956,0.957163969661179,0.528,0.498,1.20909844662023e-201,2
"ACO2",1.77016323207919,1.70665052831455,0.778,0.664666666666667,2.04214995585585e-183,3
"ACOT13",1.01772517613729,0.677752248597794,0.455,0.373,1.84035177413436e-19,2
"ACP1",1.41671254588144,0.778662091393427,0.833,0.558166666666667,4.04557388468201e-33,6
"ACP2",2.27500323471941,2.27500323471941,0.25,0.25,9.29372551682486e-13,1
"ACP5",2.81311367533902,2.51645508613836,0.5,0.3955,2.91416102184724e-52,2
"ACPP",0.547176972306856,0.547176972306856,0.331,0.331,6.88854220857422e-187,1
"ACRBP",8.23820293986519,8.23820293986519,0.624,0.624,0,1
"ACSF3",0.975417102372677,0.771448318096295,0.444,0.35875,9.37645809284977e-85,4
"ACSL1",2.02259378345989,1.45935805499461,0.656,0.529,4.99713893829745e-184,2
"ACSL3",0.462760406459026,0.462760406459026,0.556,0.556,2.51373965070175e-09,1
"ACSL4",0.355519388102899,0.355519388102899,0.735,0.735,1.92014702510025e-235,1
"ACSL5",1.48908295356861,1.48908295356861,0.472,0.472,4.6227409675145e-20,1
"ACSL6",6.37902740076613,6.37902740076613,0.421,0.421,1.44576997094578e-76,1
"ACSS1",1.86230829822173,1.31732528609164,0.758,0.483666666666667,9.60582038427433e-65,3
"ACTB",1.93575025649716,0.93704117144198,1,0.9846,1.21390620936174e-102,5
"ACTG1",2.46884246842754,0.991218188617046,1,0.9315,4.43902972344094e-96,6
"ACTL6A",1.36513144921737,1.18967834735228,0.379,0.3285,7.55624433288978e-16,2
"ACTN1",1.42736189059342,1.0457564680145,0.751,0.598,1.78672130660589e-27,4
"ACTN4",1.24299211262093,0.745235806616425,0.872,0.59,9.34001428055972e-151,5
"ACTR10",0.500954233458943,0.500954233458943,0.611,0.611,6.13880363290647e-11,1
"ACTR1A",0.593759530416905,0.486914078089508,0.528,0.4385,2.96991043648524e-110,2
"ACTR1B",1.12424596439938,1.10687630486063,0.348,0.299,2.44507524727365e-16,2
"ACTR2",0.858795058142718,0.774929273618595,0.887,0.809333333333333,2.93751534419427e-38,3
"ACTR3",1.09542080576715,0.667439181482926,0.844,0.612,1.49332032075865e-37,4
"ACTR6",1.48539764724913,1.17978672461908,0.417,0.346333333333333,1.00796940231219e-56,3
"ACTR8",1.01358973533934,1.01358973533934,0.318,0.318,1.84912984127513e-19,1
"ACVR1B",0.629165175663005,0.629165175663005,0.334,0.334,1.71072120646425e-161,1
"ACVRL1",4.88265155606963,4.88265155606963,0.25,0.25,1.87697015549935e-48,1
"ACYP2",0.487949211887614,0.487949211887614,0.455,0.455,3.34991994049203e-28,1
"ADA",4.35213924088704,4.09058272130814,0.636,0.5445,5.03368813888736e-129,2
"ADA2",3.99368641744206,2.37795474977549,0.944,0.876333333333333,0,3
"ADAM10",0.766891938958509,0.739504875908979,0.244,0.201,5.83953109667643e-12,2
"ADAM15",1.93034874535239,1.81559930765799,0.722,0.6355,0,2
"ADAM17",1.40703994801345,1.40703994801345,0.345,0.345,5.33782063318765e-15,1
"ADAM19",0.87700190875411,0.729928561659944,0.788,0.5205,8.11677438415085e-52,2
"ADAM28",4.97086496300373,4.97086496300373,0.545,0.545,0,1
"ADAM9",1.03303462045625,1.00821419392088,0.639,0.5365,3.00078456692661e-231,2
"ADAMTS2",3.75956637045631,2.95953085607565,0.806,0.7485,0,2
"ADAMTSL4",0.561865047984915,0.561865047984915,0.417,0.417,4.58246067198052e-22,1
"ADAP1",0.613804822529707,0.525743959454147,0.556,0.489,1.47375848305303e-209,2
"ADAP2",3.50996991778497,3.15554509638659,0.75,0.687,0,2
"ADAR",1.18538813826416,1.17938790696097,0.588,0.5245,1.70709336876857e-48,2
"ADCK2",2.29920543499544,2.29920543499544,0.306,0.306,3.29672330368904e-16,1
"ADCY7",0.907590069583719,0.801545407178128,0.806,0.7575,2.41603264666233e-310,2
"ADD1",0.434116931850625,0.35240451627687,0.489,0.2855,5.18020933301657e-36,2
"ADD3",0.890450387040652,0.772976865744828,0.571,0.423,2.28339698231688e-10,2
"ADGRE2",1.73461632036653,1.72849852232246,0.387,0.3465,1.3369269847023e-72,2
"ADGRE5",1.73337993841264,1.16097746359426,0.491,0.37,9.11791874185266e-50,2
"ADGRG1",7.62265897847596,7.62265897847596,0.43,0.43,0,1
"ADGRG5",3.96360729273913,3.96360729273913,0.273,0.273,4.34152999965226e-101,1
"ADH5",1.83911761966336,1.12054583481254,0.742,0.5004,3.963225392129e-64,5
"ADI1",0.811021457348011,0.728524581926916,0.727,0.618666666666667,7.91073651627254e-157,3
"ADIPOR1",2.45121456331757,2.33360722289656,0.877,0.5635,6.75010377432805e-40,2
"ADIPOR2",2.06137979733272,1.22323699598493,0.528,0.4085,6.78169346115221e-17,2
"ADK",2.18479180774742,1.21472163481194,0.528,0.444,9.5038095957586e-70,3
"ADNP",0.55425653887371,0.388523092121317,0.534,0.416666666666667,8.34458885944604e-107,3
"ADO",1.96373089024326,1.96373089024326,0.361,0.361,1.7017061829456e-12,1
"ADPGK",1.17277546669555,0.61885466279146,0.861,0.617666666666667,7.85293190549813e-176,3
"ADPRHL2",2.31833901001204,2.31833901001204,0.611,0.611,6.21388374075825e-36,1
"ADRB2",1.22690477947121,1.1260170550778,0.306,0.2815,3.77206895439409e-139,2
"ADRM1",1.15640947787595,0.837244222980953,0.833,0.5812,4.35529361754515e-100,5
"ADSL",1.24552964416163,0.925055295117994,0.389,0.384,3.31262653798214e-13,2
"ADSS",3.18101065275866,2.4832434235771,0.708,0.589,2.57131471734045e-121,2
"AEBP2",1.32002080654529,0.717153959782821,0.5,0.374,1.69749523975266e-72,3
"AES",2.13293964083469,1.53724626553012,0.965,0.88325,1.44969984285365e-238,4
"AFF1",0.821758187659521,0.806292044258316,0.368,0.3145,1,2
"AFF3",6.71511975265092,6.71511975265092,0.699,0.699,0,1
"AFG3L2",1.5448370947142,1.19950368841207,0.611,0.42925,2.59833398852965e-133,4
"AFTPH",0.81665105290765,0.550930661191872,0.701,0.4185,1.3068733471655e-156,2
"AGA",1.78957113003781,1.78957113003781,0.424,0.424,5.12721516034106e-39,1
"AGAP3",2.09069090802925,2.09069090802925,0.472,0.472,1.09676815306941e-28,1
"AGFG1",0.949078924574068,0.65923699162105,0.882,0.522333333333333,3.71125655877962e-172,3
"AGGF1",0.804988461050873,0.778001729921221,0.361,0.3155,1.42202819584307e-103,2
"AGL",2.42068049705944,2.42068049705944,0.257,0.257,2.34853742255556e-22,1
"AGO3",0.77405755889754,0.589751815541661,0.301,0.224666666666667,6.19189939987786e-25,3
"AGO4",0.293917014335824,0.293917014335824,0.362,0.362,0.189319997248883,1
"AGPAT2",1.40489111534954,1.0619064566087,0.694,0.478,1.00535894987308e-191,3
"AGPAT3",2.37728782548639,1.68376106694644,0.889,0.603333333333333,4.59911223550779e-313,3
"AGPAT5",1.78290046998422,1.78290046998422,0.583,0.583,3.57177162079791e-21,1
"AGPS",2.74593729593531,1.29990242021497,0.722,0.46975,3.5711601300186e-162,4
"AGTPBP1",1.10648453970398,0.986826688284401,0.512,0.330666666666667,1.12769156908178e-14,3
"AGTRAP",0.718515888144038,0.565080364765892,0.845,0.5805,1.67814999307052e-261,2
"AHCY",1.19426967240019,1.10061432062076,0.379,0.3425,3.02741101720668e-23,2
"AHCYL1",0.976224634365455,0.890673507725556,0.722,0.675,3.70193344842375e-230,2
"AHI1",1.35692362389448,1.35692362389448,0.364,0.364,1.34656666123904e-23,1
"AHNAK",3.22871915363356,1.92553895453711,1,0.944,0,4
"AHR",3.96339282479881,3.54148706659489,0.972,0.867,0,2
"AHSA1",1.41081617203961,0.932437758132064,0.583,0.4404,4.21474089425821e-63,5
"AHSP",9.64749595222871,9.64749595222871,0.982,0.982,0,1
"AIDA",1.88638181040503,0.851975432952186,0.611,0.469666666666667,1.1561899364453e-100,3
"AIF1",2.11251717868953,1.58994505897144,1,0.779333333333333,1.03793931106801e-275,3
"AIFM1",1.90139754313898,1.60307671841745,0.53,0.37625,1.29848375888807e-115,4
"AIFM2",3.52792477164848,3.52792477164848,0.364,0.364,3.12006352881482e-138,1
"AIG1",2.46155497958969,2.46155497958969,0.289,0.289,1.85051365851579e-49,1
"AIM2",1.06471742126178,1.06471742126178,0.348,0.348,1.80300342209523e-27,1
"AIMP1",1.44247113771513,1.17653670985812,0.833,0.553666666666667,5.85101025532752e-109,6
"AIMP2",2.29178088227082,1.7269916360694,0.444,0.3735,5.93868367371108e-22,2
"AIP",1.51685184286567,0.963571348444944,0.75,0.5546,9.34790959271511e-80,5
"AK2",1.93449690045753,1.5087063143726,0.778,0.537666666666667,1.68255030629696e-238,3
"AK3",0.883636106884686,0.671936876191815,0.591,0.476,7.6573400715404e-36,2
"AK6",1.75455514288794,1.39511225043403,0.591,0.49,8.9205776899903e-44,2
"AKAP1",1.23529312857902,1.23529312857902,0.306,0.306,3.08554070371331e-07,1
"AKAP11",0.822525051755045,0.713396652610832,0.472,0.368,4.65149339510344e-82,3
"AKAP13",0.535192293147133,0.483172333153507,0.969,0.513,3.65502919450283e-111,3
"AKAP17A",0.425415259829628,0.425415259829628,0.727,0.727,3.15137709783826e-24,1
"AKAP7",0.936523198918451,0.936523198918451,0.25,0.25,0.127511551868247,1
"AKAP8",0.681619810936361,0.681619810936361,0.312,0.312,1.76851432277533e-86,1
"AKAP9",0.291651996580305,0.280987350516977,0.792,0.6625,9.4799494978669e-102,2
"AKIRIN1",0.548290099222064,0.548290099222064,0.136,0.136,8.81880736859674e-19,1
"AKIRIN2",2.82904732886315,2.82904732886315,0.305,0.305,1.45556004720358e-09,1
"AKNA",0.967357047714115,0.694689917864306,0.884,0.5395,1.19279505939928e-15,2
"AKR1A1",2.28256772071489,1.54346559092854,0.848,0.58625,5.23175383595692e-154,4
"AKR1B1",2.01325110970205,1.6804025834118,0.53,0.4735,1.4718949638518e-34,2
"AKR7A2",1.42371431402717,0.925621012472856,0.545,0.41025,3.16106669384616e-96,4
"AKT1",1.07084369617788,0.985855232962199,0.611,0.538,2.52928330562584e-17,2
"AKT2",0.704846854781219,0.650822838587269,0.639,0.5115,3.76508730320187e-10,2
"AKT3",2.54929920159379,2.54929920159379,0.277,0.277,2.49940720826013e-106,1
"AL034397.3",2.30295962568493,2.26884519050965,0.723,0.682,1.40276591251486e-79,2
"AL133453.1",1.67057153722792,0.877375396728248,0.361,0.32625,2.16585457764765e-73,4
"AL133467.1",5.59941033625065,5.59941033625065,0.591,0.591,0,1
"AL355922.1",4.26053137573938,3.40849736928163,0.278,0.2675,6.92690561533588e-235,2
"AL360012.1",2.72870995044085,2.72870995044085,0.288,0.288,1.14544426161947e-44,1
"AL365361.1",2.00099627032748,2.00099627032748,0.364,0.364,6.56598683113463e-36,1
"AL390036.1",1.33997592225117,0.909500660815978,0.306,0.2935,5.32922654478622e-197,2
"AL390728.6",0.284456048201485,0.284456048201485,0.342,0.342,1.70453419582223e-120,1
"AL441992.1",0.963609523789704,0.963609523789704,0.258,0.258,3.71399698276816e-22,1
"AL445472.1",1.91605374702818,1.91605374702818,0.379,0.379,5.2062888725667e-44,1
"AL669831.5",0.81067446944877,0.81067446944877,0.273,0.273,1.0628623264412e-14,1
"AL731557.1",9.36322245367137,9.36322245367137,0.266,0.266,3.02020234424019e-270,1
"ALAD",3.80316508206284,2.43100580268523,0.281,0.2655,3.22372159677125e-12,2
"ALAS2",10.4183608245736,10.4183608245736,0.965,0.965,0,1
"ALCAM",1.99093178710309,1.42359066360163,0.522,0.4695,0,2
"ALDH16A1",1.11079527104867,0.841218055714048,0.576,0.409666666666667,1.90858574564562e-70,3
"ALDH18A1",3.01897520471018,3.01897520471018,0.409,0.409,5.59275186465991e-94,1
"ALDH2",2.88946509162822,1.95159747157299,0.944,0.752,0,3
"ALDH3A2",2.30250976043997,2.16843415591504,0.472,0.417,5.55865354671745e-223,2
"ALDH3B1",2.22366289865419,1.50551054925426,0.528,0.419333333333333,2.84245770699854e-202,3
"ALDH9A1",0.286185101446869,0.275197715614838,0.472,0.393,3.93077907181411e-05,2
"ALDOA",1.62205181414785,1.44224554961418,0.806,0.705,7.67942491213068e-276,2
"ALG1",1.77865210523803,1.77865210523803,0.288,0.288,1.47238531043942e-27,1
"ALG13",0.987459562662453,0.85767780868012,0.583,0.411,4.65842106339914e-92,5
"ALG14",3.13672767331804,3.13672767331804,0.53,0.53,6.78863166580716e-129,1
"ALG2",2.58043776183189,1.96161905425849,0.53,0.404,2.65479822327181e-53,2
"ALG3",2.0662954452755,1.80738912022066,0.528,0.409666666666667,6.55297177877056e-93,3
"ALG5",3.21803233371878,2.15257463818682,0.848,0.551666666666667,1.23979476957885e-102,3
"ALG8",0.978947789704829,0.978947789704829,0.348,0.348,1.67227400650044e-16,1
"ALKBH3",1.82998150610146,1.82998150610146,0.288,0.288,3.05755585667736e-28,1
"ALKBH5",0.772257227848265,0.54817466577751,0.639,0.479,6.36967605356314e-138,3
"ALKBH7",1.528934635137,1.10589354522176,0.848,0.616,1.09371473281685e-184,6
"ALOX12",9.26915370429278,9.26915370429278,0.266,0.266,1.01179923191563e-275,1
"ALOX15B",3.82943772362975,3.82943772362975,0.254,0.254,2.29251067739351e-255,1
"ALOX5",1.06894089923649,0.83274802974385,0.545,0.393,1.2121352247945e-10,2
"ALOX5AP",1.66307916449646,1.45623731360549,0.924,0.813333333333333,1.74388537818633e-93,3
"ALPK1",1.04160735807169,0.710663887841379,0.385,0.3195,4.89753014380702e-07,2
"ALPL",2.84303715548354,2.84303715548354,0.44,0.44,5.74444007270024e-233,1
"ALYREF",1.93417268016886,1.65044577641432,0.561,0.4335,2.08708797927052e-114,4
"AMD1",0.876302230529186,0.876302230529186,0.261,0.261,0.00644202645062767,1
"AMFR",0.776351872565213,0.776351872565213,0.391,0.391,8.98530432725837e-128,1
"AMMECR1",0.350390041257537,0.350390041257537,0.25,0.25,0.614084538987326,1
"AMPD2",0.944522838382913,0.944522838382913,0.583,0.583,9.79854891580475e-22,1
"AMPD3",1.87538569665038,1.87538569665038,0.265,0.265,1.4743196609382e-28,1
"AMPH",0.93615028120436,0.93615028120436,0.25,0.25,5.94860539635452e-09,1
"AMZ2",1.71438820880815,0.929122386312948,0.333,0.313666666666667,1.13721622130385e-17,3
"ANAPC1",0.44243925698516,0.44243925698516,0.333,0.333,0.000189969963013441,1
"ANAPC10",1.74505429743353,1.18135001003133,0.333,0.3105,1.49731054004598e-11,2
"ANAPC11",1.4149925970633,0.967411912370495,0.944,0.609666666666667,2.15876017497336e-207,6
"ANAPC15",1.70314155487558,1.02173215257521,0.53,0.48825,5.08970585670586e-142,4
"ANAPC16",1.45641831433451,0.831465519876722,0.917,0.8485,3.16620316969933e-167,4
"ANAPC5",0.6436488882635,0.5440398459987,0.864,0.6585,2.81616274102079e-23,2
"ANGEL2",0.946858919615812,0.595107591539103,0.417,0.346333333333333,1.26585136498906e-73,3
"ANK1",7.59345929354609,7.59345929354609,0.561,0.561,2.65204030883103e-223,1
"ANK3",4.16483282627718,4.16483282627718,0.261,0.261,1.83338877309301e-226,1
"ANKFY1",1.47601180447203,1.19601028431116,0.833,0.676,4.49431410767772e-216,2
"ANKH",3.60543502678673,3.60543502678673,0.298,0.298,1.01448326200848e-17,1
"ANKIB1",0.919549773811931,0.533047123555743,0.636,0.523,7.56622671906025e-101,3
"ANKRD10",0.532685560441334,0.532685560441334,0.278,0.278,9.37615914105229e-24,1
"ANKRD11",0.389949809463399,0.322327337002356,0.756,0.583,5.63914436098029e-06,2
"ANKRD12",0.667288124542409,0.541738639020783,0.985,0.513333333333333,7.41506397377567e-13,3
"ANKRD13A",0.659744022211733,0.659744022211733,0.119,0.119,1.6688894518008e-08,1
"ANKRD13C",1.17698596866996,1.17698596866996,0.333,0.333,6.51304997639316e-10,1
"ANKRD13D",1.23784349681125,0.857513421574264,0.187,0.183,2.26413386883364e-11,2
"ANKRD17",0.714647336999817,0.512563214552756,0.583,0.545333333333333,4.3733263406459e-155,3
"ANKRD27",0.421063712644846,0.421063712644846,0.278,0.278,8.28735532102212e-05,1
"ANKRD28",2.73997404630821,1.58543218469111,0.682,0.5255,1.07434582119361e-41,2
"ANKRD36",2.29762637183429,1.70115854733311,0.379,0.3525,1.81983704774513e-22,2
"ANKRD36B",1.38772843187295,1.38772843187295,0.348,0.348,2.04975102962775e-30,1
"ANKRD36C",1.96362341922632,1.50519842983735,0.419,0.4065,6.8045282109624e-24,2
"ANKRD37",4.59003325655973,4.59003325655973,0.379,0.379,1.32471666586967e-114,1
"ANKRD39",3.09182471622791,2.50334323225252,0.364,0.333,1.1755260150161e-38,2
"ANKRD40",1.38042621116488,1.38042621116488,0.417,0.417,3.05194926867568e-12,1
"ANKRD49",0.974318456499637,0.803941359342681,0.453,0.404666666666667,9.13369187945012e-49,3
"ANKRD50",2.47704697549364,2.47704697549364,0.257,0.257,4.57928269027882e-224,1
"ANKRD9",2.82103744849338,2.82103744849338,0.351,0.351,5.79526140839556e-58,1
"ANKS1A",1.06951197956093,1.06951197956093,0.472,0.472,4.51051516045909e-21,1
"ANO10",2.86798406147413,2.38204102525614,0.382,0.3515,2.78483148043233e-65,2
"ANO6",4.40513052599683,2.38728949241437,0.569,0.4755,1.84116946259478e-220,2
"ANP32A",2.4103795758369,2.4103795758369,0.736,0.736,6.73790869463534e-227,1
"ANP32B",2.21447616879701,0.902914129157169,0.879,0.666857142857143,3.47851414866051e-89,7
"ANP32E",2.88050918079458,1.17861502111687,0.773,0.5986,1.33101940266994e-68,5
"ANTXR2",0.959497515522123,0.948892641340522,0.341,0.32,1.25853600794905e-09,2
"ANXA1",2.31007192959514,1.54582940592398,0.976,0.89375,1.34840898218045e-294,4
"ANXA11",0.904677311084122,0.758016117816201,0.581,0.458333333333333,2.19812605874018e-15,3
"ANXA2",3.65897199384647,2.04726431985067,1,0.88775,0,4
"ANXA2R",2.3791389412754,2.3791389412754,0.265,0.265,2.47680568241524e-87,1
"ANXA3",2.92820714326159,2.66785660400897,0.761,0.76,2.17414659986312e-211,2
"ANXA4",2.53042548090177,1.29863056600359,0.611,0.4042,1.46401416302256e-177,5
"ANXA5",2.05666442484436,1.13537692922756,1,0.7738,0,5
"ANXA6",2.35418823102636,1.33833734455337,0.864,0.6204,2.62163937407012e-46,5
"ANXA7",0.362137041576736,0.362137041576736,0.63,0.63,5.07333935729944e-129,1
"AOAH",1.5150214145034,0.910462995794208,0.972,0.47,2.51071872008142e-13,3
"AP001157.1",1.06243762171368,1.06243762171368,0.306,0.306,3.44114942932891e-10,1
"AP001189.1",8.15483560626183,8.15483560626183,0.294,0.294,1.08267867174012e-281,1
"AP003068.2",8.21221905185876,8.21221905185876,0.462,0.462,0,1
"AP003774.3",6.74023740664945,6.74023740664945,0.253,0.253,1.3240928180873e-259,1
"AP1AR",2.12175332780371,2.04461577299433,0.528,0.405,9.49901722213487e-132,2
"AP1B1",1.62224149519263,1.60576430859843,0.722,0.6315,4.23629091965472e-235,2
"AP1G2",0.650112108902913,0.650112108902913,0.302,0.302,2.31318293065349e-05,1
"AP1S1",0.808625794544542,0.719067776093395,0.47,0.327,7.25491872933004e-73,3
"AP1S2",2.39971078069308,1.35475440652782,1,0.62075,0,4
"AP2A1",0.97536368355026,0.68128914605524,0.583,0.492,2.98781945173779e-194,3
"AP2A2",1.20964976917459,0.896728756591281,0.722,0.554,3.99952902835364e-118,2
"AP2B1",0.796948005112198,0.484609749165198,0.558,0.428333333333333,3.14105446450389e-24,3
"AP2M1",2.22096365319695,0.996426925115148,1,0.6648,2.0870316748418e-164,5
"AP2S1",2.16293638023417,1.21336411553764,1,0.672,4.80042005054944e-311,5
"AP3B1",0.401278978146976,0.34784167165867,0.778,0.4395,2.38018452460846e-29,2
"AP3D1",1.43737699199366,1.02505913026996,0.75,0.5425,1.20069821145036e-201,4
"AP3M1",1.00484782117155,0.936645548382151,0.556,0.4585,6.39812578038201e-133,2
"AP3M2",3.53720448464151,3.53720448464151,0.267,0.267,7.26173425016513e-161,1
"AP3S1",1.78115253904405,1.54372370096225,0.336,0.3305,9.0037907040554e-14,2
"AP4E1",1.44688836284051,1.0889384615497,0.292,0.271,3.00869984113268e-150,2
"AP5M1",0.455243503060131,0.455243503060131,0.528,0.528,4.8910888485165e-09,1
"APAF1",1.15663303174903,0.859704224543634,0.542,0.404333333333333,5.65111520708972e-23,3
"APBA3",0.488403939925733,0.488403939925733,0.273,0.273,7.53802708552605e-17,1
"APBB1IP",1.28793429403607,0.794780257078023,0.362,0.27,8.09044707611066e-22,2
"APEH",1.14188683154561,0.976159432107149,0.528,0.432666666666667,4.65578426346202e-75,3
"APEX1",1.83002227715961,0.96357145516843,0.75,0.593,1.6495764781245e-97,6
"APH1A",0.906472008598336,0.610588179889488,0.75,0.4722,4.94352905392314e-138,5
"API5",1.14135128786819,0.778913912816375,0.528,0.4645,4.03686754192775e-144,4
"APIP",1.02558669265631,0.652772154766292,0.47,0.417333333333333,3.75787784060923e-114,3
"APLP2",2.00306038587336,1.26737209859972,1,0.739,0,3
"APMAP",2.49281452186545,1.48338859803107,0.547,0.486,5.23097110444388e-84,3
"APOBEC3A",1.31118081234381,1.14572977848071,0.972,0.628666666666667,7.60653565817133e-71,3
"APOBEC3B",1.57090800258984,1.57090800258984,0.288,0.288,5.07773818754457e-88,1
"APOBEC3C",2.21083714379886,1.32701094893978,0.833,0.559,1.47875548486567e-63,5
"APOBEC3F",1.75082694986067,1.75082694986067,0.273,0.273,1.47892412885761e-31,1
"APOBEC3G",3.3551794995296,2.00784318618511,0.894,0.6855,1.28490891533711e-75,4
"APOBEC3H",4.53316947922086,4.53316947922086,0.256,0.256,1.03463829171309e-91,1
"APOL1",0.679909124502077,0.679909124502077,0.291,0.291,2.25006878672914e-13,1
"APOL3",2.02217897570203,1.79468684719419,0.5,0.415,1.77505025438539e-142,4
"APOL6",1.02618191939587,0.782429736260598,0.917,0.5435,1.8833210438146e-09,2
"APOPT1",0.760264549416096,0.516571914317153,0.545,0.3835,1.74239748595995e-76,4
"APP",2.35458824265683,1.58460103537458,0.653,0.5515,2.92372199444764e-271,2
"APPL1",1.72796118527956,1.22752098215094,0.889,0.5544,2.06283136322046e-168,5
"APRT",1.91785153819658,1.34661605132006,1,0.826833333333333,8.72492367553727e-173,6
"APTX",1.2859775342155,1.07124387367459,0.515,0.438,2.81832201046145e-43,2
"AQP3",4.48205975233452,4.3261453657399,0.939,0.701,0,2
"AQP9",2.40582161708588,1.73261505809629,0.589,0.471,1.31109400851572e-237,2
"AQR",0.526777543452715,0.504797357610417,0.473,0.3995,3.67839746581332e-132,2
"ARAF",0.612220304082157,0.501080941175885,0.583,0.4735,7.04005029865805e-117,2
"ARAP1",0.404199767211185,0.404199767211185,0.889,0.889,2.98335627027422e-16,1
"ARAP2",0.969117176652044,0.969117176652044,0.651,0.651,1.0055160606253e-25,1
"ARCN1",1.13510019001142,0.79945075933089,0.818,0.589,7.03753512442031e-153,4
"ARF1",2.62636283408111,1.48243786795462,0.909,0.717,3.75142536705458e-143,2
"ARF3",2.84240214064893,1.32375101589234,0.667,0.497666666666667,1.36089088250934e-183,3
"ARF4",1.69147101849593,0.950514931857724,0.879,0.77,2.85474254979747e-213,3
"ARF5",0.881663754144912,0.668226649988327,0.778,0.585333333333333,4.78570246649512e-148,3
"ARF6",1.21220679554427,0.957218031657653,0.972,0.76325,1.94072727208849e-208,4
"ARFGAP1",0.835860920568126,0.835860920568126,0.348,0.348,4.03976417331289e-24,1
"ARFGAP2",1.30415994451669,0.627086984088916,0.5,0.41525,2.72997307347313e-84,4
"ARFGAP3",1.00491515275869,1.00491515275869,0.848,0.848,7.61070833868747e-49,1
"ARFGEF1",1.90994653272166,1.73764841826093,0.474,0.4695,3.01566973150961e-25,2
"ARFGEF2",1.44906944015776,0.977336634317149,0.444,0.397,2.24003665165664e-147,3
"ARFIP2",0.929027861224156,0.929027861224156,0.394,0.394,3.22212565838062e-20,1
"ARFRP1",1.16800810122328,0.746633835791653,0.389,0.3455,2.13663261859712e-08,2
"ARG1",3.58475683257645,2.65313976941825,0.708,0.563,1.04113366664431e-288,2
"ARGLU1",0.557903796262567,0.530783210130312,0.919,0.634,1.94973574440326e-78,3
"ARHGAP1",0.959703798500547,0.751414504994988,0.611,0.481666666666667,7.32969726545977e-134,3
"ARHGAP15",0.463790349879122,0.367090519866165,0.698,0.4855,1.07103743958817e-68,4
"ARHGAP17",2.03894086197456,1.46731893486295,0.611,0.427333333333333,9.51079001239169e-118,3
"ARHGAP18",5.109351470689,5.109351470689,0.409,0.409,2.11646475134415e-86,1
"ARHGAP21",1.55834706844222,1.0681001572483,0.472,0.3665,4.19356602972939e-122,2
"ARHGAP24",2.03017964959595,1.93489549484342,0.394,0.36,9.80539390192502e-28,2
"ARHGAP25",0.967038094721995,0.967038094721995,0.144,0.144,0.000387645793474777,1
"ARHGAP26",1.68197974352811,1.48673669716408,0.422,0.396,1.00790958211863e-33,2
"ARHGAP30",0.878510154751866,0.592299191935094,0.849,0.440666666666667,9.04115761782589e-15,3
"ARHGAP31",2.98254516309617,2.91798947587694,0.639,0.458,5.84340277564755e-213,2
"ARHGAP35",1.10419829149927,1.10419829149927,0.417,0.417,1.9066303825465e-12,1
"ARHGAP4",1.01592382380943,0.774114201728791,0.346,0.2115,4.2541863798109e-22,2
"ARHGAP42",4.84949765819705,4.84949765819705,0.273,0.273,1.15629164492474e-175,1
"ARHGAP45",0.50707959541121,0.463089578395742,0.203,0.17,1.00976257238969e-25,3
"ARHGAP6",9.09437268713594,9.09437268713594,0.25,0.25,2.66251103930104e-233,1
"ARHGAP9",1.58197256896533,1.20298753868957,0.299,0.2315,1.02110203290446e-08,2
"ARHGDIA",1.38452653622819,0.822860621960384,0.972,0.75925,8.29808599090983e-137,4
"ARHGDIB",1.62693140582316,0.765495610310271,0.965,0.807666666666667,2.83149243228451e-35,3
"ARHGEF1",1.10797837807978,0.539076292400799,0.802,0.40475,2.55780512886635e-58,4
"ARHGEF10L",3.42278781316835,3.22040469727446,0.5,0.3925,1.76788999011549e-264,2
"ARHGEF11",0.610406067478852,0.498587498082954,0.472,0.426,2.08571378953294e-199,2
"ARHGEF12",4.74915553070596,4.74915553070596,0.684,0.684,6.2306788073738e-154,1
"ARHGEF2",1.14577770216739,0.946245169402557,0.168,0.1495,2.00326287007276e-06,2
"ARHGEF3",2.22691514905419,1.53655430489242,0.556,0.4275,4.76036491135496e-110,4
"ARHGEF35",1.88520871516923,1.88520871516923,0.258,0.258,3.21255398849483e-51,1
"ARHGEF7",0.772573117922703,0.617589225975488,0.417,0.345,6.66004473381659e-71,2
"ARID1A",1.0092277734599,0.893103393703029,0.248,0.2175,1.35655520606168e-06,2
"ARID1B",1.01795885878952,0.689825294044131,0.458,0.3195,3.0444921239345e-14,2
"ARID2",1.41884559634214,1.41884559634214,0.285,0.285,5.47367270361334e-06,1
"ARID3A",0.93192588020554,0.698212671434786,0.346,0.274333333333333,3.78223666312844e-08,3
"ARID4A",0.91675178941198,0.678654537590379,0.159,0.1265,1.99655068657592e-18,2
"ARID4B",0.729573391672937,0.724789963213144,0.273,0.2305,3.45736462106593e-14,2
"ARID5A",0.32696145252966,0.32696145252966,0.314,0.314,4.11127911458121e-08,1
"ARID5B",2.08465385739579,1.3772603663441,0.526,0.444,4.38816616498571e-141,3
"ARIH2",1.28393234580358,0.662198657912572,0.652,0.4794,1.69804931446265e-90,5
"ARL1",2.38639683223851,1.80092332823809,0.833,0.549,2.03720513340956e-86,3
"ARL14EP",2.21668166023853,1.35472293350783,0.667,0.4506,1.8314193661755e-92,5
"ARL16",1.02311685883273,0.77438396107427,0.5,0.377,1.36973715301749e-32,2
"ARL2",0.954708527975313,0.810901037458869,0.315,0.297,6.18592576423844e-43,2
"ARL2BP",1.40253047973583,1.29774428737272,0.639,0.481,1.8247279100951e-160,3
"ARL3",0.902001209471882,0.902001209471882,0.472,0.472,2.46473526311513e-15,1
"ARL4A",3.95777508883251,2.47027972403927,0.722,0.572666666666667,1.00817500238649e-212,3
"ARL4C",4.23055805540113,3.95824474578686,0.953,0.9195,0,2
"ARL5A",1.04068685316819,0.838526668452501,0.722,0.51625,2.11559676956575e-149,4
"ARL5B",0.373814344021201,0.373814344021201,0.338,0.338,5.24046630800026e-128,1
"ARL6IP1",0.937985065856191,0.937985065856191,0.651,0.651,1.13298994830931e-14,1
"ARL6IP4",1.0950681083963,0.89380352989048,1,0.837666666666667,5.39260054923099e-135,6
"ARL6IP5",1.85048944006418,0.893263083777186,1,0.8335,3.61386500403876e-75,4
"ARL8B",1.3283229700069,0.796436361357462,0.667,0.545333333333333,1.28982114167072e-202,3
"ARMC1",1.03871124345145,0.739060011179362,0.472,0.393333333333333,5.82892363246443e-67,3
"ARMC10",1.18997023785386,0.905854447592969,0.5,0.38225,3.28609946805032e-102,4
"ARMC6",1.92971283462158,1.92971283462158,0.333,0.333,1.31115873974446e-10,1
"ARMCX3",1.34798406908217,0.81307205867936,0.788,0.573,6.63722736763308e-73,2
"ARMH1",3.29894674763467,3.29894674763467,0.317,0.317,1.25311540925258e-56,1
"ARMH3",1.40734609761216,1.18992900766948,0.306,0.2855,7.79526988433902e-122,2
"ARMT1",0.860072983961574,0.701280522989094,0.528,0.441,5.96982536010545e-124,2
"ARNT",0.514321189662802,0.514321189662802,0.423,0.423,3.22847682851778e-151,1
"ARPC1A",1.08986618675276,0.919354397253565,0.722,0.5815,1.18363693481217e-144,2
"ARPC1B",3.3495779684284,1.38785635459691,1,0.939666666666667,4.86062682842119e-151,3
"ARPC2",0.538289898039475,0.437929574266234,1,0.88825,8.15422734657012e-18,4
"ARPC3",0.975382944803801,0.681467133769793,1,0.974,7.49253336461129e-93,4
"ARPC4",1.00571595073246,0.721070025189649,0.602,0.455666666666667,1.18331343187713e-17,3
"ARPC5",1.24215384906144,0.818898979236144,0.91,0.78825,3.36013495385029e-60,4
"ARPC5L",3.00365406018266,1.53485056643071,0.872,0.588,1.11011774353466e-82,5
"ARPP19",0.585455381553102,0.496611579404885,0.833,0.69,3.52527985676948e-20,2
"ARRB1",1.44586052180129,1.31171137659029,0.694,0.593,3.43768089055592e-313,2
"ARRB2",1.10511198426557,0.681442981431934,1,0.528666666666667,1.24235483939941e-05,3
"ARRDC1",0.511406455082259,0.511406455082259,0.527,0.527,1.32740519563241e-169,1
"ARRDC2",2.53748426616651,1.43010609789442,0.333,0.294,1.15834263929884e-53,2
"ARSA",1.66473241037134,1.07780430621893,0.561,0.489,1.62966986065666e-47,2
"ARSB",0.941938241692214,0.941938241692214,0.285,0.285,3.25545769114263e-158,1
"ARSD",1.50326504669851,1.0396486995704,0.396,0.3925,1.70458432487166e-216,2
"ART4",9.85792300405389,9.85792300405389,0.298,0.298,2.89313647996304e-244,1
"ASAH1",1.15351710502089,1.15351710502089,0.528,0.528,8.27930147647988e-34,1
"ASAP1",1.0237560541608,0.863736004043931,0.325,0.262,0.00122302353227298,2
"ASB3",1.35715288716521,1.35715288716521,0.318,0.318,4.90371492189605e-34,1
"ASCC2",2.11126001215484,1.29059503329593,0.491,0.345333333333333,1.66210208913735e-58,3
"ASCC3",1.88336232840184,1.58207453469296,0.727,0.5425,4.90738286407425e-104,4
"ASCL2",2.20253171495812,1.83911587466962,0.333,0.3035,3.37113071885582e-200,2
"ASF1A",0.931014895731025,0.931014895731025,0.318,0.318,1.08968388413822e-09,1
"ASGR1",5.60680811065177,3.930422256526,0.778,0.7715,0,2
"ASGR2",4.35474145247932,3.14046348839283,0.583,0.5795,0,2
"ASH1L",1.06865649621403,0.599407261794158,0.386,0.238666666666667,1.19725658495883e-21,3
"ASH2L",0.512181543121693,0.402169675964615,0.472,0.3755,5.93146591954082e-07,2
"ASL",0.282712758935125,0.282712758935125,0.348,0.348,3.55541255967814e-13,1
"ASMTL",0.847269319207152,0.847269319207152,0.306,0.306,1.02113204611321e-06,1
"ASNA1",1.33992312606348,1.15269549538532,0.611,0.51375,2.18304713074368e-163,4
"ASNS",1.81232004097793,1.81232004097793,0.348,0.348,5.24485148290381e-59,1
"ASPSCR1",1.5931249335165,1.49832177159676,0.5,0.4305,2.89660835286025e-31,2
"ASRGL1",1.51008436191133,1.51008436191133,0.306,0.306,1.58545337238645e-09,1
"ASXL1",1.41842848895028,1.25975921402651,0.788,0.4715,1.00910822928129e-40,4
"ASXL2",0.417462473636807,0.417462473636807,0.667,0.667,2.54880395865057e-10,1
"ATAD2",3.88463702268003,1.94714607143458,0.394,0.333666666666667,2.15895524405743e-84,3
"ATAD2B",0.677655056676503,0.639370095272952,0.639,0.558,2.6820172364494e-166,2
"ATAD3A",2.66628346986848,2.66628346986848,0.389,0.389,7.12598452657343e-31,1
"ATAD3B",1.77278261835735,1.77278261835735,0.278,0.278,2.26476201999704e-13,1
"ATE1",0.640448034612712,0.640448034612712,0.302,0.302,5.86769084832203e-06,1
"ATF1",0.767777483855117,0.745393042875625,0.472,0.4,1.2788093588698e-102,2
"ATF2",0.74735581946237,0.74735581946237,0.545,0.545,4.7591609090574e-21,1
"ATF3",3.59487629566303,3.59487629566303,0.25,0.25,1.39418314954958e-48,1
"ATF4",0.694026953063483,0.632332607156083,0.939,0.6745,4.89349948943442e-16,2
"ATF5",3.45451022401983,2.97496362877038,0.611,0.5025,4.19007422891997e-53,2
"ATF6",0.318038705277051,0.318038705277051,0.889,0.889,1.27029835313172e-15,1
"ATF6B",0.758083406744559,0.445531039925616,0.556,0.4156,1.20798604099056e-104,5
"ATF7",1.21119030138916,0.966554283459155,0.5,0.409,1.66566142226097e-97,2
"ATF7IP",0.99254251605918,0.707821537914958,0.442,0.311666666666667,0.00211964488367576,3
"ATF7IP2",1.59646222102896,1.1025557632696,0.485,0.33025,2.02680928300103e-52,4
"ATG101",1.7748182570029,1.31728696136626,0.485,0.34675,5.9965257276336e-72,4
"ATG12",0.458282840797017,0.406756921269376,0.117,0.096,3.83417949453504e-35,2
"ATG14",3.60907875639674,2.11318337396961,0.306,0.302,1.08523953397143e-09,2
"ATG16L2",1.16990624695256,1.16990624695256,0.289,0.289,0.0749344114488088,1
"ATG2B",2.01423065608586,2.01423065608586,0.281,0.281,0.000390815645921075,1
"ATG3",0.748108056858473,0.618966488415591,0.944,0.630666666666667,4.78102809891877e-209,3
"ATG4A",0.88126651890428,0.88126651890428,0.303,0.303,1.87071218767285e-23,1
"ATG4B",0.692957062966032,0.668814408051952,0.417,0.363,8.27046349848809e-99,2
"ATG4C",1.14305455396491,0.98641589691554,0.394,0.298333333333333,2.30644696536221e-97,3
"ATG5",1.35637082011897,0.877824915003875,0.652,0.426,2.60005635346909e-47,4
"ATIC",1.0590079432841,1.0590079432841,0.47,0.47,5.24427056574161e-25,1
"ATL3",1.48291056275633,1.23513269788673,0.583,0.448,1.94750396180821e-196,3
"ATM",0.907623359283841,0.632689319586075,0.816,0.716333333333333,3.38841187687861e-102,3
"ATMIN",1.46150024785731,1.06620536446084,0.5,0.393333333333333,1.66780233426441e-131,3
"ATOX1",1.51691027538401,0.978487086451376,0.924,0.6028,1.53506631983408e-218,5
"ATP10A",2.19269292617845,2.19269292617845,0.333,0.333,1.45193538347999e-15,1
"ATP10D",1.21207283821889,0.965721094229498,0.5,0.388,3.59822151974594e-76,2
"ATP11A",1.096087679722,0.880016915410931,0.332,0.2365,1.32648582871441e-07,2
"ATP11B",1.26223548015622,0.953673002766894,0.415,0.308666666666667,3.74547915397926e-16,3
"ATP11C",0.742375907328634,0.742375907328634,0.251,0.251,4.53569165199534e-102,1
"ATP13A1",1.97268763202635,1.72108162136079,0.606,0.464,1.13816790795695e-109,3
"ATP13A3",1.486750325345,1.43253544716604,0.667,0.5735,8.33750334822488e-224,2
"ATP1A1",1.9124435931121,1.42163072720742,0.972,0.65425,1.60970537603047e-256,4
"ATP1B3",2.43479133289921,1.97472847166038,0.833,0.69175,1.86550405554779e-311,4
"ATP2A2",1.9652696797829,1.62234729723615,0.722,0.649,3.75686761259008e-285,3
"ATP2A3",1.28632075296369,0.955695579691315,0.554,0.374,3.2792895680974e-32,3
"ATP2B1",0.637179004817981,0.431849748436686,0.833,0.4474,4.61067611111261e-133,5
"ATP2B4",1.07000064499296,1.07000064499296,0.547,0.547,2.62726024569171e-28,1
"ATP5F1A",1.81095694223236,1.09641479803814,0.944,0.737166666666667,4.32195068001452e-229,6
"ATP5F1B",1.62101901642196,1.20783215105032,1,0.88525,1.46598894589613e-293,4
"ATP5F1C",1.53879622875164,1.07843247549609,0.944,0.723833333333333,4.13496718479489e-232,6
"ATP5F1D",1.33428315913294,1.07710489452907,1,0.8475,2.07482586991466e-205,6
"ATP5F1E",0.60169632315501,0.471419411992544,0.988,0.9125,2.41897654687009e-51,2
"ATP5IF1",1.43901303002922,0.842336776487015,0.872,0.7605,2.39948300694157e-53,4
"ATP5MC1",2.7202073956416,1.5269422655459,0.879,0.608333333333333,1.28515961002608e-124,6
"ATP5MC2",1.47450259903261,1.07387345937156,1,0.928166666666667,2.39705766453267e-213,6
"ATP5MC3",2.42742687328741,1.47445368303822,0.955,0.77,4.51565128048764e-231,6
"ATP5MD",1.23156146177288,0.864879678351496,1,0.751571428571429,1.59582148334181e-149,7
"ATP5ME",1.32400163410969,0.810625038436659,1,0.880833333333333,6.74017194956698e-157,6
"ATP5MF",1.61678161383589,1.17018635435631,1,0.820666666666667,1.84850208780802e-206,6
"ATP5MG",1.20330084618049,0.825277381657073,1,0.944166666666667,5.04678955755585e-115,6
"ATP5MPL",0.82931149794235,0.585227051509305,1,0.975,4.42177289201688e-150,2
"ATP5PB",1.31446903342814,0.891008165379791,0.944,0.8185,1.22277055390342e-237,4
"ATP5PD",1.15695057405406,0.953820003543876,1,0.7775,4.72177345323124e-183,4
"ATP5PF",2.0221509095003,0.970878908131382,0.944,0.681571428571429,9.39613046208894e-144,7
"ATP5PO",1.19795976438323,1.07873629471856,0.894,0.7245,2.49148813139637e-178,6
"ATP5S",1.06823726391462,0.70413477173344,0.472,0.4335,4.02960669321184e-10,2
"ATP6AP1",0.929661835811585,0.535552758905,0.833,0.495,2.66616522586758e-189,4
"ATP6AP2",1.65316344255549,1.34677618653238,1,0.730333333333333,9.7839226967167e-318,3
"ATP6V0A1",0.713869365531748,0.713869365531748,0.272,0.272,0.0288715801344214,1
"ATP6V0A2",0.347290479669842,0.347290479669842,0.25,0.25,0.676620074574348,1
"ATP6V0B",1.3300181691684,0.967415329601764,0.504,0.3985,1.57695953356888e-30,2
"ATP6V0D1",0.841370788459942,0.518504503528967,0.972,0.5635,7.40651351065306e-182,4
"ATP6V0E1",1.29643617509733,0.953956622024011,0.464,0.407,0.373068495039487,2
"ATP6V0E2",3.21126997658528,2.78530743140896,0.279,0.2665,5.0339593565499e-127,2
"ATP6V1A",0.802138920417187,0.802138920417187,0.136,0.136,0.000104077280566267,1
"ATP6V1B2",1.04674657777365,1.04674657777365,0.281,0.281,1,1
"ATP6V1D",0.859495207086347,0.742844625264123,0.722,0.507666666666667,2.63058593653609e-142,3
"ATP6V1E1",0.420323926884408,0.342951286108943,0.806,0.682,1.63187172303113e-09,2
"ATP6V1F",1.53854953874595,0.797146381527478,1,0.634571428571429,1.28525660486596e-241,7
"ATP6V1G1",0.841241272213283,0.476300638055708,1,0.909,2.78231901588159e-92,3
"ATP7A",1.78432663410356,1.78432663410356,0.281,0.281,3.59052941797336e-05,1
"ATP8A1",2.72845610228057,2.72845610228057,0.398,0.398,3.70349360538635e-55,1
"ATP8B2",3.99672259925907,2.88434143919703,0.682,0.466666666666667,6.67117679642351e-256,3
"ATP8B4",4.12323602435952,3.47688244927122,0.691,0.5815,4.31994398229314e-212,2
"ATP9B",0.827571274674886,0.705556997645003,0.417,0.364,4.548988162329e-73,2
"ATPAF1",0.747980124606415,0.601265291324442,0.364,0.307,1.22668721003376e-21,2
"ATPAF2",1.65915652240516,1.65915652240516,0.361,0.361,2.73452047513584e-11,1
"ATR",0.737103174104778,0.737103174104778,0.278,0.278,0.0391724635072358,1
"ATRAID",1.28730211883647,1.0658310615958,0.803,0.533333333333333,4.37207530504144e-76,6
"ATRN",2.20823189548874,2.20823189548874,0.361,0.361,3.55954112052287e-14,1
"ATRX",0.565697402478418,0.526790073493019,0.257,0.2125,7.19692558020069e-23,2
"ATXN1",0.474622046298067,0.474622046298067,0.306,0.306,0.0737218752952623,1
"ATXN10",1.52673678865904,1.28591133477611,0.639,0.50025,1.43463332316504e-155,4
"ATXN2L",0.584285245165571,0.359146660345009,0.667,0.5068,1.65557958667448e-98,5
"ATXN3",0.499597655207055,0.432552274730824,0.583,0.5245,1.76577012935712e-135,2
"ATXN7L3",0.250699751690778,0.250699751690778,0.528,0.528,3.91068205274213e-08,1
"ATXN7L3B",1.30345819820415,1.19922930905891,0.488,0.430333333333333,3.66577409606671e-64,3
"AUH",0.759922949758292,0.759922949758292,0.379,0.379,2.05097782387203e-27,1
"AUP1",1.11770455445209,0.857618884395096,0.742,0.56275,2.00305665595897e-134,4
"AURKAIP1",0.962767781028823,0.639351642465875,0.924,0.6882,2.23734037974219e-132,5
"AVEN",3.14389768714148,3.14389768714148,0.47,0.47,1.41298350558335e-121,1
"AZI2",1.3554340414505,1.07604868626145,0.422,0.303666666666667,3.51763052946137e-16,3
"AZIN1",1.80569473172814,1.05402724431305,0.806,0.5805,4.71038523375749e-18,2
"AZU1",5.81826736159219,5.81826736159219,0.819,0.819,9.83933108640077e-298,1
"B2M",0.876384585772684,0.699791451009441,1,0.999,0,3
"B3GALNT2",2.09550671148819,2.09550671148819,0.288,0.288,2.10084409890987e-35,1
"B3GALT4",0.907493372878196,0.907493372878196,0.472,0.472,1.62283316685209e-11,1
"B3GALT6",1.87909292412984,1.87909292412984,0.333,0.333,1.06814969339617e-07,1
"B3GAT3",1.54367863257454,0.69900323209379,0.444,0.3685,9.3637744013919e-51,4
"B4GALT1",1.32879586918976,0.995639324988555,0.576,0.4605,2.23824047159075e-36,2
"B4GALT3",2.61014765253237,1.54258687504747,0.758,0.430666666666667,1.49161984817674e-95,3
"B4GALT5",1.86595228452186,1.35070486357776,0.723,0.515333333333333,1.32135901150254e-66,3
"B4GALT7",2.01404384400931,2.01404384400931,0.409,0.409,2.84800842052726e-40,1
"B9D1",4.52040044177107,4.52040044177107,0.288,0.288,1.14158865502043e-242,1
"B9D2",0.434355363785942,0.434355363785942,0.333,0.333,2.38309815169177e-08,1
"BABAM1",0.826658155518669,0.694202556506726,0.561,0.431,2.06865558512466e-103,4
"BACH1",1.54466523961351,1.54466523961351,0.399,0.399,9.24250959760137e-27,1
"BACH2",4.97732188738784,4.97732188738784,0.43,0.43,0,1
"BAG1",1.79456104438649,0.967427625541122,0.944,0.71175,6.27976423588767e-126,4
"BAG4",0.861161296216323,0.861161296216323,0.469,0.469,8.13805841430048e-200,1
"BAG5",0.669259477625621,0.4768161317719,0.472,0.3535,1.7972544251048e-83,4
"BAG6",0.744562739185986,0.655103893143815,0.694,0.628,5.40418214450314e-176,2
"BAK1",1.63599910241126,1.21498639970684,0.561,0.447,1.55615665407733e-47,2
"BANF1",1.52995198265944,1.25802586262633,0.833,0.562,2.18113246717949e-131,6
"BANK1",5.51966681482898,5.51966681482898,0.898,0.898,0,1
"BAP1",0.963101357118183,0.684477406247528,0.361,0.306,2.46865924009053e-72,2
"BARD1",2.62732991597283,2.62732991597283,0.261,0.261,1.62776155813102e-28,1
"BASP1",2.24926467657443,2.24926467657443,0.745,0.745,1.9904824718173e-270,1
"BATF",2.10845016960085,2.10845016960085,0.5,0.5,3.56382959469123e-41,1
"BAX",1.45990156816579,0.678722678552315,0.833,0.512,3.99151096213807e-138,6
"BAZ1A",1.15560495206007,0.711484134047012,0.588,0.388,3.69995739128518e-15,3
"BAZ1B",2.221082048773,0.825145959684481,0.639,0.431571428571429,1.11777135391247e-81,7
"BAZ2A",0.898644287895407,0.723686531484019,0.198,0.156,5.058444128723e-16,2
"BAZ2B",1.21830125587896,0.844780837238942,0.575,0.5,3.3629466085078e-22,2
"BBIP1",0.689439023496217,0.689439023496217,0.5,0.5,1.2741687214406e-08,1
"BBOF1",4.04183644236044,4.04183644236044,0.298,0.298,5.06364418457986e-117,1
"BBX",0.431050896899796,0.431050896899796,0.422,0.422,2.72480931727195e-36,1
"BCAP29",0.663536077803909,0.475060515545431,0.33,0.328,4.38323706685089e-67,2
"BCAP31",0.736291726315396,0.565977042242409,0.663,0.49,5.19834001472136e-10,2
"BCAS2",1.40867809405214,0.938638679611719,0.561,0.443666666666667,4.5479559987794e-40,3
"BCAS4",4.21329672404445,4.21329672404445,0.322,0.322,2.40270596875827e-223,1
"BCAT1",1.81701936705241,1.81701936705241,0.667,0.667,7.31949520099386e-63,1
"BCCIP",1.91339445144166,1.48599610803213,0.639,0.49675,1.46954378555028e-120,4
"BCKDK",1.55860835000957,1.20889991601855,0.611,0.473666666666667,4.32877630369048e-215,3
"BCL11A",3.58506241942659,2.56305061640519,0.67,0.4855,0,2
"BCL11B",5.79972381035449,4.21007756976771,0.692,0.6775,0,2
"BCL2",4.15122711704203,2.65251286008774,0.827,0.602,0,2
"BCL2A1",2.0965845972499,2.0965845972499,0.262,0.262,4.18102986618866e-21,1
"BCL2L1",4.40913124159011,2.44702620196267,0.93,0.6395,6.4543385310378e-125,2
"BCL2L12",1.45652432686694,1.45652432686694,0.318,0.318,4.86769426061685e-33,1
"BCL2L13",0.859952024699473,0.790420859590493,0.5,0.419,8.64975201985186e-114,2
"BCL6",1.63056502140555,1.58320541600752,0.608,0.564,1.30558865943705e-128,2
"BCL7A",6.17690114863964,3.35752266079206,0.529,0.4995,0,2
"BCL7B",0.56893529276235,0.508701981533638,0.5,0.385,1.60348282483537e-95,3
"BCL7C",1.37540785499526,0.917519418521279,0.556,0.4275,1.48054400163185e-72,4
"BCL9L",2.78167765656449,1.88185478141495,0.57,0.376333333333333,6.50991423605535e-71,3
"BCLAF1",0.719708919219873,0.546852545398903,0.823,0.455666666666667,1.95426735864707e-133,3
"BCOR",1.01011796690986,1.01011796690986,0.361,0.361,1.2571118414077e-09,1
"BDP1",1.07237383951347,0.688806822783916,0.722,0.4826,2.97674760556239e-93,5
"BET1",1.74502569219662,1.11464187834928,0.606,0.456,1.17535494620295e-56,2
"BET1L",1.87472873017898,1.46634584684618,0.485,0.409,7.82408913351393e-44,2
"BEX2",3.39706892994867,3.39706892994867,0.362,0.362,3.97843596709521e-214,1
"BEX3",6.99931682195014,6.99931682195014,0.538,0.538,1.07110242448697e-294,1
"BEX4",1.01461232805419,0.693927896689048,0.361,0.3365,1.32612307983749e-64,2
"BFAR",1.1872792521347,0.808390885557496,0.667,0.4518,2.88204380577148e-88,5
"BHLHE41",4.32215929315303,4.32215929315303,0.485,0.485,5.27483390103814e-165,1
"BICD1",1.6111376850987,1.6111376850987,0.364,0.364,1.04193070322035e-46,1
"BICD2",0.669280161904053,0.639820215149314,0.302,0.185666666666667,1.16480694181245e-14,3
"BICDL1",3.57039105425348,3.57039105425348,0.267,0.267,1.32817711853476e-52,1
"BID",0.841981554831149,0.841981554831149,0.917,0.917,2.15662084550841e-17,1
"BIK",3.44357454398614,3.44357454398614,0.424,0.424,5.31254088280043e-158,1
"BIN1",2.78359010770308,2.48769972038519,0.663,0.517,1.01265649321004e-233,3
"BIN2",1.68993519044187,0.84199967306959,0.518,0.43,4.67906921095383e-07,3
"BIRC3",2.52891712015385,2.52891712015385,0.76,0.76,0,1
"BIRC6",0.593641402892109,0.40823936019939,0.917,0.592666666666667,4.47123008477051e-166,3
"BISPR",0.534175531777401,0.534175531777401,0.259,0.259,8.91560244893032e-73,1
"BLCAP",0.383473776845653,0.364693610341942,0.5,0.435,8.48001323061752e-93,2
"BLK",6.88661223755119,6.88661223755119,0.577,0.577,0,1
"BLM",1.67318995041155,1.67318995041155,0.5,0.5,8.15723442789533e-64,1
"BLMH",2.87408581875144,2.01113592281366,0.349,0.338333333333333,6.42076741528223e-28,3
"BLNK",5.41273855235909,3.73190982661159,0.697,0.566,0,2
"BLOC1S1",0.975105624642799,0.628315673686722,1,0.65,9.99540675390294e-138,4
"BLOC1S2",0.538133429041003,0.372138981550809,0.722,0.507666666666667,1.95512750732191e-24,3
"BLOC1S4",1.45340101379328,1.22600626392252,0.611,0.412,8.46841274837772e-75,4
"BLOC1S5",1.45414754876454,1.20218328050894,0.303,0.285,1.06568994992108e-09,2
"BLOC1S6",0.503379351548371,0.467109023026136,0.833,0.764,2.22543970517415e-159,2
"BLVRA",2.61721770386885,2.54123336765301,0.972,0.857,0,2
"BLVRB",3.87617101023254,2.90636996981377,1,0.922,0,3
"BMF",2.17174295132596,2.17174295132596,0.472,0.472,4.60736700550569e-29,1
"BMP2K",1.7467211296081,1.12081028039956,0.386,0.334,2.52479046502117e-30,2
"BMP8B",5.21369165995162,5.21369165995162,0.409,0.409,5.47376826682886e-242,1
"BMPR2",1.37035913071054,1.1993331947604,0.556,0.5235,2.42625621559747e-266,2
"BMS1",1.53699117103832,1.20678266180721,0.528,0.448,1.28318409154742e-62,3
"BNIP2",0.531038017794085,0.435933661897168,0.801,0.3845,6.67022006479981e-154,4
"BNIP3",2.36666402912779,2.36666402912779,0.283,0.283,2.62484599970836e-118,1
"BNIP3L",3.17001245869892,1.08934776457996,0.972,0.63575,4.34936267285865e-28,4
"BOD1",1.69053967051458,1.69053967051458,0.417,0.417,8.87416778141661e-14,1
"BOD1L1",1.40919167163028,1.06111541748492,0.49,0.3905,3.27605317672139e-24,2
"BOLA2B",2.46516149122903,2.46516149122903,0.439,0.439,7.54376469584591e-64,1
"BOLA3",2.51807781607331,2.39917240536014,0.576,0.439,5.39447152035708e-60,2
"BOP1",1.44014276991101,1.44014276991101,0.318,0.318,7.34929160186263e-18,1
"BORCS6",1.14372108692651,1.14372108692651,0.302,0.302,2.86790425834283e-10,1
"BORCS7",1.03504391393924,0.77922231085603,0.694,0.484666666666667,6.69197920329251e-152,3
"BORCS8",0.912662626667346,0.912662626667346,0.444,0.444,1.4309841542339e-12,1
"BPGM",5.32534015756738,5.32534015756738,0.789,0.789,3.1165898023317e-137,1
"BPI",5.39038389662642,3.95550308807492,0.976,0.8915,0,2
"BPNT1",1.58022827341243,1.58022827341243,0.303,0.303,3.7021048974944e-17,1
"BPTF",0.49879767470889,0.49879767470889,0.228,0.228,2.52308133669607e-19,1
"BRAF",1.60991661317537,1.60991661317537,0.359,0.359,2.54278926776228e-15,1
"BRAT1",1.25457205898503,1.25457205898503,0.444,0.444,4.23897849989114e-17,1
"BRCA1",3.17581168250377,3.17581168250377,0.281,0.281,1.7866825199659e-69,1
"BRCA2",4.81365345103037,2.93617717040218,0.303,0.286,2.85137474887237e-105,2
"BRCC3",0.538953712916177,0.538953712916177,0.361,0.361,1.57751541767672e-05,1
"BRD1",1.02013348162857,0.863488853625465,0.5,0.381,8.681823435405e-44,3
"BRD2",0.456873740152503,0.425375393829811,0.674,0.4095,5.239840948263e-37,2
"BRD3",0.39513171654787,0.39513171654787,0.454,0.454,8.03788848150711e-139,1
"BRD4",0.868883212486999,0.733558954344997,0.235,0.1855,6.60012459465011e-20,2
"BRD7",1.02603397488991,0.696616685683253,0.944,0.6626,5.2956264956488e-143,5
"BRD9",1.36654440134174,1.02093074728709,0.639,0.4675,1.5829296493996e-55,4
"BRF1",1.75472125605309,1.75472125605309,0.278,0.278,3.85763531010362e-12,1
"BRI3",1.30689483617753,1.03227752487066,1,0.76125,1.48076649375526e-202,4
"BRI3BP",3.35877934693425,1.853897897032,0.5,0.390333333333333,2.01573255184117e-117,3
"BRIX1",1.78564429286278,1.35560693991502,0.561,0.38375,5.31614073058606e-56,4
"BRK1",0.986989377045449,0.733273021858392,1,0.82025,4.04099244752904e-146,4
"BRMS1",0.257886596495841,0.257886596495841,0.583,0.583,5.26288976931893e-08,1
"BRPF1",0.893781264286525,0.893781264286525,0.361,0.361,1.34354331056018e-07,1
"BSDC1",2.22731573991874,2.22731573991874,0.386,0.386,0.000158933643695331,1
"BSG",3.04323454627265,0.968425953320396,0.842,0.5124,9.80087121211746e-183,5
"BST1",1.4870849809189,0.922095894354106,0.73,0.491666666666667,2.7126851457085e-256,3
"BST2",1.38154511409584,1.00578885550203,1,0.8392,1.68846413831879e-251,5
"BTAF1",0.948224445117899,0.660880890524524,0.545,0.447666666666667,1.22825493499037e-132,3
"BTBD1",0.805501169338224,0.525365651576494,0.409,0.37,8.55934086985876e-104,3
"BTBD2",1.01681320879021,1.01681320879021,0.389,0.389,5.17019877248314e-09,1
"BTBD7",0.318968866937082,0.318968866937082,0.443,0.443,1.26023025086596e-113,1
"BTD",1.40650936970799,1.40650936970799,0.25,0.25,4.68022590217105e-07,1
"BTF3",1.88092338538014,1.14171285844809,1,0.956,1.5062994620134e-219,6
"BTF3L4",1.45619400973378,0.911451433131394,0.861,0.51375,1.31240602813907e-187,4
"BTG1",0.825435466745226,0.62903734119013,0.993,0.894,2.31687579397191e-103,3
"BTG2",0.997543527193723,0.568483041895752,0.939,0.469,8.65712090749976e-09,3
"BTG3",1.6804522828131,1.6804522828131,0.273,0.273,4.25579256694835e-21,1
"BTK",0.967681354961693,0.557504962668931,0.833,0.716,2.13566050773275e-89,3
"BTLA",4.20044139811987,2.74207102438309,0.409,0.3715,5.47162573004735e-262,2
"BTN2A2",1.19927617390614,0.743248220467262,0.515,0.384,6.36445972236006e-54,2
"BTN3A2",0.778113037172036,0.560038764330776,0.721,0.26775,1.74537990857865e-33,4
"BTN3A3",0.693544201746724,0.693544201746724,0.384,0.384,1.15441667295883e-13,1
"BUB1",2.95093384104443,2.95093384104443,0.333,0.333,2.07247763276047e-124,1
"BUB3",1.58507339413057,0.879677190700164,0.727,0.4892,1.59987771216613e-56,5
"BUD23",2.23110127208414,1.27618491206605,0.833,0.419,5.57520971296875e-56,5
"BUD31",0.87386318486524,0.788167273603495,0.709,0.4245,1.17945584727729e-23,2
"BZW1",1.25265350642214,0.828755144737179,0.972,0.773,1.32071210770608e-153,4
"BZW2",1.84716429333705,1.6234904362321,0.5,0.405,6.12722903195065e-19,3
"C11orf1",1.37602612517711,1.37602612517711,0.318,0.318,9.28353473456589e-23,1
"C11orf24",2.78914150916989,2.78914150916989,0.712,0.712,6.55475305874061e-100,1
"C11orf58",0.858411649346395,0.647916881054347,1,0.822,2.59114297344799e-111,5
"C11orf80",2.60751431500953,2.60751431500953,0.394,0.394,2.30273530827553e-88,1
"C12orf10",1.54201029685521,1.23424757137107,0.5,0.3734,2.70984427409471e-92,5
"C12orf29",1.13436263538383,1.13436263538383,0.273,0.273,9.89369575249561e-11,1
"C12orf43",1.75755744780316,1.30257830598397,0.303,0.2905,1.24419445388393e-12,2
"C12orf45",2.41197299149665,1.57805368781377,0.621,0.4495,1.79178918224686e-65,2
"C12orf49",1.5655207803418,1.3945812926614,0.5,0.4695,2.99011445105534e-24,2
"C12orf57",2.73308845332945,1.29579129142727,0.849,0.6134,9.91064261254155e-292,5
"C12orf65",2.27890363798128,1.5783496593583,0.561,0.37675,8.96283247322761e-100,4
"C12orf75",4.85161521233991,3.03181393221794,0.826,0.656,1.18783168561052e-127,3
"C14orf119",1.23879383103172,0.874309649494194,0.528,0.420666666666667,1.45477028031346e-28,3
"C15orf39",0.709789372477308,0.709789372477308,0.889,0.889,2.0770525062907e-21,1
"C15orf40",0.530230585578324,0.530230585578324,0.263,0.263,2.38824757431007e-26,1
"C15orf61",1.08397943202849,0.966308521182933,0.379,0.356,7.84083615368502e-15,2
"C16orf58",1.69703310229436,1.69703310229436,0.303,0.303,2.05063879176105e-25,1
"C16orf70",0.625095248188617,0.625095248188617,0.303,0.303,1.12673282880535e-138,1
"C16orf74",2.23197522366201,2.23197522366201,0.424,0.424,9.15119783677051e-53,1
"C16orf87",1.46262543003049,1.21806056843776,0.591,0.38725,6.25953685168275e-70,4
"C16orf91",1.03678534073469,1.03678534073469,0.364,0.364,9.80486507859421e-21,1
"C17orf80",1.4279464971555,1.4279464971555,0.273,0.273,1.38992744068985e-19,1
"C18orf21",1.03093969040529,0.806847038386248,0.348,0.297,9.51155519268406e-80,3
"C19orf12",2.73168682043273,1.71488254593092,0.395,0.3795,5.29287628771285e-39,2
"C19orf24",1.56374174585627,1.34546788366342,0.818,0.5622,1.37919956812418e-123,5
"C19orf25",0.873905804239679,0.747755359426474,0.36,0.321333333333333,7.76248103499967e-34,3
"C19orf33",8.48806431435097,8.48806431435097,0.393,0.393,0,1
"C19orf38",1.44734527835512,1.08989220543398,0.861,0.8035,0,2
"C19orf53",1.6162512853362,1.06834449449534,0.894,0.779,1.1128917710448e-138,6
"C19orf66",0.46415595749648,0.36943526272067,0.694,0.5795,6.04402330269747e-07,2
"C19orf70",1.77821574080528,1.26376589340424,0.833,0.607833333333333,3.01353931598502e-121,6
"C1D",0.662053128327704,0.39228091668194,0.694,0.5115,8.82788536393067e-98,4
"C1GALT1",0.991645829223559,0.857212588700715,0.168,0.1285,3.01904236393568e-14,2
"C1GALT1C1",0.99829962768658,0.849439601785831,0.545,0.453,7.47803229609402e-41,2
"C1QA",7.75527639292754,7.75527639292754,0.333,0.333,4.15187455422594e-112,1
"C1QBP",1.7268650151262,1.37289905734953,0.833,0.655666666666667,2.39404961043714e-120,6
"C1orf122",1.17913102953305,0.915497626746809,0.652,0.479333333333333,8.54927163479035e-37,3
"C1orf123",1.36922621977409,1.04949156753463,0.5,0.364666666666667,1.5547818294483e-58,3
"C1orf131",1.17875073248927,0.828610537454693,0.606,0.39075,1.72557063903537e-55,4
"C1orf162",1.6536586723,1.29497912774932,1,0.757333333333333,1.29622118663698e-313,3
"C1orf174",0.930643919478038,0.930643919478038,0.333,0.333,1.74107215394346e-06,1
"C1orf21",6.42362933413114,6.42362933413114,0.372,0.372,5.16214094241241e-244,1
"C1orf35",1.37945705093479,1.37945705093479,0.267,0.267,3.82653010875997e-06,1
"C1orf43",1.3615475072514,1.0330106780413,0.917,0.746,3.72064592552474e-185,3
"C1orf52",0.666920947464465,0.530575219060243,0.472,0.363333333333333,1.85427615070419e-25,3
"C1orf56",0.830558152201198,0.722631636296279,0.535,0.4775,1.92165390063525e-51,2
"C2",3.4905833719405,3.4905833719405,0.25,0.25,9.43105112877878e-23,1
"C20orf194",2.25334802157143,2.25334802157143,0.389,0.389,6.76914882090349e-19,1
"C20orf27",2.80762654806455,1.88524935743846,0.639,0.542,8.13652272032864e-267,3
"C21orf2",2.2183747920794,2.2183747920794,0.576,0.576,2.71943840340847e-59,1
"C21orf58",4.38904889966407,4.38904889966407,0.253,0.253,3.58377604470209e-80,1
"C21orf91",1.5017315192613,0.942091295893071,0.545,0.373666666666667,2.38135882768561e-40,3
"C22orf39",0.565075298709184,0.480578474238473,0.444,0.3675,6.18233485567966e-05,2
"C2CD2L",1.40399300524006,1.15660204656939,0.5,0.389,7.449417442112e-130,2
"C2CD5",0.710209500712421,0.624671021433379,0.361,0.332,7.8203820349947e-103,2
"C2orf74",1.31483865887575,1.31483865887575,0.379,0.379,6.40865392283848e-28,1
"C2orf88",9.00284228550659,9.00284228550659,0.514,0.514,0,1
"C3AR1",3.27908430050989,2.12323548372665,0.944,0.625333333333333,2.03911020295721e-229,3
"C3orf38",0.956793412571625,0.798067380268259,0.444,0.353666666666667,7.26017673211746e-86,3
"C3orf58",1.4362785937104,1.359583389638,0.694,0.555,1.98559296767842e-175,2
"C4orf3",0.797477045803587,0.797477045803587,0.242,0.242,4.94623263705899e-15,1
"C4orf48",1.01851090947259,0.784095856945221,0.972,0.666,2.76928446304451e-242,3
"C5AR1",2.12347627834557,2.12347627834557,0.498,0.498,2.19047344915965e-110,1
"C5orf15",1.34871188943935,1.33306266083306,0.5,0.4305,9.88740399812369e-155,2
"C5orf22",1.04258190431315,1.04258190431315,0.25,0.25,0.00106807418941293,1
"C5orf24",1.1735786334041,0.629399136939309,0.778,0.478,3.44299556831351e-101,4
"C5orf51",0.56969495298565,0.56969495298565,0.303,0.303,3.59265521294985e-12,1
"C6orf106",0.752986204039311,0.548882825959119,0.528,0.40525,4.82531931514922e-77,4
"C6orf120",1.21041272078525,0.869155555018027,0.611,0.459,2.07344411148767e-102,2
"C6orf203",1.33743837619534,1.33743837619534,0.303,0.303,1.64716413109e-17,1
"C6orf226",1.4096585946712,0.833714646774063,0.361,0.310333333333333,1.12695937161642e-06,3
"C6orf48",2.10702638819538,1.36069742469001,0.861,0.6745,5.42687474657933e-168,4
"C6orf62",0.959030159630697,0.736620025294111,0.247,0.2185,1.71765916220877e-07,2
"C7orf26",0.930931584188826,0.930931584188826,0.333,0.333,1.37776484663612e-08,1
"C7orf43",0.541468583271451,0.541468583271451,0.25,0.25,5.49746191530319e-07,1
"C7orf50",0.858730085090468,0.62173339453735,0.556,0.445,6.17185850773239e-71,2
"C8orf33",1.7815145426072,1.03669266878361,0.5,0.392,1.7458518268827e-40,5
"C8orf59",1.63550352988141,1.25484920575302,0.939,0.754333333333333,7.21236415005201e-153,6
"C8orf76",1.07179550622692,1.02577814267326,0.409,0.3575,1.2290191025092e-22,2
"C8orf82",0.853748882568141,0.768559934470371,0.379,0.356,5.59999790414767e-15,2
"C9orf16",3.2045492736289,1.49688767259492,0.872,0.571,3.29229239267916e-29,3
"C9orf72",0.523614943936658,0.523614943936658,0.944,0.944,3.90037085980452e-20,1
"C9orf78",1.72207748671037,0.997865451019032,0.789,0.616,1.68398315232154e-55,4
"C9orf85",0.83879262228504,0.83879262228504,0.306,0.306,0.000801726539157265,1
"CA1",10.1622351564687,10.1622351564687,0.877,0.877,0,1
"CA2",5.75259403971063,4.90183969402764,0.474,0.3715,9.66674734245745e-132,2
"CA5B",1.94985456805433,1.34076729531684,0.326,0.308333333333333,4.75409441635368e-67,3
"CAAP1",0.945064912655064,0.945064912655064,0.394,0.394,2.18794314883094e-19,1
"CACYBP",1.15337026458245,0.825654287903185,0.722,0.472333333333333,1.82541004375787e-54,6
"CADM1",6.49869287159652,6.49869287159652,0.364,0.364,0,1
"CALCOCO1",1.23213211292925,1.23213211292925,0.333,0.333,0.157447378628024,1
"CALCOCO2",1.00147622282021,0.82330155420763,0.861,0.675,4.70906016887947e-214,3
"CALHM2",3.45523102310959,3.37250251550456,0.667,0.491,1.83406371280132e-218,2
"CALHM6",2.367225168355,1.64507315135848,0.833,0.624333333333333,1.03138347708717e-160,3
"CALM1",1.63823572294456,1.10941776478044,0.988,0.86,1.0115010752985e-62,5
"CALM2",1.22236132277246,1.03915626320853,1,0.9795,3.34760090193199e-115,2
"CALM3",4.52678424604446,4.52678424604446,0.841,0.841,6.8241935953117e-179,1
"CALR",3.75510260322969,1.7053574673992,0.97,0.715166666666667,1.64327186338303e-147,6
"CALU",2.68412127756886,1.68854463076072,0.788,0.47375,3.23413384809639e-148,4
"CAMK1",4.32327969072406,3.8610196328103,0.833,0.5565,1.06613724124311e-222,2
"CAMK1D",1.3275252824656,1.3275252824656,0.265,0.265,1.83384957735078e-08,1
"CAMK2D",3.04877400558036,2.41276272113955,0.667,0.4855,3.21311300659808e-96,2
"CAMK4",5.77770052399747,3.78262676763142,0.532,0.3995,0,2
"CAMKK2",1.13940958406273,0.955068480560652,0.415,0.29,1.66028537496446e-10,2
"CAMLG",0.706536594216207,0.605243739201898,0.583,0.4625,6.93267375444271e-48,4
"CAMP",6.32710820222174,3.43015262073974,0.87,0.5635,0,2
"CAMSAP1",1.33913753136492,1.33913753136492,0.361,0.361,1.37189752670093e-12,1
"CAMTA1",3.73487285146207,1.2461255343625,0.667,0.474,3.73727144232574e-23,4
"CAND1",1.21285007173395,0.896290035930462,0.682,0.5164,1.11437091937953e-102,5
"CANX",2.80985427440781,1.44959432781744,0.97,0.8098,5.14781763071262e-228,5
"CAP1",1.19364240634065,1.13975988585851,0.924,0.847,3.15494589254235e-124,2
"CAPG",1.73444133592585,1.23900131102278,0.917,0.6425,0,4
"CAPN1",3.26948733113152,1.7715171081092,0.694,0.498,4.24703902326416e-11,2
"CAPN10",1.15327883804275,1.15327883804275,0.278,0.278,2.12396754963187e-06,1
"CAPN15",1.24045606597475,0.792766457297402,0.333,0.2955,2.96068116289469e-09,2
"CAPN2",1.91702119155529,1.35085342598456,0.889,0.82625,0,4
"CAPNS1",1.87099532272041,1.75771847195865,1,0.9525,0,2
"CAPRIN1",1.164324849452,0.850294649051476,0.833,0.651666666666667,2.67805431857584e-190,3
"CAPZA1",0.636055254522041,0.495546134246674,1,0.769,1.03513106939338e-05,2
"CAPZA2",1.87243910994129,1.87243910994129,0.462,0.462,3.04150685882999e-11,1
"CAPZB",1.61506940478909,0.835639701805866,0.535,0.500666666666667,9.61284710324213e-05,3
"CARD11",2.6308935223404,2.6308935223404,0.302,0.302,3.11779717895153e-27,1
"CARD16",0.356796190667439,0.356796190667439,0.19,0.19,0.0105399849838213,1
"CARD19",4.36815150642686,4.36815150642686,0.42,0.42,2.03209180990194e-58,1
"CARD6",0.452738655347383,0.385278750194694,0.472,0.4075,3.97197910511058e-163,2
"CARD8",1.28402095918299,1.28402095918299,0.202,0.202,1,1
"CARD9",1.79831084436187,1.79831084436187,0.306,0.306,1.10063547273472e-11,1
"CARHSP1",0.831316597432376,0.557031010291824,0.758,0.635,2.78129643762989e-20,2
"CARM1",2.61527405258359,1.79083628689857,0.439,0.379,2.76024059399529e-28,3
"CARMIL1",2.29172033145527,2.29172033145527,0.273,0.273,8.93199918949046e-35,1
"CARNMT1",1.13330877099888,1.13330877099888,0.278,0.278,6.36849809035704e-05,1
"CARS",0.51109570018368,0.469282820825996,0.472,0.3655,1.74390415522298e-24,2
"CARS2",0.274111774197651,0.274111774197651,0.464,0.464,2.75152689074084e-129,1
"CASC3",0.38898004155947,0.38898004155947,0.694,0.694,2.20714169026468e-14,1
"CASK",2.28035297418268,2.28035297418268,0.263,0.263,7.37885619639452e-97,1
"CASP1",0.959583535303035,0.614223553700143,1,0.681333333333333,1.86947351496165e-173,3
"CASP10",0.893422200304209,0.893422200304209,0.727,0.727,1.73208374700171e-39,1
"CASP2",0.3098324172331,0.3098324172331,0.326,0.326,2.91977595737283e-05,1
"CASP3",1.29692097786033,1.19465744713549,0.848,0.668,1.04206222365067e-59,2
"CASP4",1.29191744956428,1.12607228192602,0.412,0.3445,9.52794491379415e-07,2
"CASP6",0.828197549033313,0.828197549033313,0.258,0.258,1.4948667846748e-11,1
"CASP7",1.66788677307615,1.65342329372325,0.439,0.4,2.64666728047364e-39,2
"CASP8",1.0558840121798,0.816746887176979,0.686,0.332,8.16955435010648e-13,3
"CASP8AP2",0.943771164636688,0.943771164636688,0.319,0.319,9.17400586863927e-47,1
"CAST",1.22722486247236,0.964957032811973,0.972,0.866,1.31427599075177e-200,3
"CAT",2.03414689906492,1.4614978715017,0.806,0.5938,3.63370391266867e-263,5
"CATSPER1",1.2476267995926,1.2476267995926,0.306,0.306,1.83683995088734e-12,1
"CAV1",7.43402807880616,7.43402807880616,0.455,0.455,0,1
"CAVIN2",8.60232555534711,8.60232555534711,0.857,0.857,0,1
"CBFA2T2",0.430912689223452,0.430912689223452,0.333,0.333,0.00935225511247612,1
"CBFB",0.970338453663885,0.79011175912615,0.611,0.5155,2.7070101236048e-119,2
"CBL",1.40427412703126,0.712396217070671,0.326,0.216333333333333,4.76719435954149e-16,3
"CBLB",3.19669611684422,2.50917358985418,0.535,0.3965,2.96694354042689e-62,2
"CBLL1",0.700713899298866,0.502214259385589,0.639,0.4475,3.48745243261106e-15,2
"CBR1",1.82703637220597,1.21445168474734,0.694,0.49175,6.47974400807626e-210,4
"CBR4",0.568852490727594,0.568852490727594,0.267,0.267,0.00187301277542192,1
"CBWD1",0.864263563227702,0.693179939097275,0.712,0.635666666666667,5.10095063273256e-196,3
"CBWD2",2.1670777738735,1.67331947465998,0.444,0.399,4.32539909995056e-228,3
"CBWD5",0.696477720152503,0.696477720152503,0.636,0.636,9.95997361013938e-27,1
"CBX1",0.457189787385264,0.457189787385264,0.261,0.261,1.40590569089394e-15,1
"CBX3",0.882650713026878,0.57755136614446,0.944,0.802,1.30273088494273e-10,3
"CBX4",0.526653393884389,0.526653393884389,0.277,0.277,1,1
"CBX5",2.92505452057516,1.37956762913934,0.621,0.4252,3.59623852777661e-38,5
"CBX6",0.637449240147714,0.524007895730939,0.682,0.639333333333333,2.21282284840045e-166,3
"CC2D1A",0.755617209176166,0.628937946517095,0.333,0.2985,1.16467818015148e-110,2
"CCAR1",1.11770172227015,0.77961494911427,0.788,0.6435,6.98010892272393e-170,4
"CCAR2",1.08577232666107,1.08577232666107,0.278,0.278,0.000928307803399678,1
"CCDC107",2.47532766020683,1.34796941795279,0.593,0.413,6.72434386327073e-41,5
"CCDC112",0.534529383312387,0.389623674709227,0.485,0.428,5.14238316318209e-101,3
"CCDC115",1.28723983493322,0.744764316780403,0.361,0.308333333333333,1.0997888117888e-40,3
"CCDC117",1.83193297341224,1.32428779234077,0.667,0.4705,2.54945095314843e-77,2
"CCDC12",1.59356197528833,1.03958860246106,0.833,0.641166666666667,1.15994577036858e-113,6
"CCDC124",1.79921662351813,1.45606203255153,0.53,0.398,4.9929660784067e-96,4
"CCDC125",2.87504847475453,2.87504847475453,0.498,0.498,2.782126793688e-104,1
"CCDC127",1.12685967707676,1.12685967707676,0.318,0.318,1.79581420504079e-19,1
"CCDC130",0.654245550645591,0.654245550645591,0.417,0.417,9.77876743530485e-06,1
"CCDC137",1.10085285054753,1.10085285054753,0.267,0.267,4.50729557343879e-06,1
"CCDC14",3.89945690661683,2.53679055984664,0.353,0.3275,3.4277961999041e-62,2
"CCDC144A",0.533540250865328,0.533540250865328,0.25,0.25,0.00739677435976025,1
"CCDC149",2.30086771856727,2.30086771856727,0.25,0.25,9.43305463219742e-09,1
"CCDC159",0.74672182548459,0.651947599569935,0.444,0.3965,3.99146593949945e-164,2
"CCDC167",4.13057052447529,3.37708842321538,0.894,0.668,4.21114225799425e-160,2
"CCDC174",0.857321292113338,0.662491979240841,0.372,0.314,1.88835862616672e-19,2
"CCDC186",1.01412681419845,1.01412681419845,0.164,0.164,0.0426420492860282,1
"CCDC22",0.866466398178298,0.866466398178298,0.278,0.278,0.00750520001777233,1
"CCDC25",2.01389351502607,1.26088570750489,0.606,0.4288,3.06303810511485e-44,5
"CCDC28B",3.17585686670048,3.17585686670048,0.407,0.407,1.5778278330719e-63,1
"CCDC32",2.140443002197,1.46477253591108,0.864,0.564,1.02265206703842e-90,3
"CCDC43",1.57982019536198,1.24125593601943,0.409,0.384,6.35095461663307e-157,3
"CCDC47",1.07818412796546,0.765307537850272,0.778,0.645666666666667,1.21021318828219e-142,3
"CCDC50",2.74547939733956,1.6805833614509,0.742,0.5375,2.54369576787887e-113,4
"CCDC57",1.07271284489877,0.715159201835592,0.485,0.373333333333333,3.22348705737312e-50,3
"CCDC59",1.21759847084706,0.749141032404669,0.833,0.5524,6.95388316204145e-42,5
"CCDC6",1.71168512822327,1.24842879807763,0.611,0.483333333333333,9.87073686830902e-174,3
"CCDC66",2.00632319966168,1.25698723334759,0.528,0.432,1.35920796051755e-125,4
"CCDC69",0.955395742392926,0.653125631174415,0.819,0.372666666666667,8.93734238030711e-194,3
"CCDC71",1.94779709697398,1.94779709697398,0.278,0.278,1.73765728896925e-17,1
"CCDC82",0.614320998916524,0.614320998916524,0.465,0.465,3.05238767149881e-08,1
"CCDC84",0.766335183411659,0.766335183411659,0.252,0.252,1.91029917148362e-24,1
"CCDC85B",2.21504447494426,1.32104513415874,0.884,0.5836,4.97370474712585e-65,5
"CCDC88A",3.79946202356379,2.31746293770053,1,0.739,0,3
"CCDC88B",0.788247731443148,0.727113114736235,0.466,0.35,1.02938809982076e-11,3
"CCDC88C",2.05638385222778,1.16870780779574,0.674,0.525,2.20825737618386e-91,4
"CCDC90B",1.10728638449036,0.832971112110325,0.606,0.480333333333333,5.91445135764842e-28,3
"CCDC91",1.83923703756832,1.08514622808224,0.47,0.3582,1.12525336224857e-36,5
"CCL3",2.80095676067359,2.80095676067359,0.389,0.389,4.13297138885432e-27,1
"CCL4",3.45000054978441,3.45000054978441,0.779,0.779,8.74799111511994e-273,1
"CCL5",5.49622073112032,4.54214746484857,0.942,0.8925,0,2
"CCM2",0.593642090967122,0.456340622578317,0.558,0.331,4.92966812858869e-22,2
"CCNC",2.50380394174881,1.17094733128124,0.894,0.4554,8.69627507618325e-98,5
"CCND2",2.06633938052345,1.68524320282873,0.712,0.53675,1.66429251454122e-224,4
"CCND3",2.24013823869287,1.06128608445053,0.919,0.668,4.49579403847326e-20,3
"CCNDBP1",0.891866904855566,0.791854889780173,0.649,0.350666666666667,1.47501181115391e-10,3
"CCNI",0.310474616224769,0.310474616224769,0.659,0.659,1,1
"CCNL1",1.62908262177292,0.979817079701254,0.479,0.441,5.49905284577619e-10,2
"CCNQ",0.3083019266184,0.3083019266184,0.258,0.258,3.80044235334781e-05,1
"CCNY",1.03028233185529,0.872953481581971,0.861,0.7905,1.57945256569409e-253,2
"CCNYL1",1.6681060258195,1.6681060258195,0.361,0.361,9.52180721490595e-18,1
"CCPG1",1.59759631263397,1.05793293083817,0.741,0.427666666666667,1.03722623712148e-58,3
"CCR1",1.4653941538887,1.35087597760972,0.944,0.9185,0,2
"CCR10",5.24892428151028,5.24892428151028,0.455,0.455,0,1
"CCR2",5.04733707872636,2.80946426325034,0.716,0.588666666666667,0,3
"CCR5",5.47422844269304,5.47422844269304,0.314,0.314,2.00190204638942e-171,1
"CCR6",4.06902171736729,4.06902171736729,0.274,0.274,1.1518516319122e-212,1
"CCR7",3.13172198464639,2.83987710126085,0.67,0.5875,1.76110608540901e-316,2
"CCS",2.22870255890717,1.28692266049559,0.404,0.317,2.5746472957073e-35,3
"CCSAP",0.503303900758125,0.503303900758125,0.306,0.306,1.65997396695742e-08,1
"CCSER2",1.70087162647132,1.56902415088546,0.535,0.4845,4.62410384357712e-108,2
"CCT2",1.88782713939236,1.46386310244434,0.803,0.5145,9.32843544931266e-56,6
"CCT3",1.74223575569126,1.4028934444796,0.972,0.6975,7.87620161887318e-101,6
"CCT4",1.44609551489994,1.11262296161129,0.889,0.5475,4.64956764576606e-114,6
"CCT5",1.68869531771294,0.878093293093877,0.944,0.640833333333333,6.86268014727298e-203,6
"CCT6A",1.66076608738769,1.24453564128113,0.861,0.614,4.17632438841762e-199,6
"CCT7",1.59463157913462,1.2222455953193,0.758,0.5545,9.19367581826439e-79,6
"CCT8",1.6915946681913,1.22500119549639,0.944,0.669333333333333,2.65343676298287e-199,6
"CCZ1B",0.807984356002621,0.804837549143403,0.389,0.322,7.2857787226423e-81,2
"CD101",1.33991960971477,1.33991960971477,0.361,0.361,2.455072418896e-14,1
"CD14",2.8162843910718,2.6133168169096,1,0.982,0,2
"CD151",5.16841983624338,2.84276899817307,0.667,0.4765,6.19365686878259e-42,2
"CD163",3.94191980183742,3.58944495812487,1,0.969,0,2
"CD164",1.24994051795583,0.677006278536715,0.944,0.7595,2.07421839410784e-141,4
"CD177",4.78024139614593,4.78024139614593,0.641,0.641,0,1
"CD180",3.56283208783063,1.75875807732097,0.556,0.4115,1.50833735073157e-140,4
"CD19",4.5061810504351,2.8315133568737,0.439,0.375,2.51506817334603e-267,2
"CD1D",2.56191969569735,2.10677210946365,0.667,0.6255,0,2
"CD2",4.4561273243632,4.4200320590817,0.907,0.833,0,2
"CD22",5.78015154841857,5.78015154841857,0.687,0.687,0,1
"CD226",6.25868437652545,3.48719044243797,0.335,0.3305,2.87536315757945e-153,2
"CD24",4.1989397777787,3.71111818997892,0.952,0.921,1.85194963446752e-264,2
"CD244",4.2618210524773,4.2618210524773,0.256,0.256,2.76772609402074e-61,1
"CD247",4.59075097521097,4.27722374974642,0.837,0.743,0,2
"CD27",4.43385098417364,3.54100057182916,0.894,0.621,0,3
"CD28",5.69102208356907,5.69102208356907,0.252,0.252,9.02470463349022e-236,1
"CD2AP",2.34823334261997,0.965343619422688,0.528,0.3822,1.62273799609551e-69,5
"CD2BP2",1.31797466747654,0.802567701841743,0.773,0.617,4.8806503757732e-88,4
"CD300A",1.09042583090098,0.72471376707729,0.861,0.5585,1.7390903883883e-31,2
"CD300C",2.18653443994413,2.18653443994413,0.25,0.25,2.62725205295947e-08,1
"CD300E",3.48733645905434,3.27620378955,0.944,0.716,0,2
"CD300LB",1.73944957636489,1.5330044697851,0.389,0.324,5.48213000465667e-203,2
"CD302",1.92071935523949,1.2803388098473,1,0.727333333333333,0,3
"CD320",3.13593520198911,3.13593520198911,0.727,0.727,1.52072306751207e-146,1
"CD33",3.1781818697299,2.61521820857453,0.778,0.7685,0,2
"CD36",3.94308301854389,2.79409034811361,0.944,0.763333333333333,0,3
"CD37",2.74777449232261,2.74777449232261,0.99,0.99,0,1
"CD38",4.90437482791966,3.79373887388871,0.955,0.7215,4.10659318583286e-212,2
"CD3D",4.58889198894312,4.3106669446313,0.91,0.856,0,2
"CD3E",5.23623168682131,4.20887434758022,0.883,0.8545,0,2
"CD3G",4.89225830923677,4.38690161282772,0.908,0.861,0,2
"CD4",2.84825663501365,2.43819883521314,0.917,0.582333333333333,7.43731554846066e-261,3
"CD40",5.5544594851649,5.5544594851649,0.459,0.459,0,1
"CD44",1.14446585687056,0.721830972009048,1,0.6075,3.53122963039402e-223,4
"CD46",1.29308110846486,0.992526847515216,0.435,0.344,1.50562958602898e-09,2
"CD47",0.964743774080642,0.769103348301796,0.849,0.6835,6.81518783865432e-15,2
"CD48",1.49699865499776,1.06783310524023,0.955,0.9136,1.08750128898409e-146,5
"CD52",3.1263306328569,2.28893406236623,0.971,0.937666666666667,0,3
"CD55",1.33428744278007,0.988423427866495,0.358,0.274,6.45284753491451e-11,2
"CD59",2.43451254299312,1.41865360827798,0.398,0.357,2.81023486840505e-63,2
"CD6",4.65400065691337,3.94908705631265,0.512,0.4705,0,2
"CD63",1.88545372751466,1.14180024239284,1,0.80975,5.20915606366671e-57,4
"CD68",3.05653360858427,2.43957850482552,1,0.745666666666667,0,3
"CD69",3.09232954326456,1.91455519760319,0.468,0.3795,3.85243126757285e-242,2
"CD7",4.30110507581289,3.96127188722835,0.814,0.672,0,2
"CD72",5.2380199867792,5.2380199867792,0.366,0.366,0,1
"CD74",3.67972205445509,1.87492451973285,1,0.994333333333333,0,3
"CD79A",5.86257594456255,3.29430259461633,0.971,0.925,0,2
"CD79B",5.61460872999789,5.61460872999789,0.959,0.959,0,1
"CD81",3.02660125472586,1.50815502142691,0.872,0.7852,0,5
"CD82",0.493095060790842,0.493095060790842,0.357,0.357,1.63646501947324e-06,1
"CD83",1.63713187045085,1.63713187045085,0.306,0.306,4.70807458870784e-10,1
"CD84",1.96923825462497,1.23714960115515,0.472,0.4045,3.05142659913907e-105,4
"CD86",3.78406996185936,3.12012831363629,0.861,0.773,0,2
"CD8A",6.08121396339915,6.08121396339915,0.698,0.698,7.9059367836702e-312,1
"CD8B",5.202267748722,5.202267748722,0.57,0.57,3.35911773340936e-211,1
"CD9",5.13041850057956,5.13041850057956,0.368,0.368,3.67495309427138e-150,1
"CD93",1.21870230189435,1.21870230189435,0.34,0.34,1.50118642001683e-10,1
"CD96",3.29361713219194,3.1992767310114,0.628,0.513,3.08616437519212e-259,2
"CD99",3.75123638806341,1.64328815836879,0.942,0.7702,5.07666098406684e-249,5
"CDA",1.67089617443372,1.07524805944542,0.558,0.4655,2.83905362640874e-46,2
"CDC123",0.601603630813476,0.601603630813476,0.419,0.419,1.91306058210512e-07,1
"CDC14A",2.80482065244254,2.80482065244254,0.49,0.49,1.3657747828938e-198,1
"CDC16",1.01215338653789,0.877886080934635,0.5,0.414333333333333,8.07109488319555e-74,3
"CDC23",2.09636375387783,1.69702500364521,0.333,0.318,2.76916232007395e-20,2
"CDC25B",2.51434146138948,2.07624346273125,0.47,0.389333333333333,6.61460251136355e-102,3
"CDC26",1.09124757304037,0.753916857872597,0.682,0.4305,1.12906555183045e-47,4
"CDC27",2.29329210381589,1.03392583309237,0.417,0.345,2.04757515587058e-06,3
"CDC34",3.62209020018378,3.62209020018378,0.632,0.632,9.81892989768877e-55,1
"CDC37",1.27015177028027,0.790448820164284,0.972,0.558166666666667,1.61367571991321e-151,6
"CDC37L1",0.451244643034304,0.451244643034304,0.348,0.348,8.15071551546006e-17,1
"CDC40",0.75110791846415,0.398734979518944,0.833,0.51975,4.68052383430632e-105,4
"CDC42",0.591754389673333,0.470221841088159,1,0.877,1.56207663138928e-11,2
"CDC42BPB",1.76372219300039,1.76372219300039,0.389,0.389,4.10118661939172e-14,1
"CDC42EP2",1.05796362646293,1.05796362646293,0.417,0.417,1.6704268846804e-28,1
"CDC42EP3",1.39374762222406,1.23711198551553,0.524,0.455,3.83943726404604e-60,2
"CDC42SE1",0.818508259154625,0.818508259154625,0.238,0.238,2.92979153128964e-06,1
"CDC42SE2",0.442017283148121,0.371499282526095,0.222,0.2155,2.51300124866119e-22,2
"CDC5L",0.4702132280792,0.440998703445765,0.593,0.558,6.49334973333498e-137,2
"CDCA7L",2.67950500823955,2.34109493596744,0.299,0.294,5.2017777759714e-118,2
"CDH23",1.06767642670545,1.06767642670545,0.278,0.278,2.57621095711126e-14,1
"CDIP1",0.558574413840122,0.558574413840122,0.318,0.318,1.89109753150056e-38,1
"CDIPT",0.416013508489049,0.416013508489049,0.667,0.667,1.60995220227337e-14,1
"CDK10",0.856041432454001,0.856041432454001,0.278,0.278,4.3387549479711e-05,1
"CDK11A",0.825610238761356,0.796959457099272,0.43,0.342333333333333,8.20648776817954e-41,3
"CDK11B",1.22561946433495,0.725102954178046,0.57,0.398666666666667,2.49294602848798e-35,3
"CDK12",0.79785471515579,0.79785471515579,0.077,0.077,1.38019720888937e-18,1
"CDK13",0.688827497825123,0.688827497825123,0.126,0.126,1.00247820455052e-20,1
"CDK16",0.270134335529077,0.270134335529077,0.25,0.25,0.172041384607692,1
"CDK2AP2",2.20341513225581,1.38270153370867,0.879,0.6405,9.15255893285292e-71,4
"CDK4",1.54608931577583,1.46378661329689,0.455,0.408,1.12039201981156e-30,2
"CDK5",1.25011586005089,1.25011586005089,0.318,0.318,1.00080255876368e-17,1
"CDK5RAP1",1.20810892457804,0.790426599760741,0.361,0.332,3.6927377258903e-09,2
"CDK5RAP3",0.476977795042544,0.476977795042544,0.697,0.697,4.20388736936325e-28,1
"CDK6",3.22435975866215,1.89159601303664,0.583,0.44175,1.38454879037379e-94,4
"CDK9",0.74078681041049,0.51358440963775,0.269,0.2625,2.49841811204701e-61,2
"CDKN1A",1.35579395970299,1.35579395970299,0.417,0.417,2.29643281360792e-17,1
"CDKN1B",0.848027482376622,0.493379157296693,0.479,0.315666666666667,1.65848050419599e-49,3
"CDKN2A",3.76572615628571,3.76572615628571,0.439,0.439,9.71589656580295e-121,1
"CDKN2AIPNL",1.66421799881077,1.66421799881077,0.379,0.379,2.94943205717422e-23,1
"CDKN2B",2.70222524840871,2.70222524840871,0.258,0.258,3.35014764354815e-214,1
"CDKN2C",1.51497304063992,1.51497304063992,0.364,0.364,3.0163169414623e-45,1
"CDKN2D",2.99003041887415,2.99003041887415,0.717,0.717,1.05327646331834e-81,1
"CDR2",1.09729617639222,1.09729617639222,0.333,0.333,8.30838804618209e-24,1
"CDV3",1.06987417351433,0.85383234832393,0.985,0.91575,3.1492110003185e-196,4
"CDYL",0.744406633410059,0.705143605047029,0.457,0.368,2.30022094642279e-130,2
"CEACAM1",4.0133289271597,2.6672999821363,0.615,0.438,1.27357678222513e-299,2
"CEACAM6",6.80593775633123,6.80593775633123,0.743,0.743,0,1
"CEACAM8",4.36119513497367,4.07979323746765,0.936,0.8835,0,2
"CEBPA",1.91454205852454,1.79948108312764,0.75,0.658,0,2
"CEBPB",1.56770492622976,0.909007069838607,1,0.568,1.41822272309409e-41,3
"CEBPD",1.50653190499078,1.24838492852404,1,0.859333333333333,5.82266289820302e-173,3
"CEBPE",3.66238519470839,3.66238519470839,0.293,0.293,3.36915409076164e-112,1
"CEBPG",2.10422471058726,1.55503017642749,0.694,0.548333333333333,3.16546924823548e-271,3
"CEBPZ",1.60070732821281,1.03507375027581,0.889,0.594833333333333,4.79332555296338e-71,6
"CEBPZOS",1.38640322980941,1.27087922753448,0.407,0.373,5.95278841560754e-47,2
"CELF1",1.34622701721162,0.978350157314937,0.234,0.2255,7.40421063605967e-06,2
"CELF2",1.43280473015025,1.25689773599539,0.729,0.699,4.29510188040233e-101,2
"CEMIP2",1.1969358458221,0.773607117111206,0.43,0.417,1.50617078722264e-60,2
"CENPB",1.77851166921795,1.59205975613605,0.556,0.459,2.11363631288853e-130,2
"CENPC",1.29796025347479,1.02466833380531,0.407,0.373,8.62966427580413e-44,3
"CENPK",3.06609804926455,2.61786730673672,0.419,0.4095,9.30024683512288e-220,2
"CENPM",2.5187060046597,2.5187060046597,0.258,0.258,1.04220531554015e-39,1
"CENPW",2.80389653768726,2.41575927555694,0.303,0.2905,2.2231398776754e-30,2
"CENPX",1.79290541294103,1.06425032400172,0.5,0.3905,8.47969774939441e-57,4
"CEP104",1.31254194401363,1.31254194401363,0.5,0.5,1.78647338949375e-17,1
"CEP128",3.61959735054993,3.61959735054993,0.652,0.652,1.05426695970671e-229,1
"CEP152",1.09753769560928,1.09753769560928,0.333,0.333,2.64281078094461e-07,1
"CEP164",0.316920946230497,0.316920946230497,0.306,0.306,0.0997429322188384,1
"CEP170",0.761797622250476,0.607026756571847,0.833,0.713,2.49039466204285e-195,2
"CEP192",0.277216149013745,0.277216149013745,0.361,0.361,0.00268860909456895,1
"CEP290",0.372497567100146,0.372497567100146,0.318,0.318,3.33658494231953e-09,1
"CEP350",0.981309524428931,0.776392226289143,0.49,0.380666666666667,4.23598271193323e-18,3
"CEP57",0.947248801475968,0.850128500529577,0.697,0.482,2.162886805152e-35,3
"CEP68",0.412663507082228,0.412663507082228,0.278,0.278,0.00458875840459403,1
"CEP78",2.88911001209293,2.88911001209293,0.535,0.535,1.059254775945e-71,1
"CEP83",0.336540545853675,0.336540545853675,0.288,0.288,2.89104322228948e-20,1
"CEP85L",0.285829835407772,0.285829835407772,0.286,0.286,4.94448890478856e-34,1
"CEP97",1.15645728555159,1.15645728555159,0.545,0.545,3.71185886454029e-41,1
"CEPT1",0.769419266150112,0.597074063782738,0.722,0.472666666666667,2.24853934534293e-91,3
"CERK",0.551286783160997,0.551286783160997,0.417,0.417,2.59467705002327e-06,1
"CERS2",0.463669534803073,0.463669534803073,0.667,0.667,3.53942080997593e-11,1
"CERS6",1.81026595504371,1.7557359083153,0.639,0.55,2.35385525548148e-220,2
"CES1",5.24343434305013,3.0435030492429,0.497,0.3875,0,2
"CES2",1.68434007091084,1.34390634219745,0.667,0.501,1.02115654715791e-133,2
"CETN2",0.31244386572698,0.31244386572698,0.333,0.333,2.33509137450094e-06,1
"CETN3",1.63469805146343,1.24376443425443,0.409,0.3325,1.5952914748263e-16,2
"CFAP298",1.15071390892619,0.966638309314543,0.53,0.4455,1.19066676469851e-26,2
"CFAP36",2.79054831401759,2.79054831401759,0.285,0.285,1.48946423604238e-150,1
"CFAP97",2.31970556686266,1.5762958768565,0.606,0.425,1.39752883966833e-117,5
"CFD",2.15468104777617,2.15248976404199,0.972,0.9155,0,2
"CFDP1",0.964201767590961,0.610880057206407,0.639,0.487,4.16139741457693e-83,4
"CFL1",1.58664616695433,0.759027180656395,1,0.902666666666667,2.22275906921283e-65,6
"CFLAR",1.70315513304853,1.4078378169234,0.858,0.8395,3.86485344211474e-192,2
"CFP",1.92262897691912,1.18783031979186,1,0.61225,0,4
"CGAS",0.640228040670414,0.576533236976731,0.583,0.429666666666667,2.86882056674959e-112,3
"CHAC2",4.13682530385407,4.13682530385407,0.788,0.788,0,1
"CHAMP1",0.756408764564154,0.756408764564154,0.361,0.361,6.4914893459981e-08,1
"CHCHD1",1.36867332666945,0.956359315291065,0.806,0.549333333333333,5.09502447562955e-149,6
"CHCHD10",2.51452564569376,1.28352251041892,0.894,0.688666666666667,4.29537046891514e-219,6
"CHCHD2",1.78671769220012,0.996044215675922,1,0.849571428571429,2.49131242542567e-119,7
"CHCHD3",1.64939602721724,1.24969511263703,0.424,0.34825,4.29486810105712e-90,4
"CHCHD4",1.52235378321513,1.52235378321513,0.258,0.258,1.5369084573499e-17,1
"CHCHD5",1.34036033006682,0.782197680457466,0.667,0.4926,7.38693185182117e-202,5
"CHCHD7",1.26802161811765,0.950210729502832,0.758,0.4655,4.88122624971551e-86,4
"CHD1",0.578915363217599,0.538671303744136,0.164,0.1385,8.85914556281799e-25,2
"CHD2",1.1502492341328,1.00478764888232,0.224,0.201,0.00928968762096348,2
"CHD3",1.40805711818712,1.18037099653789,0.523,0.456,6.70855274672074e-59,2
"CHD4",0.59885909529254,0.469435641965424,0.674,0.4155,4.52842539057296e-26,2
"CHD6",1.80459456448896,1.15192679346267,0.472,0.37,1.04891328378156e-56,5
"CHD7",1.2085630238948,1.2085630238948,0.394,0.394,1.08224456961891e-18,1
"CHD8",0.559662062083276,0.43605983080711,0.109,0.093,1.8818334252274e-31,2
"CHD9",1.0288929350452,0.722785514069672,0.616,0.528,6.30060465071524e-126,2
"CHFR",0.407294949629163,0.407294949629163,0.419,0.419,3.02726465349438e-08,1
"CHI3L1",3.69624056095803,3.52080560789034,0.41,0.4095,1.13313083005269e-177,2
"CHID1",2.5034139504042,1.98509849528334,0.727,0.5995,4.25784010844505e-74,2
"CHIT1",3.67348241253982,3.67348241253982,0.262,0.262,4.31988868155689e-109,1
"CHKA",1.17106305272406,1.17106305272406,0.25,0.25,7.1895993767988e-07,1
"CHM",0.851736872973076,0.851736872973076,0.277,0.277,2.50379924182268e-71,1
"CHML",1.20152652612537,1.20152652612537,0.361,0.361,7.13727737964685e-06,1
"CHMP1A",0.286181587857631,0.286181587857631,0.326,0.326,1.68154922477639e-06,1
"CHMP1B",0.687333536993816,0.687333536993816,0.109,0.109,1.62470967793503e-12,1
"CHMP2A",1.18938599406837,0.796799079877243,0.791,0.512,7.33812250547056e-13,2
"CHMP3",0.761237468190111,0.564917972535978,0.195,0.158333333333333,2.95489615023777e-25,3
"CHMP4A",1.08648653138106,0.780118510463147,0.889,0.65525,2.17946547800112e-49,4
"CHMP4B",0.785476947962738,0.698437552661564,0.806,0.7305,6.20735510478771e-155,2
"CHN2",3.83072905627689,3.50017679719325,0.528,0.397,3.27744489176045e-228,2
"CHORDC1",1.31880874193647,0.736304106061475,0.453,0.361,2.0995288559417e-77,3
"CHP1",1.6852928846593,1.27643485496961,0.726,0.724,0,2
"CHPF",6.28465087853603,6.28465087853603,0.758,0.758,0,1
"CHPF2",0.752257822785203,0.590278521354635,0.439,0.379666666666667,2.93977958449626e-121,3
"CHPT1",0.337138754050352,0.337138754050352,0.491,0.491,0.132542344325961,1
"CHRAC1",1.60051058115319,0.958163271800212,0.778,0.466666666666667,2.90229686042695e-82,3
"CHRM3-AS2",6.87249084866515,6.87249084866515,0.276,0.276,1.50283805997545e-305,1
"CHST12",2.9584482314012,2.52121588146558,0.848,0.7845,3.69273019346646e-69,2
"CHST2",2.54781780128408,2.54781780128408,0.47,0.47,2.34005731798805e-91,1
"CHTF8",1.38803777347081,1.08403556975063,0.611,0.473,8.67532580518386e-99,2
"CHURC1",0.587218275004542,0.469706231682657,0.204,0.16,1.44524773476798e-30,2
"CIAO1",0.84909805707105,0.588461050231785,0.556,0.44025,1.04206325076886e-82,4
"CIAPIN1",1.22669601114475,0.92205916071379,0.318,0.312,7.15538586244522e-11,2
"CIB1",1.56998001937468,1.09101439157477,0.814,0.67975,8.36162412212441e-104,4
"CIC",0.818365937989528,0.818365937989528,0.444,0.444,2.80927155767431e-11,1
"CIDEB",1.29601592567618,1.07112334989596,0.333,0.3065,6.92482553893759e-157,2
"CIITA",3.46917221425571,1.83548938614911,0.722,0.519333333333333,1.42317782230896e-228,3
"CINP",1.31453251026025,0.877177708605562,0.5,0.4475,8.55238749541056e-22,2
"CIR1",1.50741102180442,1.08348191185797,0.347,0.2685,2.72772272018701e-09,2
"CIRBP",1.21380472608091,0.782173704010431,0.843,0.809,7.18774701666378e-151,3
"CISD1",2.02132407746137,1.58897343186816,0.409,0.335333333333333,4.94191501988971e-20,3
"CISD2",2.46661509472614,1.64344188303144,0.864,0.52475,8.8895493475161e-92,4
"CISD3",2.71236512896397,2.0997485267902,0.667,0.513666666666667,6.21612400540714e-187,3
"CISH",4.67500967947059,4.67500967947059,0.647,0.647,0,1
"CITED2",2.36406001739637,1.40172416036236,0.742,0.60475,1.87089039165429e-164,4
"CITED4",2.43993595689813,1.51058854189759,0.415,0.35575,2.31122172795383e-105,4
"CIZ1",0.71586589115996,0.71586589115996,0.278,0.278,0.0531452864691559,1
"CKAP2",1.59303943024746,1.13066340696299,0.591,0.375,1.18219942846811e-42,3
"CKAP4",2.65219211924229,1.8429186792354,0.87,0.5995,3.40031317937534e-142,2
"CKAP5",1.12563612423746,1.12563612423746,0.25,0.25,0.0732996134916179,1
"CKLF",1.88174955338576,1.88174955338576,0.357,0.357,2.77470817784502e-14,1
"CKS1B",1.1759250663068,1.1759250663068,0.288,0.288,9.17102784667833e-15,1
"CKS2",1.74531144902611,1.74084873081226,0.515,0.3855,4.43608095693993e-54,2
"CLASP1",0.450993204078442,0.450993204078442,0.306,0.306,0.0425008488530398,1
"CLASP2",1.40676914592286,0.814978552850107,0.415,0.374666666666667,7.33981319569619e-192,3
"CLASRP",0.322608761015829,0.294319038081814,0.348,0.3405,2.23768060502057e-07,2
"CLC",4.3061541470082,4.3061541470082,0.555,0.555,5.41200349046538e-306,1
"CLCC1",1.93920681735057,1.42417043273224,0.47,0.388,2.51079003734615e-42,2
"CLCN3",2.55077173017416,2.55077173017416,0.351,0.351,0.000180011951750668,1
"CLCN6",1.02406644750356,1.02406644750356,0.25,0.25,4.11774373408199e-05,1
"CLCN7",1.24503937225962,1.09649376999256,0.444,0.401,4.36512478371051e-170,2
"CLDN5",8.07385867277767,8.07385867277767,0.277,0.277,1.15875697057298e-240,1
"CLDND1",1.63245043878249,1.25947981515408,0.442,0.355,1.71677374018635e-29,2
"CLEC10A",6.81773950710972,6.81773950710972,0.333,0.333,8.28524780945833e-104,1
"CLEC12A",1.10687535676904,0.954128397597262,0.847,0.680666666666667,3.64837267595393e-93,3
"CLEC1B",8.5534111406376,8.5534111406376,0.47,0.47,0,1
"CLEC2B",2.06240456026091,2.06240456026091,0.313,0.313,7.43893573718681e-10,1
"CLEC2D",1.46331274475988,1.22487058507578,0.849,0.697333333333333,7.84117780613231e-130,3
"CLEC4A",0.449878356940533,0.408852701219683,0.722,0.653,2.70179578703655e-268,2
"CLEC4D",2.30499826612598,2.30499826612598,0.369,0.369,4.23786608152031e-52,1
"CLEC4E",2.05705408489781,1.31423113551873,0.38,0.275,2.91718921550222e-56,2
"CLEC5A",4.63699692130695,4.63699692130695,0.369,0.369,1.49793869297489e-184,1
"CLEC7A",1.51837796075002,1.3923709290386,0.507,0.4735,8.95243243513626e-65,2
"CLECL1",2.29533967076802,2.29533967076802,0.273,0.273,4.67253072828443e-34,1
"CLIC1",1.53170825735589,1.01105831495742,1,0.8622,1.28296374885677e-104,5
"CLIC3",7.16619116025385,7.16619116025385,0.721,0.721,0,1
"CLIC4",1.0171147907594,0.856711028597145,0.667,0.552,1.88566682445298e-214,3
"CLINT1",2.07008709613478,0.894046459204484,0.972,0.608142857142857,5.24151258058903e-145,7
"CLIP1",0.888432286302135,0.626023281873774,0.861,0.375666666666667,5.78958645340856e-13,3
"CLIP2",1.71815206769001,1.71815206769001,0.25,0.25,1.88454108461463e-11,1
"CLIP4",2.7976362359209,1.80504036178563,0.639,0.433666666666667,2.41003701782831e-271,3
"CLK1",0.860036062111143,0.849144601236427,0.21,0.181,1.82940488247845e-07,2
"CLK4",0.391316226530709,0.391316226530709,0.281,0.281,1,1
"CLMN",1.8264312146209,1.46815488606728,0.361,0.328,5.86383430600628e-170,2
"CLN8",0.993470610889484,0.952889279611568,0.444,0.3585,6.74062475644929e-84,2
"CLNS1A",1.64946050026271,1.07638557314074,0.806,0.573,2.23648439587789e-130,6
"CLOCK",1.1190635846544,1.04978806236484,0.409,0.385,8.89422219915383e-20,2
"CLP1",1.07154334112982,0.74430926604198,0.306,0.282,3.21429582958219e-11,2
"CLPB",2.03277252241217,1.23517023127228,0.444,0.38,4.64689607293013e-247,3
"CLPP",1.62791271627318,1.08461857096097,0.697,0.442,1.74509728906978e-77,4
"CLPTM1",1.29725712553609,0.912013984532884,0.53,0.39625,3.44762468763935e-106,4
"CLPTM1L",2.88387021453182,1.51789276688222,0.924,0.601666666666667,2.02242905837267e-92,3
"CLSTN1",2.45417092892782,1.38361881789558,0.455,0.3965,5.63649922017735e-46,4
"CLSTN3",1.58986358065028,1.58986358065028,0.279,0.279,7.07526485906691e-29,1
"CLTA",1.35839586777524,0.991639485250852,1,0.676,2.73903545019963e-230,5
"CLTB",1.05454832821401,0.831266540982906,0.778,0.674,4.23931847815142e-17,2
"CLTC",0.722430382209018,0.516386059164964,0.944,0.478166666666667,1.74466423404889e-208,6
"CLU",8.00740173451774,8.00740173451774,0.772,0.772,0,1
"CLUAP1",2.99662054870197,2.99662054870197,0.281,0.281,9.75493843178002e-151,1
"CMAS",2.1417653134962,1.55302195440067,0.336,0.2995,3.25015903959665e-114,2
"CMC1",4.59921794037728,1.77219322401649,0.756,0.548333333333333,3.27081802008518e-92,3
"CMC2",1.36871984043615,0.846406855610516,0.591,0.528,3.48920839717778e-23,2
"CMIP",1.65149981342004,0.926435421792184,0.409,0.334,0.000551127614153958,3
"CMKLR1",6.20716277683282,6.20716277683282,0.639,0.639,1.54601680887752e-240,1
"CMPK1",3.32143111832076,0.998874897051939,0.694,0.4652,2.23008988351013e-39,5
"CMPK2",0.402026474700701,0.356106011409348,0.833,0.7325,3.61900320686326e-205,2
"CMSS1",1.5731100855067,1.5731100855067,0.409,0.409,2.18483131172274e-30,1
"CMTM2",3.23142387747721,3.23142387747721,0.413,0.413,8.22626333858353e-220,1
"CMTM3",0.875290945769659,0.675139567742233,0.75,0.538666666666667,1.85429283142182e-168,3
"CMTM5",9.67106149683928,9.67106149683928,0.703,0.703,0,1
"CMTM6",0.95525523416268,0.756664885091567,0.774,0.57,3.35679939311651e-29,4
"CMTM7",0.609258989457212,0.606794865050204,0.694,0.6485,1.65572618073611e-185,2
"CMTR1",0.402313129380337,0.402313129380337,0.417,0.417,6.8474841118433e-06,1
"CMTR2",2.06479327137675,1.34606627709419,0.314,0.282,9.94788346659543e-15,2
"CNDP2",1.92906651276168,1.03562589611244,0.917,0.491,1.39807524327491e-183,6
"CNIH1",1.43345393075637,1.28718065289417,0.583,0.461666666666667,2.23241435310025e-174,3
"CNIH4",1.07099764962914,0.565129627023221,0.591,0.466666666666667,1.50372563125385e-233,3
"CNKSR1",6.02739292536132,6.02739292536132,0.485,0.485,0,1
"CNN2",1.00574233829825,1.00574233829825,0.598,0.598,1.00018361050337e-18,1
"CNOT1",1.02907679180442,1.02907679180442,0.337,0.337,0.0130880481895359,1
"CNOT11",0.613868148046951,0.613868148046951,0.389,0.389,1.26890824728082e-05,1
"CNOT2",0.849473318294644,0.697678434282911,0.889,0.678333333333333,1.03581402676547e-161,3
"CNOT4",0.520652131290471,0.420978608443073,0.442,0.351,7.09270124934361e-18,3
"CNOT6",2.27544373020361,1.09256095818435,0.5,0.37,5.5263655809056e-104,3
"CNOT6L",0.910910722266503,0.627424934343404,0.605,0.525,2.13364333080146e-39,2
"CNOT7",0.863468116143155,0.524017280354595,0.611,0.4742,1.29870637443102e-93,5
"CNOT8",0.467607958930849,0.402338866235332,0.667,0.6005,1.61609337418509e-159,2
"CNOT9",1.3364587569058,0.923308437165348,0.318,0.284,2.15855215927956e-08,3
"CNP",2.04923530351118,1.6901512475415,0.639,0.536666666666667,6.09356567053903e-133,3
"CNPPD1",0.878389516386353,0.803812904913456,0.583,0.41,4.95029093880911e-11,3
"CNPY2",2.03150693477774,1.22768114162845,0.848,0.546166666666667,2.50502249335613e-78,6
"CNPY3",0.884560297307122,0.497114223130448,0.972,0.685333333333333,1.00138290482698e-145,3
"CNTLN",1.10896354468684,0.692094925455039,0.357,0.345,1.73455930200611e-197,2
"CNTRL",1.19864035843416,0.704860393080852,0.722,0.55825,5.41950955934979e-151,4
"COA1",1.00388062598923,0.662810570224122,0.639,0.4462,3.73993831465953e-89,5
"COA3",1.66800096662944,1.43539828504638,0.75,0.5455,5.14884569238445e-131,4
"COA4",1.71183067046602,1.37962959891899,0.667,0.4744,1.45414450268865e-70,5
"COA5",0.949844935137378,0.584234844516077,0.47,0.368,3.8621809119609e-74,3
"COA6",1.5497240624672,1.2807210705523,0.639,0.5012,9.6091995405592e-166,5
"COA7",2.52458514088755,2.52458514088755,0.25,0.25,7.60423314587296e-13,1
"COASY",0.587472591800717,0.422867577884038,0.576,0.4825,9.18741118758394e-33,2
"COBLL1",4.91712544465804,4.07482421383374,0.788,0.5275,6.86482707407532e-202,2
"COCH",3.01014927925731,3.01014927925731,0.364,0.364,1.16928444536359e-100,1
"COG2",1.69230667702233,1.33712351642785,0.639,0.441666666666667,7.59794660136347e-110,3
"COG3",0.256496550046765,0.256496550046765,0.361,0.361,4.27305292870869e-05,1
"COG4",0.480690849664268,0.456629041687485,0.348,0.327,4.18271139644433e-11,2
"COG5",1.04583679547189,0.97179919314062,0.417,0.3605,1.4148824524433e-89,2
"COG6",0.643774678217638,0.643774678217638,0.303,0.303,4.78846426549853e-18,1
"COG7",1.59444274104822,1.59444274104822,0.278,0.278,1.49252757740797e-09,1
"COIL",0.923478497749805,0.923478497749805,0.389,0.389,0.000836140296263358,1
"COL17A1",4.46921597135029,4.46921597135029,0.273,0.273,3.00830672143542e-153,1
"COL4A3BP",1.69604816732304,1.00021967364344,0.621,0.328,6.32075952765531e-45,3
"COL4A4",5.30686201741237,5.30686201741237,0.545,0.545,0,1
"COL9A3",1.60325635445249,1.60325635445249,0.53,0.53,6.79404129114483e-116,1
"COLGALT1",1.72472058259653,1.64453723209164,0.75,0.6285,1.94992433728728e-266,2
"COMMD1",2.15146817204153,1.85681843149971,0.758,0.53325,3.34593117063956e-136,4
"COMMD10",1.2664784819508,1.21896842940758,0.389,0.343,9.23236697436259e-102,2
"COMMD2",1.01034821743808,0.596206810972881,0.75,0.4152,7.90030336273228e-67,5
"COMMD3",2.17366757946222,1.10223510165663,0.939,0.6005,9.04951576473179e-112,4
"COMMD4",1.85968910999921,1.19541115267928,0.667,0.43625,6.80701174705871e-51,4
"COMMD5",1.27598652524559,0.916846014063562,0.5,0.442333333333333,4.11703634449266e-137,3
"COMMD6",1.45267588041745,0.888875568858689,1,0.9306,5.44917019891712e-151,5
"COMMD7",1.61380826746711,0.969339699238293,0.722,0.4815,6.98335006494558e-95,4
"COMMD8",1.29140359809316,1.18496327115815,0.778,0.599,5.32111870378732e-172,3
"COMMD9",1.81991829297563,1.73226342124816,0.833,0.7145,7.74376135269648e-273,2
"COMT",2.34965007538443,1.88945257546457,1,0.764333333333333,0,3
"COMTD1",1.55853756773576,1.0622009668029,0.47,0.36,2.92477912171321e-34,2
"COPA",1.04847787924725,0.880624279033761,0.861,0.8325,8.52346659686115e-246,2
"COPB1",0.861701265187463,0.655498653961977,0.833,0.70375,4.87917288544525e-185,4
"COPB2",1.11835013844576,0.613968334068056,0.833,0.5665,3.128097648614e-142,4
"COPE",1.94841407664576,0.955193992325865,0.955,0.686333333333333,8.94807304264623e-171,6
"COPG1",1.28787904320393,0.807403631672399,0.682,0.45925,3.87311542524143e-139,4
"COPRS",1.25900796451885,1.25900796451885,0.472,0.472,4.61568204017272e-16,1
"COPS2",1.15716894653367,0.821026832641749,0.758,0.541,5.64730512641362e-129,5
"COPS3",1.39433674600867,1.09181270931072,0.636,0.504,2.93186015482357e-76,3
"COPS4",0.676306106070073,0.43475387284191,0.424,0.352666666666667,2.35407635504119e-76,3
"COPS5",0.868497047116774,0.512728143723695,0.53,0.40075,6.03278090209432e-115,4
"COPS6",1.19756877317329,0.795625583415571,0.742,0.510166666666667,1.54734255892686e-78,6
"COPS7A",0.87128314531115,0.648952875937574,0.389,0.3505,3.71734140431581e-135,2
"COPS8",1.03866703427937,0.940916633592154,0.439,0.3725,2.19086638635696e-24,2
"COPS9",1.65863189409694,1.22863195256921,0.944,0.8544,4.10491543807935e-230,5
"COPZ1",2.23084875012817,1.33959551966581,0.894,0.582,1.87683071894907e-140,5
"COQ10B",0.433748307691514,0.433748307691514,0.395,0.395,1.52292162152369e-06,1
"COQ2",0.862192377195122,0.862192377195122,0.306,0.306,1.27273571580212e-06,1
"COQ4",1.54289343526576,1.19296445932416,0.591,0.462,1.11513636670977e-53,2
"COQ5",1.02853514304359,1.02853514304359,0.348,0.348,7.00922205796325e-20,1
"COQ8A",0.421280132903767,0.421280132903767,0.361,0.361,2.85647009834563e-05,1
"COQ9",0.819350981446933,0.819350981446933,0.333,0.333,1.87880048965485e-17,1
"CORO1A",1.06634248368238,0.61455916521738,1,0.91925,5.39381792056733e-42,4
"CORO1B",1.99177939893338,1.40892060435561,0.778,0.477,2.52801279058755e-106,3
"CORO1C",0.699619027735201,0.616239144757557,0.889,0.8,6.13760533512941e-234,2
"CORO2A",3.2552017123145,2.97927355788063,0.378,0.325,2.13577912752128e-79,2
"CORO7",0.502332709652687,0.397576436951799,0.561,0.45325,2.74980481802584e-26,4
"COTL1",1.1522620804321,0.685618733226811,1,0.83725,2.79245641923893e-102,4
"COX10",1.81130994883733,1.81130994883733,0.25,0.25,9.70353235169571e-07,1
"COX11",1.56203137029619,1.22023853749375,0.47,0.368,1.33714657032197e-57,3
"COX14",1.29133705827747,1.03994975380507,0.889,0.631,1.83872009368494e-114,6
"COX16",1.63686764683292,1.48166111573844,0.455,0.395,7.90250720026099e-91,3
"COX17",0.977936768691218,0.58461588096504,0.864,0.592571428571429,2.37533995364138e-132,7
"COX18",1.63643602014878,1.40061525617786,0.417,0.375,1.16234624635036e-18,2
"COX19",0.658132618221563,0.500018927791477,0.694,0.5,2.81840955311988e-93,4
"COX20",1.47706364269845,0.876114091582056,0.639,0.5015,2.8736867003831e-85,6
"COX4I1",1.1733079903108,0.86177272953969,1,0.9656,1.02664463951033e-161,5
"COX5A",2.3211768729453,1.31377207730382,0.955,0.6975,3.39208612391154e-233,6
"COX5B",1.02324186810872,0.772594783342701,1,0.9008,1.0636412649023e-142,5
"COX6A1",1.24381850966035,0.741765108819017,0.972,0.836,4.00495804034634e-139,6
"COX6B1",1.16824804417524,0.933471258777872,1,0.9418,5.02892543238916e-149,5
"COX6C",1.89008291655926,1.38260592165795,1,0.894833333333333,5.78529150582315e-146,6
"COX7A2",1.91194026915887,1.04441175644429,0.972,0.880666666666667,1.4201278686607e-103,6
"COX7A2L",1.49250804984143,0.844636825959537,0.848,0.631714285714286,1.00200735888878e-100,7
"COX7B",1.55497737065188,1.01875986538573,0.972,0.729333333333333,3.71501341587737e-202,6
"COX7C",1.92619637687833,1.23219800147722,1,0.966666666666667,1.16966065268949e-230,6
"COX8A",1.5668288601357,1.13018302898996,1,0.821333333333333,3.68694235498872e-233,6
"CPEB4",1.76979937257874,1.04156226373762,0.548,0.476,6.47983134700627e-08,3
"CPED1",2.89368699217396,2.89368699217396,0.444,0.444,4.18261325502949e-36,1
"CPM",2.7230589237645,2.30404053850601,0.361,0.3375,9.18017106596413e-239,2
"CPNE1",0.984268583902776,0.96111278296602,0.39,0.3495,3.82229718018873e-07,2
"CPNE2",2.42941792393009,1.40556513682891,0.303,0.288,3.79864194804486e-107,2
"CPNE3",3.64386912290811,2.93196561508241,0.784,0.7435,3.08686827339718e-151,2
"CPNE5",3.36119417921172,3.04850897807281,0.939,0.644,3.82746480601567e-216,2
"CPNE8",2.65826014768074,2.26641663498458,0.444,0.403,3.60294010802977e-278,2
"CPOX",4.97298515342329,3.01201487084486,0.351,0.3005,1.34939236996674e-27,2
"CPPED1",1.83599306388657,1.45316368228392,0.521,0.4295,2.30426968322912e-99,2
"CPSF1",1.63043596853045,1.48165438198975,0.394,0.35,1.69947699225347e-28,2
"CPSF2",0.795642255499228,0.682189370409045,0.75,0.6535,6.95097678199809e-185,2
"CPSF3",1.00741915199513,0.919433356029159,0.361,0.319,1.80173392759545e-83,2
"CPSF6",0.634178605129231,0.496752213837193,0.583,0.4715,7.12444021359671e-07,2
"CPT1A",1.15690603868792,1.00215217175198,0.611,0.492666666666667,1.95682116798489e-213,3
"CPT2",0.30850736175604,0.30850736175604,0.333,0.333,3.29093333852203e-06,1
"CPVL",4.47206392760573,3.88497125765393,1,0.948,0,2
"CR1",2.013666889197,2.013666889197,0.342,0.342,3.86924490691488e-53,1
"CRAT",1.27465725612818,1.27465725612818,0.306,0.306,3.82536787263189e-12,1
"CRBN",0.356566051237414,0.3253196605325,0.64,0.373,3.96698248213534e-44,2
"CRCP",1.04433577223514,0.660037253767116,0.528,0.425,3.04788268693681e-73,4
"CREB1",1.21415670922158,1.21415670922158,0.183,0.183,0.444949959903176,1
"CREB3",1.93243285239037,1.81489961082973,0.606,0.539,1.13321305681567e-70,2
"CREB3L2",2.07279526249771,1.14792716535795,0.818,0.547333333333333,3.04865568419312e-136,3
"CREB5",1.82622167416549,1.61079765208608,0.544,0.5235,1.21542844804162e-95,2
"CREBBP",0.830392454225826,0.830392454225826,0.147,0.147,4.56258887891438e-08,1
"CREBL2",2.11861835082619,2.11861835082619,0.528,0.528,3.65895766147931e-22,1
"CREBRF",1.37746071268532,1.37671364714681,0.567,0.512,1.0754234719303e-54,2
"CREBZF",0.88402692464861,0.640017625107256,0.427,0.391666666666667,9.35837334081247e-46,3
"CREG1",2.0096197847554,1.33146947705945,0.889,0.5985,0,4
"CRELD2",3.89227149776151,3.16455754251283,0.924,0.6945,1.31002602501409e-145,2
"CREM",1.58577493502071,1.58577493502071,0.267,0.267,1.07837577992491e-14,1
"CRIP1",3.08759342144505,1.83008458116377,0.742,0.5934,7.99129757328546e-91,5
"CRIPT",0.349071513331409,0.349071513331409,0.652,0.652,1.32987367146999e-24,1
"CRISP3",7.29908495379635,7.29908495379635,0.774,0.774,0,1
"CRISPLD2",1.93021385068765,1.93021385068765,0.339,0.339,7.03124607219432e-45,1
"CRLF3",0.777577798026978,0.731899824613939,0.319,0.23,6.01538046173794e-09,2
"CRLS1",1.47483685762447,1.05633624965519,0.583,0.462,7.06531941822272e-197,3
"CRTAP",2.68129780650067,2.40025378843243,0.889,0.833,0,2
"CRTC1",1.32372071751149,1.32372071751149,0.278,0.278,2.04744496166426e-05,1
"CRTC2",0.987239892287617,0.987239892287617,0.472,0.472,1.13165312114218e-09,1
"CRTC3",1.78080788380515,1.78080788380515,0.337,0.337,1.51322939157611e-71,1
"CRYBG1",0.654535443939281,0.413479778138362,0.889,0.355666666666667,1.1680857158555e-22,3
"CRYBG3",3.54519502283666,2.86202569687786,0.528,0.476,0,2
"CRYL1",0.733108449130272,0.733108449130272,0.333,0.333,2.32207042521042e-07,1
"CRYZL1",0.421824359393682,0.421824359393682,0.281,0.281,1.08109086069184e-71,1
"CS",0.616183839898951,0.614349462821862,0.611,0.5325,3.72881075176717e-144,2
"CSDE1",0.848626853973326,0.586109002672787,1,0.79,3.76379227213517e-167,3
"CSE1L",1.43906560173461,1.43906560173461,0.472,0.472,1.45009790868803e-15,1
"CSF1R",4.09461417381321,3.96706294779656,1,0.7675,0,2
"CSF2RB",2.345861435076,2.345861435076,0.312,0.312,5.22746382046999e-67,1
"CSF3R",1.84084134818125,1.55295698272815,0.972,0.9645,1.25318533436919e-312,2
"CSGALNACT1",1.51411165789482,1.35537720271651,0.312,0.2985,6.52333069135515e-18,2
"CSGALNACT2",1.13915595618343,0.907066457171247,0.538,0.343,1.09750791089517e-23,2
"CSK",0.858354918785761,0.480119788926529,0.972,0.652666666666667,1.01774828625439e-10,3
"CSNK1A1",0.515364960140241,0.418101333140769,1,0.696333333333333,7.25838254833728e-141,3
"CSNK1D",1.32699832251095,1.05170444132191,0.164,0.1475,1.10546919861346e-05,2
"CSNK1E",1.3654142803679,1.3654142803679,0.364,0.364,7.26243849708638e-21,1
"CSNK1G2",0.612435554706502,0.612435554706502,0.101,0.101,1.01894394285777e-22,1
"CSNK1G3",0.257304380380697,0.257304380380697,0.364,0.364,2.56587301083568e-39,1
"CSNK2A1",0.701231707232458,0.637437724922251,0.75,0.54675,7.35816526109778e-138,4
"CSNK2A2",1.19137745269804,0.819175195121295,0.5,0.3986,2.37027569003473e-112,5
"CSNK2B",0.812622319908203,0.667036757354103,0.944,0.745666666666667,5.39262528873516e-147,3
"CSPP1",1.05755795480723,1.05755795480723,0.333,0.333,1.0544991506786e-11,1
"CSRP1",0.593492394862891,0.593492394862891,0.297,0.297,2.2199274489456e-101,1
"CST3",3.45976790538421,2.33093000078792,1,0.814333333333333,0,3
"CST7",2.70494764988985,1.85309461705607,0.977,0.537,3.06599178785463e-89,3
"CSTA",2.07577842129654,1.41172547303821,1,0.784,0,4
"CSTB",1.3281627684689,0.98978777579297,1,0.924,1.47973822580555e-197,3
"CSTF2T",1.01592036054332,1.01592036054332,0.333,0.333,0.000117174026070335,1
"CSTF3",1.63912192965076,1.5473364971728,0.561,0.489,7.0674277168014e-52,2
"CTBP1",1.16836248153462,1.06912985468957,0.722,0.559333333333333,3.37713869312595e-167,3
"CTBP2",0.464401893146645,0.391196007673275,0.778,0.745,4.05806817966494e-286,2
"CTBS",1.78734922907377,1.78734922907377,0.457,0.457,1.60485235968498e-55,1
"CTCF",0.711878867832443,0.641497570560253,0.616,0.4935,3.78756806565688e-28,2
"CTDNEP1",0.779542375267178,0.700500674364486,0.833,0.7765,6.57576865521578e-193,2
"CTDSP1",0.305473138897072,0.284620511837291,0.135,0.1295,1.24124724999975e-37,2
"CTDSP2",0.596980888875544,0.596980888875544,0.129,0.129,9.71854369464495e-21,1
"CTDSPL",5.88966187785398,5.88966187785398,0.346,0.346,1.36302658185393e-214,1
"CTDSPL2",0.864538455281224,0.629970510756268,0.393,0.364,7.0316757990201e-70,3
"CTNNA1",1.42044386893918,1.32075859598931,0.833,0.7685,0,2
"CTNNB1",0.879239408217214,0.660879184102213,0.369,0.2145,1.85195856716348e-25,4
"CTNNBIP1",1.83413140404822,1.68271636107071,0.528,0.451,6.95729353638718e-202,2
"CTNNBL1",1.40686019798208,1.02245246654664,0.778,0.4336,3.03021478931219e-84,5
"CTNND1",2.79200373175506,2.34819812392598,0.611,0.461,1.49930711405199e-184,2
"CTPS1",2.1648387643695,2.1648387643695,0.303,0.303,1.56522612267025e-31,1
"CTR9",1.40099373280542,0.719337248034292,0.75,0.5262,3.65690908792634e-108,5
"CTSA",4.63953129062951,4.63953129062951,0.635,0.635,8.79701476121267e-126,1
"CTSB",2.54341754352412,1.98006371377222,0.972,0.791333333333333,0,3
"CTSC",2.73230030227627,1.46265103694737,0.965,0.7555,2.58172350166603e-224,4
"CTSD",1.39212883119187,0.941240961159837,0.962,0.68175,1.57432033709092e-182,4
"CTSG",5.6818741368119,5.6818741368119,0.261,0.261,1.9840624636024e-125,1
"CTSH",2.6137703239624,1.677286069236,0.972,0.77225,0,4
"CTSL",5.05514492747574,4.27958242436455,0.472,0.4025,1.56271849075254e-49,2
"CTSO",2.14451680183262,2.02923934347678,0.333,0.2975,7.82853420306423e-142,2
"CTSS",2.19205576608024,1.42981762809232,1,0.922666666666667,0,3
"CTSW",5.3422597039994,5.3422597039994,0.779,0.779,1.73966392482134e-285,1
"CTSZ",1.71833167600805,1.21260579779397,1,0.817666666666667,0,3
"CTTN",9.21799329011416,9.21799329011416,0.47,0.47,0,1
"CTTNBP2NL",4.29356578124219,4.29356578124219,0.472,0.472,3.00455355878945e-71,1
"CTU1",1.94368730914436,1.49347468906968,0.306,0.2925,6.21517523098375e-11,2
"CUEDC2",0.892053175948942,0.748852225365142,0.5,0.395666666666667,2.08847324176382e-96,3
"CUL1",1.59038311926602,1.17008425804141,0.694,0.524666666666667,2.43147944468591e-217,3
"CUL2",1.34475483065446,0.907027961466392,0.528,0.390666666666667,1.8448325182832e-64,3
"CUL3",0.80830119961149,0.626143910552668,0.157,0.1235,2.82116654290709e-21,2
"CUL4A",2.87121098031367,1.5210736990203,0.333,0.302333333333333,4.23775078754446e-122,3
"CUL5",1.43858953002772,1.07892772856732,0.778,0.568,1.1199621018636e-201,3
"CUTA",1.63398907499855,1.11584813152788,0.955,0.643,2.34068817026213e-104,6
"CUTC",0.839689574992873,0.839689574992873,0.279,0.279,5.07756549115196e-05,1
"CUX1",0.701200223849007,0.557838406549994,0.822,0.351,1.47143418465949e-254,3
"CWC15",1.24895815005758,0.742978352057152,0.917,0.6395,4.62413372381758e-100,6
"CWC22",0.845403328378358,0.728189911824643,0.583,0.466,3.50382112017971e-10,2
"CWC27",1.62907999387875,1.14932699340991,0.485,0.36875,1.72806099260973e-70,4
"CWF19L2",1.85820037932848,1.17288171147136,0.694,0.49,7.69980140360542e-84,4
"CX3CR1",4.64027770645451,2.81970286293267,0.611,0.487,2.42587573445354e-157,3
"CXCL16",0.281467866343032,0.281467866343032,0.528,0.528,5.40859624944398e-22,1
"CXCR1",2.76903282669678,2.76903282669678,0.259,0.259,3.58457070994219e-116,1
"CXCR2",3.17860062419501,3.17860062419501,0.717,0.717,0,1
"CXCR3",4.16614468946052,3.83159726164418,0.424,0.392,5.08907950699896e-91,2
"CXCR4",1.01486262725426,0.981645065467593,0.883,0.6395,5.05228071330813e-132,2
"CXXC1",1.13773048416006,0.770991386514278,0.561,0.377,1.00216111169141e-73,3
"CXXC5",4.51612924657325,3.19928696979998,0.833,0.7575,0,2
"CXorf38",0.317988661919574,0.291164620333312,0.778,0.6865,2.18943968913784e-146,2
"CXorf56",1.33708795472244,1.33708795472244,0.25,0.25,8.97048963876157e-06,1
"CYB561A3",3.15340015899578,3.15340015899578,0.56,0.56,5.6061059323393e-284,1
"CYB561D2",1.84942216153711,0.94898975793083,0.583,0.4685,7.70813956344429e-70,4
"CYB5A",3.30142139680816,1.68194787273942,0.389,0.364,1.82798469615031e-155,3
"CYB5B",0.657395906606792,0.657395906606792,0.314,0.314,0.000104861236309532,1
"CYB5R1",0.523851254835993,0.523851254835993,0.306,0.306,9.02109219358681e-05,1
"CYB5R3",3.38119096811161,3.38119096811161,0.327,0.327,1.25829855167175e-17,1
"CYB5R4",0.889963850410372,0.889963850410372,0.148,0.148,1.81444454470557e-05,1
"CYBA",0.669315099126818,0.521395405297654,1,0.9286,1.56046622588981e-67,5
"CYBB",3.28617549244717,2.07089279628021,1,0.922,0,4
"CYBC1",0.618182293535856,0.618182293535856,0.106,0.106,4.74919752622767e-21,1
"CYC1",1.71357476342618,1.43881735688604,0.778,0.604,1.07013587442366e-232,4
"CYCS",2.26975788121807,1.35255983455978,0.939,0.654166666666667,9.73161567131452e-169,6
"CYFIP1",3.77874590367256,3.27927195726002,0.806,0.692,0,2
"CYFIP2",2.13944072191047,0.957489650001501,0.651,0.4716,5.86952906679217e-54,5
"CYHR1",0.282553555750874,0.282553555750874,0.472,0.472,1.1763187098547e-06,1
"CYLD",1.21935868699076,0.958239076441139,0.289,0.268,1,2
"CYP1B1",0.835035293292416,0.835035293292416,0.673,0.673,1.72400766391435e-232,1
"CYP20A1",1.10177982867162,0.869313427016033,0.53,0.414,1.78863412587073e-58,3
"CYP4F3",2.73271801203162,1.55785906779274,0.967,0.708666666666667,4.37570582069844e-201,3
"CYREN",0.870819937323807,0.856767161638911,0.424,0.3925,1.50329569118952e-29,2
"CYSLTR1",0.931174504548078,0.931174504548078,0.346,0.346,1.29354781850145e-77,1
"CYSTM1",2.51567008737213,2.07261281217368,0.588,0.541,2.16811476660574e-104,2
"CYTH1",0.790411586150419,0.771459214237489,0.29,0.2425,5.19568723978806e-12,2
"CYTH2",0.471781211314548,0.471781211314548,0.417,0.417,3.38690729789296e-08,1
"CYTH4",1.40775201020068,1.40775201020068,0.28,0.28,0.00712704463494682,1
"CYTIP",1.20517745205817,0.681111630427365,0.924,0.5458,3.94504351945476e-153,5
"CYTOR",2.66545566278345,1.371977487985,0.879,0.697333333333333,2.77168020803677e-40,3
"DAAM1",0.445267266156903,0.445267266156903,0.257,0.257,4.26773592230031e-57,1
"DAB2",7.72433509868754,7.72433509868754,0.352,0.352,1.20968445349135e-174,1
"DACH1",2.95957913626457,2.67915679564485,0.337,0.303,7.96464809967453e-95,2
"DAD1",2.56637580701788,1.50646232143759,0.939,0.69425,3.03449918737423e-89,4
"DAGLB",1.16373059607195,1.16373059607195,0.417,0.417,4.93224771602114e-16,1
"DALRD3",0.735821406277919,0.735821406277919,0.303,0.303,1.21733765592945e-11,1
"DAP",0.433828499345314,0.373286872903779,0.528,0.475,6.46024270419259e-143,2
"DAP3",0.770663133158918,0.658194159007758,0.639,0.4465,5.91207614250219e-93,4
"DAPK1",1.42004663435869,1.30609350757095,0.444,0.399,6.49295860717375e-240,2
"DAPP1",1.98698300634332,1.24545049535561,0.456,0.313,2.34109891907617e-14,2
"DARS",1.18650375972157,0.691862955912915,0.697,0.503833333333333,9.1769772528505e-76,6
"DAXX",0.804646480386047,0.545208546455009,0.727,0.596,3.43765940901731e-25,2
"DAZAP1",1.00114012629988,0.709398298372574,0.576,0.48125,3.39509901705932e-143,4
"DAZAP2",1.10099499948446,1.10099499948446,0.537,0.537,5.57028584070816e-23,1
"DBF4",1.74446692996599,1.67716766180035,0.606,0.46,2.8578427985181e-49,2
"DBI",2.00838450465059,0.993277188589228,0.972,0.799833333333333,3.4304373973815e-176,6
"DBNL",0.54021581792037,0.54021581792037,0.375,0.375,1,1
"DBP",1.7576831769403,1.7576831769403,0.263,0.263,4.05286305302115e-56,1
"DBT",0.751744582300083,0.751744582300083,0.306,0.306,0.000775474809577283,1
"DCAF1",1.03336214660019,1.03336214660019,0.25,0.25,0.187128700507932,1
"DCAF10",1.87076766506807,1.61801885176239,0.292,0.2785,2.97826245893222e-14,2
"DCAF11",1.91428327574976,1.91428327574976,0.509,0.509,7.38651573893387e-10,1
"DCAF12",3.77157786595845,3.77157786595845,0.912,0.912,1.64483776332439e-64,1
"DCAF13",1.85544109668744,1.30898574035475,0.556,0.43675,3.94807600351584e-89,4
"DCAF15",0.622175546637497,0.622175546637497,0.389,0.389,5.21239086471826e-10,1
"DCAF5",0.751600179378414,0.585174626743283,0.556,0.464,1.33331351676638e-08,2
"DCAF6",1.38268245733235,1.38268245733235,0.263,0.263,1,1
"DCAF7",1.38068444932601,1.07107708333867,0.889,0.649666666666667,1.90607599851235e-201,3
"DCK",1.50508338230022,0.866061344889896,0.351,0.342666666666667,1.79004866428807e-58,3
"DCLRE1C",0.684275830186127,0.684275830186127,0.279,0.279,0.00160658681610876,1
"DCP1A",0.380802697587116,0.380802697587116,0.388,0.388,1.10173629304388e-101,1
"DCP2",1.27411919002724,1.27411919002724,0.221,0.221,1,1
"DCPS",3.64313312806989,2.38718523193094,0.879,0.532666666666667,1.02296406474949e-148,3
"DCTD",1.90059646931512,1.60838887865948,0.583,0.443,4.28615041600253e-23,3
"DCTN1",0.425682177672258,0.358036812705605,0.444,0.377,3.41263739671731e-117,3
"DCTN2",0.599661272918142,0.400667492180372,0.639,0.525666666666667,1.20841170648018e-121,3
"DCTN3",1.43247903376538,0.834495993888447,0.758,0.618,8.97300144116005e-127,5
"DCTN4",0.252412745982271,0.252412745982271,0.486,0.486,1.51497532115771e-152,1
"DCTN5",0.439950517111261,0.412900551835896,0.444,0.379,1.44276658460653e-77,2
"DCTN6",1.55192175901835,1.03765916529944,0.472,0.37475,1.75299405650917e-129,4
"DCTPP1",1.18668652344017,1.18668652344017,0.439,0.439,7.82425065752347e-17,1
"DCUN1D1",1.73253258761178,1.73253258761178,0.404,0.404,0.0137623089992788,1
"DCUN1D5",1.32074611461418,1.01272573192643,0.561,0.434666666666667,9.90572413073418e-33,3
"DCXR",1.58368596654229,1.06447632904713,0.407,0.352,1.07717219977169e-40,3
"DDA1",0.82563750671259,0.638805303667407,0.417,0.351,1.87755536082458e-96,3
"DDAH2",0.418603659079653,0.418603659079653,0.639,0.639,6.09808259163421e-15,1
"DDB1",2.29811153907593,1.15069946988071,0.712,0.4395,1.21114308611782e-138,6
"DDB2",1.85872316123683,1.85872316123683,0.302,0.302,3.59321119981838e-20,1
"DDHD1",0.567755934958724,0.44181686969095,0.465,0.3785,9.99410441359212e-21,2
"DDI2",3.25238772067574,1.85811358140588,0.583,0.445666666666667,2.55080424079099e-138,3
"DDIT4",2.73906547667582,1.97261047513846,0.591,0.44575,4.72735270916098e-74,4
"DDOST",3.20802199725396,1.41586396969672,0.97,0.542666666666667,5.92620690698596e-108,6
"DDRGK1",1.55710685627202,0.995936995550597,0.561,0.4375,7.56767791149995e-101,4
"DDT",0.907141235606526,0.782584435842021,0.972,0.686428571428571,2.62219738513557e-150,7
"DDX1",1.46904966987427,1.30311629066332,0.758,0.5506,2.23544307982237e-112,5
"DDX10",1.58005023711068,1.58005023711068,0.444,0.444,6.58693576911367e-12,1
"DDX11",0.964822244290032,0.964822244290032,0.318,0.318,1.76686804724788e-15,1
"DDX17",1.07855348849136,0.62867807262559,0.896,0.74325,6.56578052459544e-24,4
"DDX18",1.78643539947186,1.19213406936419,0.972,0.7815,3.98858425570224e-145,6
"DDX19A",0.572021075621652,0.572021075621652,0.278,0.278,0.149077506373427,1
"DDX19B",1.27711792887107,1.05875588252136,0.348,0.299,2.89090069365949e-16,2
"DDX21",1.95273211763617,1.1887923169192,1,0.7518,1.09278271931128e-295,5
"DDX23",1.29137463045768,0.680722974485457,0.455,0.377,4.35633679153244e-75,3
"DDX24",1.82275417450331,1.21623236125954,0.944,0.8538,2.68882673305132e-180,5
"DDX27",1.59220866874961,0.831173097447842,0.75,0.535666666666667,5.00656706684627e-106,6
"DDX28",1.49486310717161,1.49486310717161,0.278,0.278,2.86591299554417e-05,1
"DDX39A",1.64689063154148,1.25778715941229,0.53,0.4115,9.83162536356214e-84,4
"DDX39B",0.377808284151195,0.361756608917348,0.639,0.451,9.6002446199924e-11,2
"DDX3X",0.796857467977549,0.796857467977549,0.513,0.513,1.20453060252068e-06,1
"DDX41",1.21889528214688,1.09646231327585,0.5,0.3995,1.03100888139133e-110,2
"DDX42",0.6137675040262,0.523718397387337,0.556,0.5415,3.86446285024323e-140,2
"DDX46",0.76137820503283,0.557439763858585,0.917,0.7422,3.22034820987562e-112,5
"DDX49",1.45290714947224,1.3809252090638,0.515,0.422333333333333,1.17808492751649e-111,3
"DDX5",0.868858713980207,0.711563604506708,1,0.975,1.46493686087616e-86,5
"DDX50",1.44196967884271,0.901556787390358,0.561,0.3635,2.64587154430847e-44,6
"DDX52",1.53514598915785,0.921009868022793,0.694,0.513,3.54335529308522e-127,5
"DDX54",1.64022417654601,1.3693995308288,0.545,0.4045,3.25677590205234e-94,4
"DDX55",1.25251678721111,1.01538728731907,0.417,0.3825,1.21446410326454e-12,2
"DDX56",0.84277888557194,0.84277888557194,0.361,0.361,1.75143419514958e-05,1
"DDX6",0.711873361386025,0.506813645108497,0.204,0.18,3.55994559705583e-29,2
"DDX60",1.06684060020165,1.06684060020165,0.147,0.147,0.0250729058020594,1
"DDX60L",1.38911846957012,1.38911846957012,0.415,0.415,8.45727578895835e-24,1
"DECR1",0.954121582955395,0.617421924240352,0.758,0.676,2.64945787367658e-151,4
"DEF6",0.942513807800953,0.942513807800953,0.465,0.465,8.01383624608966e-17,1
"DEFA1B",7.24618083764749,7.24618083764749,0.313,0.313,1.81183753642902e-318,1
"DEFA3",7.23954456329504,7.23954456329504,0.96,0.96,0,1
"DEFA4",6.68596665745927,6.68596665745927,0.863,0.863,0,1
"DEGS1",0.756737665613873,0.756737665613873,0.75,0.75,2.39609678514552e-14,1
"DEK",1.06703699798603,0.625302092352093,1,0.6685,4.7198513482335e-20,4
"DELE1",1.14985386728398,1.08933271594965,0.472,0.4185,1.33187831237031e-144,2
"DENND1A",1.39345379459867,1.30362040853913,0.556,0.486,3.00180543834896e-240,2
"DENND1B",0.860643968299432,0.697947888367849,0.621,0.446666666666667,1.441853830977e-41,3
"DENND1C",0.982582438695489,0.647021143912173,0.333,0.3,4.43495702346661e-06,2
"DENND2D",3.01814196048028,2.28034664910248,0.698,0.531,1.20435038331988e-88,2
"DENND3",1.84104538707467,1.39253070477316,0.306,0.304,3.67068470342261e-05,2
"DENND4A",1.45342586757935,1.45342586757935,0.421,0.421,0.0469819099867522,1
"DENND4B",0.717372298331569,0.578789183022816,0.5,0.4705,4.14260809655925e-145,2
"DENND4C",1.05746340324942,0.936646725823126,0.583,0.4625,1.05348211187658e-120,2
"DENND5B",3.76754885986588,3.76754885986588,0.712,0.712,5.68118026187495e-184,1
"DENND6A",0.338953553355594,0.315408364653129,0.528,0.458,9.43889779316525e-115,2
"DENND6B",2.13830035923115,2.13830035923115,0.306,0.306,8.4520555828261e-12,1
"DENR",0.710687156054792,0.57665046769154,0.778,0.509,4.07425761043938e-41,4
"DERL1",2.36622415922398,1.09426826838016,0.879,0.597,1.96576560776116e-64,3
"DERL2",1.76385056947193,1.40499199846562,0.848,0.6275,6.3334331655114e-61,2
"DERL3",5.41545669924219,5.41545669924219,0.939,0.939,7.25696833553317e-282,1
"DESI1",1.4165766395439,0.766529408250521,0.636,0.481333333333333,6.09444646622374e-111,3
"DESI2",1.0365943323987,0.934119719805477,0.591,0.41275,1.60233836122925e-69,4
"DEXI",1.50064384838507,1.35440347949968,0.424,0.337,8.44634970661054e-29,2
"DFFA",1.73484297912534,1.55237493516105,0.556,0.41175,2.45342693048889e-87,4
"DGCR6L",2.0600503863406,1.40740146023936,0.394,0.3655,2.70316607286275e-14,2
"DGKA",1.96338465319438,1.96338465319438,0.667,0.667,1.90753442476005e-246,1
"DGKD",0.263215264715416,0.263215264715416,0.071,0.071,2.41932994690139e-24,1
"DGKE",2.02443685258973,1.76830756553981,0.364,0.31,9.34617269160384e-27,2
"DGKZ",1.25762308585961,0.74372225947108,0.802,0.46875,5.32831227380686e-153,4
"DGUOK",0.946211110392181,0.644225883720048,0.535,0.411,2.15563530301828e-34,3
"DHDDS",1.57146347842777,1.57146347842777,0.439,0.439,2.04786307022541e-37,1
"DHFR",3.58029321390003,3.58029321390003,0.434,0.434,2.60775136712632e-79,1
"DHPS",1.55313600182215,0.762097437179089,0.576,0.407166666666667,3.76254925295083e-60,6
"DHRS4",2.39626750880804,2.39626750880804,0.472,0.472,2.29355736020216e-23,1
"DHRS4L2",2.5197790759808,1.60608649587892,0.639,0.3985,1.4731006388109e-237,4
"DHRS7",1.79038315789404,1.79038315789404,0.264,0.264,1,1
"DHRS7B",0.406335105671975,0.406335105671975,0.389,0.389,3.18258248157996e-10,1
"DHX15",1.45813171756234,0.757283451156148,0.581,0.441,6.2155675199699e-178,4
"DHX16",0.583344567750948,0.429244288993516,0.379,0.3425,2.20756456291362e-14,2
"DHX29",0.880467934032245,0.807031072784304,0.576,0.4565,3.41620816077485e-107,4
"DHX30",1.38211877355398,0.918189584489992,0.439,0.3522,3.16962355774828e-70,5
"DHX32",1.45331596850303,1.45331596850303,0.278,0.278,7.76930100285475e-07,1
"DHX33",1.48829612904855,1.48829612904855,0.306,0.306,5.93544120410011e-07,1
"DHX36",1.07919174741615,0.660128037809974,0.779,0.5305,4.35494199822813e-41,4
"DHX38",1.17493919075013,0.905516815265662,0.472,0.3935,7.62832818021477e-77,2
"DHX57",2.82203715309176,2.34396629741578,0.472,0.4405,2.12825930216642e-260,2
"DHX58",0.366688234952144,0.366688234952144,0.251,0.251,1.62217129628886e-88,1
"DHX8",0.331710811627643,0.330107986358512,0.528,0.47,2.33590190114529e-110,2
"DHX9",0.897047911349415,0.683000424326995,0.889,0.572,2.29582309441273e-171,4
"DIAPH1",0.717672308621568,0.708256766202334,0.866,0.805,3.63674457355036e-211,2
"DIAPH2",1.31427211237585,1.10555442732004,0.778,0.616333333333333,0,3
"DICER1",1.05095281021643,1.05095281021643,0.212,0.212,0.0545534433849225,1
"DIDO1",0.29834646830228,0.29834646830228,0.395,0.395,7.14522847023432e-05,1
"DIMT1",1.82244867359128,1.29713368934828,0.333,0.2955,7.73447469702801e-09,2
"DIP2A",2.84053288245635,1.77499746663215,0.686,0.517333333333333,1.65810804903144e-74,3
"DIS3L",1.31304672516572,1.31304672516572,0.444,0.444,3.41783104357704e-13,1
"DIS3L2",0.796149499249581,0.796149499249581,0.25,0.25,0.0973824714473115,1
"DISC1",0.29667000824141,0.29667000824141,0.333,0.333,2.15370965058505e-06,1
"DKC1",1.34759252960398,0.841422207549282,0.455,0.36975,1.68309213998361e-43,4
"DLAT",1.41030995729906,1.27355458802068,0.303,0.2765,7.39065953638875e-16,2
"DLD",0.719541589453892,0.58606625316891,0.528,0.503,3.5123067904789e-166,2
"DLG1",0.420560454660807,0.420560454660807,0.393,0.393,3.94463902416236e-96,1
"DLGAP4",0.343568575788469,0.323471499518553,0.389,0.3525,6.32545050559901e-94,2
"DLST",0.44891703594982,0.36585248378372,0.333,0.303,4.27101040703966e-05,2
"DMAC1",1.66540699439506,0.971734040663752,0.591,0.3615,9.89563176845929e-54,4
"DMAC2",1.0475833527937,1.0475833527937,0.278,0.278,0.00222517756453998,1
"DMAP1",0.779809118064296,0.779809118064296,0.361,0.361,9.02229825499528e-05,1
"DMTN",5.85714040890874,4.98655548743525,0.877,0.5965,4.03045039115792e-249,2
"DMWD",1.45972582158996,1.45972582158996,0.303,0.303,2.15694044437361e-25,1
"DMXL1",1.03073099379632,0.868326142179593,0.639,0.497,8.72665496471307e-192,3
"DMXL2",0.975669730278232,0.526959853628455,0.899,0.579333333333333,3.57378325424852e-176,3
"DNAAF2",1.79917498845999,1.79917498845999,0.348,0.348,1.05789476204753e-28,1
"DNAJA1",0.780466710562732,0.65668643683007,0.972,0.677666666666667,4.85102380901164e-138,3
"DNAJA2",0.29605962605465,0.293847371842703,0.488,0.4595,4.82744736943468e-28,2
"DNAJA3",1.42070460371467,1.30810031971016,0.455,0.4495,2.88411533904317e-26,2
"DNAJA4",5.06616868938608,5.06616868938608,0.333,0.333,9.60809078734652e-59,1
"DNAJB1",0.87880094553066,0.87880094553066,0.36,0.36,1.08208957135507e-10,1
"DNAJB11",2.98494530891935,1.3233293193896,0.939,0.547,1.64144784610127e-129,4
"DNAJB12",0.787154528754247,0.741088453911946,0.583,0.5285,9.42660522642581e-167,2
"DNAJB14",0.844258105158328,0.516007739114894,0.64,0.311,1.73083408892017e-29,5
"DNAJB2",2.16974630667838,2.16974630667838,0.316,0.316,1.56867890071712e-11,1
"DNAJB6",1.92240543683709,0.928116340053817,0.357,0.229666666666667,2.16247233165354e-15,3
"DNAJB9",2.7052693674751,2.7052693674751,0.848,0.848,5.1389948688943e-129,1
"DNAJC1",2.86369373771586,1.54197006888511,0.924,0.53275,1.48802336588549e-98,4
"DNAJC10",1.72652498054092,1.20600542501756,0.818,0.6205,1.05301764901744e-133,4
"DNAJC13",1.85869291363106,1.40339970859913,0.618,0.447666666666667,5.45079288666343e-215,3
"DNAJC15",1.37493729792248,0.956765816616106,0.944,0.673666666666667,2.69700506169621e-174,6
"DNAJC16",0.793429951964148,0.793429951964148,0.278,0.278,0.00293904164560053,1
"DNAJC17",2.12772843935816,1.23686190058771,0.279,0.276,1.22393640473967e-14,2
"DNAJC19",2.05724815384569,1.46183428891156,0.636,0.5035,7.59588622592475e-90,4
"DNAJC2",1.5849550867601,0.987762730572836,0.667,0.502,2.52029276825629e-90,3
"DNAJC21",1.34296195395047,1.11123337894745,0.667,0.4755,1.6482758773301e-83,6
"DNAJC24",1.28974378518711,1.28974378518711,0.364,0.364,3.66025871887405e-25,1
"DNAJC25",0.865377714385368,0.865377714385368,0.273,0.273,7.13535100553833e-30,1
"DNAJC3",0.938453325570276,0.938453325570276,0.909,0.909,9.90841598627988e-37,1
"DNAJC30",1.21138701368545,1.15633042757737,0.364,0.321,1.27027373146161e-24,2
"DNAJC4",0.485929000918569,0.485929000918569,0.462,0.462,9.1374311621276e-137,1
"DNAJC5",1.23708965430329,0.854827440136077,0.564,0.375,1.06378192687731e-182,3
"DNAJC7",1.13762515248444,0.865483943023439,0.944,0.8465,4.34415731650076e-225,4
"DNAJC8",1.60350668081106,0.857653697078458,0.944,0.758166666666667,8.6221816257966e-129,6
"DNAJC9",1.39771036984674,1.00932066308741,0.265,0.2615,2.57049875981445e-61,2
"DNASE1L1",1.32618844211951,1.01628746064864,0.556,0.42,5.42052349548159e-128,2
"DNASE2",0.772692774249704,0.772692774249704,0.472,0.472,6.96313165309254e-09,1
"DNM1L",1.07012254003652,0.797272773831874,0.75,0.546,1.11583870582352e-188,3
"DNM2",0.848817339736318,0.561131538135512,0.788,0.769,2.2820502280653e-28,2
"DNMT1",1.90426153969406,1.1796454655695,0.694,0.475833333333333,1.01980892186522e-100,6
"DNPEP",2.67758085373004,1.70394480028484,0.75,0.470333333333333,1.23479634174794e-88,3
"DNPH1",2.5538351219844,1.8028962659675,0.742,0.45875,1.15582917240742e-63,4
"DNTTIP1",0.377084811347846,0.377084811347846,0.528,0.528,6.88106489970224e-11,1
"DNTTIP2",0.894315752340413,0.54382189544418,0.528,0.4335,6.97038555391037e-104,4
"DOCK10",1.68827522431903,1.4254485576642,0.778,0.5332,1.83601063321956e-184,5
"DOCK11",1.14538637653972,0.70041069767635,0.167,0.12,2.19956024451405e-21,2
"DOCK2",0.667710503417026,0.436275614956964,0.917,0.662,5.8937700913848e-191,3
"DOCK4",1.3676119464107,1.3676119464107,0.389,0.389,1.16585709223411e-32,1
"DOCK5",1.26542432017835,1.26542432017835,0.262,0.262,1.87191664917462e-08,1
"DOK1",0.389043355505712,0.333830284330954,0.333,0.3055,4.49717662474654e-100,2
"DOK2",3.77948521793017,2.19911300332856,0.972,0.67075,0,4
"DOK3",1.36829513334583,1.13868586177071,0.253,0.2,0.00661799345509772,2
"DOPEY2",2.21017446382557,2.16259511724994,0.336,0.3345,3.36452760728886e-29,2
"DOT1L",1.23580331988109,0.821152105287645,0.379,0.297666666666667,5.54434341077023e-109,3
"DPAGT1",2.45831393096548,2.15448106514393,0.306,0.282,7.62758901718037e-18,2
"DPF2",0.40848949912697,0.40848949912697,0.395,0.395,6.54360987567972e-06,1
"DPH2",1.45312942131842,1.45312942131842,0.258,0.258,1.2228881194456e-20,1
"DPH3",0.543389881382054,0.479328573583654,0.472,0.4165,2.59418514811809e-114,2
"DPH5",2.40724930846789,2.40724930846789,0.256,0.256,8.51260231743107e-74,1
"DPH7",1.3319267241767,1.3319267241767,0.424,0.424,1.79560038493954e-33,1
"DPM1",0.741318626819955,0.584034671473197,0.652,0.6455,3.93118593767493e-27,2
"DPM2",3.05414034566809,1.55413273772124,0.591,0.41675,3.69278100899628e-39,4
"DPM3",0.899624000999822,0.709302785007194,0.606,0.398,5.23460096221126e-66,4
"DPP3",1.76359284903456,1.76359284903456,0.318,0.318,2.12686509441665e-30,1
"DPP4",7.57576593820039,7.57576593820039,0.303,0.303,1.2112133931028e-315,1
"DPP7",1.39489839736381,1.13596775331153,0.889,0.573833333333333,1.4959105070844e-197,6
"DPP9",1.01765798440084,0.805292069410048,0.444,0.347,2.56352140625533e-106,3
"DPY30",0.856984570862166,0.664792777515095,0.556,0.3805,1.1191738323125e-34,4
"DPYD",0.985263944394031,0.600042773911159,0.972,0.685666666666667,4.48281383641584e-263,3
"DPYSL2",3.50912291052281,3.08355414536187,0.972,0.907,0,2
"DR1",0.619991250592786,0.521860032849837,0.281,0.158666666666667,8.61733415212459e-28,3
"DRAM1",0.637506981386109,0.544641964417882,0.472,0.4415,5.43693349007835e-173,2
"DRAM2",1.89069939605106,1.24485243382113,0.722,0.486666666666667,2.56562083838828e-93,3
"DRAP1",1.55750526139404,0.846818710587762,1,0.8662,2.28526484034084e-97,5
"DRG1",0.852117025223956,0.810701387766076,0.348,0.313,1.85624344522367e-12,2
"DRG2",0.959317894437739,0.959317894437739,0.278,0.278,0.0324762045998801,1
"DSC2",2.71635715201148,2.71635715201148,0.27,0.27,4.65366628672397e-89,1
"DSE",0.964112407235102,0.740908204999226,0.75,0.602,1.28257639322457e-226,2
"DSN1",1.47469862117369,1.47469862117369,0.318,0.318,6.49673538387468e-32,1
"DSTN",4.06136764386682,1.73683527028633,0.864,0.62175,1.80897868057043e-69,4
"DSTYK",1.42438185234346,1.42438185234346,0.253,0.253,1.21887587151075e-08,1
"DTD1",1.42301303218869,1.42301303218869,0.349,0.349,9.76127055183569e-14,1
"DTNBP1",0.924982892855547,0.908396013926252,0.444,0.3675,2.92513546607287e-06,2
"DTWD1",2.02530836668505,1.49842653474515,0.515,0.377,5.17651619698528e-65,3
"DTX2",0.565815431060769,0.565815431060769,0.306,0.306,2.15985686417797e-06,1
"DTX3L",0.505544417781958,0.505544417781958,0.12,0.12,8.93220436097768e-15,1
"DTYMK",1.48462979952132,1.2653493120999,0.379,0.356,8.08310345553919e-22,2
"DUS1L",1.37384806217036,1.1178945133009,0.694,0.4954,1.28819888520573e-70,5
"DUS3L",1.81422793621912,1.81422793621912,0.361,0.361,1.16158575449266e-16,1
"DUSP1",1.76547647325114,1.76547647325114,0.654,0.654,6.23695665180298e-159,1
"DUSP11",0.769473672734932,0.675865315326532,0.444,0.3615,8.1829239299489e-07,2
"DUSP12",1.1944761050279,1.1944761050279,0.409,0.409,1.01011434072555e-24,1
"DUSP2",4.98798210111316,4.98798210111316,0.453,0.453,3.48622555296968e-125,1
"DUSP22",0.549148282721709,0.549148282721709,0.75,0.75,4.5438700145742e-14,1
"DUSP23",1.3286040149147,1.21216061847925,0.528,0.424666666666667,2.09638035081248e-134,3
"DUSP3",1.94683060155919,1.90781475235543,0.639,0.531,1.7251478223337e-303,2
"DUSP5",3.51778111626831,3.51778111626831,0.303,0.303,1.10463315912548e-56,1
"DUSP6",2.17739653670842,1.53763780566311,0.972,0.704333333333333,0,3
"DUSP7",2.89632356383967,2.82789378159737,0.639,0.464,1.76810947038209e-166,2
"DUT",3.6967126775973,1.48975439685354,0.566,0.509,1.11321484334807e-71,4
"DYM",0.437908213611639,0.437908213611639,0.307,0.307,2.08434670976577e-90,1
"DYNC1H1",1.33271572935177,1.04945073639914,0.944,0.67475,4.36039458000885e-253,4
"DYNC1I2",1.52828634060298,1.10785000606714,0.889,0.6228,4.48964943910961e-224,5
"DYNC1LI1",0.452355546078293,0.452355546078293,0.09,0.09,1.70249728596277e-15,1
"DYNC1LI2",0.995290455477977,0.820742984778216,0.313,0.3025,0.659006889523596,2
"DYNLL1",3.59768576498159,1.55241685700989,0.955,0.8374,1.48775744278727e-208,5
"DYNLL2",0.630703940662136,0.630703940662136,0.36,0.36,2.76258150394901e-06,1
"DYNLRB1",2.67366693486958,1.28219464263176,0.909,0.678666666666667,1.33690843198829e-17,3
"DYNLT1",0.862523970986503,0.624009598658128,0.972,0.4905,1.5683873133081e-229,4
"DYNLT3",0.836577538731079,0.836577538731079,0.389,0.389,3.55523277851823e-06,1
"DYRK1A",1.25980169792848,1.04783858493575,0.185,0.165,0.0108809884824072,2
"DYRK1B",1.26180978980031,1.26180978980031,0.25,0.25,3.1268024114746e-07,1
"DYRK2",2.49839800390227,1.70075455239789,0.477,0.368,3.2727381091817e-72,3
"DYRK4",2.31436851456729,2.31436851456729,0.485,0.485,1.80424747194214e-58,1
"E2F2",5.93365382622303,3.74402015071116,0.596,0.442,2.76802832975697e-156,2
"E2F3",1.03900856833777,1.03900856833777,0.16,0.16,1,1
"E2F4",2.48420715459717,1.26523990504988,0.667,0.4405,8.75696785851399e-121,4
"E2F5",2.03036879685325,2.03036879685325,0.409,0.409,8.88209746235239e-62,1
"E2F6",1.89571301408897,1.89571301408897,0.25,0.25,9.66852293278527e-10,1
"EAF1",0.573875238008245,0.573875238008245,0.288,0.288,3.2624099721411e-112,1
"EAF2",3.67491107423254,3.01466347763012,0.955,0.6655,1.11634153732992e-140,2
"EAPP",0.602091211553338,0.442475555092503,0.523,0.38275,1.46807100896295e-39,4
"EBAG9",2.04667526546425,1.55481006188888,0.621,0.505,7.15398636155572e-48,2
"EBF1",4.90575657232681,4.90575657232681,0.326,0.326,5.89902389918752e-268,1
"EBI3",4.90428635191198,4.90428635191198,0.333,0.333,2.63470076970249e-94,1
"EBLN3P",1.12503847407726,1.12503847407726,0.435,0.435,1.71012315342057e-82,1
"EBNA1BP2",2.33425216128985,1.86761995058965,0.576,0.401333333333333,5.13295436480114e-45,3
"EBP",3.05588127599477,2.29347545951027,0.561,0.5595,3.84161394151932e-65,2
"EBPL",1.57900825985673,1.02281436123745,0.712,0.4635,3.31166126125154e-49,4
"ECD",0.512677358102721,0.496306169601884,0.417,0.337,1.76322783354968e-76,2
"ECH1",1.37692143003103,1.18985549188655,0.864,0.602666666666667,2.97512309971569e-145,6
"ECHDC1",1.66691180282164,0.75015699628631,0.75,0.509,1.34049497825887e-258,6
"ECHS1",1.97782858806429,1.34618568788803,0.803,0.473,2.33744950735559e-90,5
"ECI1",1.65821978591709,1.57273141458959,0.652,0.537666666666667,3.83823399361963e-132,3
"ECI2",2.100233398503,1.4551947868104,0.53,0.391,1.47589311628716e-31,3
"ECPAS",1.34548483329103,0.706938399887055,0.472,0.465,2.57956350211529e-217,3
"ECSIT",1.77311307252697,1.6912943077157,0.444,0.363,1.38174689607486e-122,2
"EDC3",1.68539815805254,1.68539815805254,0.273,0.273,3.71129053138891e-28,1
"EDEM1",2.00174624359194,1.68540989835555,0.894,0.6335,3.2967303974998e-44,2
"EDEM2",1.10798065412567,0.701130527639,0.682,0.4915,3.06189646827658e-81,2
"EDEM3",1.29980948204467,0.933189801528244,0.486,0.28,6.29259119826542e-22,4
"EDF1",1.41622965207073,1.15024499472307,0.972,0.866,2.46960921909615e-123,6
"EDRF1",0.372959742481257,0.372959742481257,0.262,0.262,2.95163790532437e-64,1
"EEA1",1.22280167212134,1.08448243953275,0.556,0.5415,1.20938487682563e-181,2
"EED",1.40325662602558,1.01139498660362,0.424,0.371666666666667,3.05089727533373e-17,3
"EEF1A1",1.93015327195925,1.10237586763847,1,0.9976,1.04398657333333e-259,5
"EEF1AKMT2",0.860751089955212,0.860751089955212,0.409,0.409,3.15223474251092e-24,1
"EEF1B2",2.27024518186009,1.47431419335944,0.985,0.96475,0,4
"EEF1D",1.53698976142298,1.1410064582105,0.988,0.976,1.56714656846033e-223,3
"EEF1E1",1.42976379352916,0.989420012420267,0.606,0.3728,5.015452219068e-37,5
"EEF2",1.55074470026492,1.09089112660298,1,0.944833333333333,8.4786098552714e-192,6
"EFCAB14",0.814803678861774,0.765413030981796,0.75,0.683,1.46788563157211e-164,2
"EFHD2",1.45421187726785,0.640391260667699,1,0.67475,5.84229845505036e-49,4
"EFL1",1.61681661480638,1.61681661480638,0.25,0.25,2.86309065917297e-08,1
"EFR3A",0.917737521132828,0.877031054981711,0.778,0.707,7.27606174404941e-245,2
"EFTUD2",1.7594700878364,1.2295519948107,0.75,0.537333333333333,2.21587828810811e-181,3
"EGLN1",2.18704127168539,2.18704127168539,0.287,0.287,1.16557586504034e-27,1
"EGR1",2.28915861319943,1.48933484053523,0.858,0.562666666666667,0,3
"EGR2",4.26814032446524,3.08256909355775,0.408,0.3985,0,2
"EHBP1L1",1.1709464915207,0.936631993771788,0.188,0.1725,3.87957874190559e-05,2
"EHD1",0.749162544097847,0.749162544097847,0.409,0.409,3.85111532349085e-06,1
"EHD4",2.76382206619203,2.11586189331401,0.722,0.632666666666667,0,3
"EHMT1",0.928091932017108,0.683574798061254,0.621,0.5045,1.22182563855024e-96,4
"EHMT2",1.17286898218052,0.787028098482086,0.472,0.4025,4.43001401567502e-10,2
"EI24",1.78330877802727,1.47724185484849,0.5,0.418333333333333,9.51313882755817e-123,3
"EID1",1.20031511695736,0.82049976632929,0.944,0.699571428571429,2.44898157702262e-162,7
"EID2",1.20155267150618,1.20155267150618,0.333,0.333,1.76097530564489e-06,1
"EIF1",1.64875877303893,0.732847063553436,1,0.9528,6.65694060493022e-72,5
"EIF1AD",1.09687727249881,0.918462679500285,0.318,0.312,4.44928766584459e-16,2
"EIF1AX",1.37479853173134,0.896758397900751,1,0.735428571428571,6.19768166536947e-128,7
"EIF1B",0.321027024686738,0.321027024686738,0.528,0.528,4.45446180629462e-45,1
"EIF2A",1.53003002524516,1.27823044728194,0.818,0.6186,1.04869396698921e-203,5
"EIF2AK1",3.94571058794819,3.25126143775433,0.596,0.5015,7.30046902287395e-37,2
"EIF2AK2",1.07770197720506,0.800821765092817,0.565,0.442,8.36669629519433e-08,3
"EIF2AK3",2.33833582258821,2.33833582258821,0.545,0.545,7.43460986558588e-85,1
"EIF2AK4",2.07021689380266,1.5123188016949,0.788,0.52425,1.26159471754681e-174,4
"EIF2B1",1.22480208559927,1.00786961957152,0.455,0.39,6.43606372284281e-126,4
"EIF2B2",0.612624649579755,0.467106822468725,0.318,0.284,2.69725029910149e-11,2
"EIF2B3",1.638173902362,1.638173902362,0.318,0.318,6.24096835296056e-23,1
"EIF2B4",1.15433310816724,0.969567630220037,0.485,0.368333333333333,2.46881469515732e-67,3
"EIF2B5",1.30308799728868,0.85071737964396,0.444,0.337666666666667,1.97204990075649e-67,3
"EIF2D",0.850530254432944,0.850530254432944,0.288,0.288,7.24379494322576e-08,1
"EIF2S1",1.75871666302093,1.31848475523763,0.697,0.5228,7.94356366317591e-115,5
"EIF2S2",1.37316829858914,0.881523905553917,1,0.826666666666667,3.13325661105799e-127,6
"EIF2S3",0.85598284894293,0.6553652938955,0.861,0.7114,2.79744393963203e-98,5
"EIF3A",1.50063154163902,1.05253391850213,1,0.8284,1.07599407539708e-266,5
"EIF3B",1.65854726693025,1.14478303625098,0.778,0.510333333333333,1.59752746901544e-147,6
"EIF3D",1.53622003500156,0.963283161423951,0.861,0.693833333333333,2.16713534152076e-111,6
"EIF3E",1.93765545406284,1.09262395185986,1,0.889,6.47474762433981e-203,6
"EIF3F",1.46079718319297,1.03884574035343,0.972,0.846,3.23852361614465e-129,6
"EIF3G",1.58676282278022,1.16270713289668,0.972,0.844166666666667,6.34302094127434e-179,6
"EIF3H",1.40971138602796,1.01512579365225,0.972,0.849833333333333,4.20101204214201e-159,6
"EIF3I",1.75696651290125,1.27176558713508,0.879,0.602833333333333,4.66002761527878e-134,6
"EIF3J",1.71748498635094,1.16513411711431,0.909,0.626,3.82491439841144e-127,6
"EIF3K",1.5056478844977,1.17477924303354,1,0.925166666666667,6.5789719134027e-185,6
"EIF3L",1.65981242402032,1.03536595726168,1,0.678333333333333,3.5725528326197e-202,6
"EIF3M",1.3492337628972,0.97261764845744,1,0.763166666666667,3.22582185512485e-211,6
"EIF4A1",1.47734233527498,0.982400840542069,0.833,0.736333333333333,1.249807040427e-281,3
"EIF4A2",1.64212789959699,1.21203121440735,0.838,0.808666666666667,5.79279797446209e-183,3
"EIF4A3",1.20476587592765,0.829852752337582,0.75,0.4624,2.10535878483486e-102,5
"EIF4B",1.03251528864618,0.793556868439249,0.972,0.720666666666667,6.3957463171086e-120,6
"EIF4E2",1.81044208266617,1.21516169082448,0.944,0.73525,4.38127616998075e-268,4
"EIF4EBP1",2.03405673487127,2.02537256934608,0.778,0.637,4.06070671647025e-272,2
"EIF4EBP2",1.67133727799662,1.01531931418796,0.736,0.525333333333333,1.52745197202871e-188,3
"EIF4ENIF1",0.598332020285776,0.598332020285776,0.394,0.394,4.30538970558014e-22,1
"EIF4G1",1.9060318049491,1.14864023063022,0.889,0.69725,0,4
"EIF4G2",0.593940620130707,0.509020186364399,1,0.96,1.13411134087646e-109,2
"EIF4G3",1.51006550985959,0.969170023441063,0.626,0.439666666666667,2.99451265786944e-163,3
"EIF4H",1.3706043558449,1.0859946919211,0.972,0.756,3.66220580514487e-256,3
"EIF5",0.59525136966381,0.59525136966381,0.152,0.152,1.90383025134246e-23,1
"EIF5A",1.64425603630015,1.13722051873658,0.972,0.632428571428571,1.97511608264484e-120,7
"EIF5B",1.89242602484582,1.3830137367068,0.97,0.7325,4.01142554459148e-102,6
"EIF6",1.46785898365116,0.889066865626642,0.639,0.4478,9.7205888177166e-136,5
"EIPR1",1.06339274369385,0.982988225747103,0.379,0.3285,1.23637556488048e-18,2
"ELAC2",1.75559857188388,1.75559857188388,0.306,0.306,4.89399877228129e-09,1
"ELANE",6.41228209134064,6.41228209134064,0.683,0.683,0,1
"ELAVL1",0.818124307573857,0.685096331939415,0.639,0.51775,1.70113797392036e-121,4
"ELF1",1.13908530862893,0.839387293722732,0.383,0.293,3.98930567550047e-08,2
"ELF4",0.871135765267494,0.640733800705591,0.556,0.4305,1.17627427313658e-118,2
"ELK1",1.29966812909943,1.29966812909943,0.389,0.389,1.75190255487386e-10,1
"ELK3",2.02458193487269,1.77323818427686,0.806,0.739,0,2
"ELK4",1.32885600459753,0.895372841941093,0.556,0.4078,4.18449550622106e-96,5
"ELL2",2.90121374085186,2.150837983739,0.879,0.571,9.21305508645538e-111,2
"ELMO2",0.599388403635575,0.599388403635575,0.333,0.333,2.8680468456548e-07,1
"ELOA",1.2294652672405,1.11609966009682,0.528,0.444666666666667,1.83782910648303e-108,3
"ELOB",1.01922128570931,0.681433667386538,0.972,0.8156,1.20264541846168e-158,5
"ELOC",1.15462063652129,0.833703890867934,0.894,0.6374,3.486853324997e-145,5
"ELOF1",1.9640130160489,1.218651962791,0.545,0.4475,5.92235770362742e-79,4
"ELOVL1",1.45529542837734,1.24009162694831,0.667,0.5205,5.05393152576253e-148,2
"ELOVL5",0.734288223629184,0.734288223629184,0.319,0.319,0.441389334259771,1
"ELP1",1.43271568222133,1.43271568222133,0.333,0.333,2.06887598458681e-11,1
"ELP2",1.43463956736823,0.862311529286814,0.379,0.3255,7.67266637577906e-43,2
"ELP3",1.41497503174636,1.41497503174636,0.361,0.361,2.43308998405252e-09,1
"ELP4",0.67663826335898,0.67663826335898,0.303,0.303,2.36318728917061e-09,1
"ELP5",0.844701209024381,0.754960932681368,0.333,0.333,4.08212592882426e-12,2
"ELP6",2.03633911407773,1.45543795507263,0.576,0.415333333333333,2.48548874545471e-37,3
"EMB",2.41723142609526,1.56158253717421,0.896,0.698666666666667,2.83141559869987e-121,3
"EMC1",1.82582736726166,1.82582736726166,0.333,0.333,3.36415091411267e-11,1
"EMC10",1.60225334943029,1.08255469345574,0.833,0.50825,3.52077822269416e-165,4
"EMC2",1.61508523384225,1.12088999391228,0.576,0.387,2.95123086935635e-48,3
"EMC3",3.07414566941717,2.16573554142418,0.561,0.459,1.26688057066388e-20,2
"EMC4",1.42773233526136,1.04163577596878,0.667,0.52825,5.29686648136608e-83,4
"EMC6",1.16079940407764,0.766100346300245,0.848,0.556,7.14013275435836e-114,5
"EMC7",2.04111342738948,1.11225066248956,0.879,0.5344,1.87286452129594e-88,5
"EMC8",1.33210627100614,0.780286898418149,0.583,0.433333333333333,6.83978117330356e-98,3
"EMC9",2.09624230162544,2.09624230162544,0.394,0.394,1.23792658745909e-58,1
"EMILIN2",2.12712509111663,1.91049999085048,0.861,0.826,0,2
"EML2",0.274385219994589,0.274385219994589,0.288,0.288,2.39933506177158e-10,1
"EML3",0.328524275472029,0.328524275472029,0.306,0.306,0.0130541266768868,1
"EML4",0.676972093249296,0.538462521740793,0.674,0.373,1.65124082621859e-31,4
"EMP3",1.38442562083924,1.14312349244678,1,0.982,4.77594794307664e-156,3
"EMSY",0.42285928640695,0.42285928640695,0.333,0.333,0.00100348370646196,1
"ENDOG",2.25973806315882,1.84467236148694,0.5,0.35025,4.96775934535601e-89,4
"ENG",3.11220577785538,3.11220577785538,0.389,0.389,2.57992154964115e-35,1
"ENO1",1.5334946843977,1.13194357393726,1,0.89,1.45976571237886e-232,4
"ENOPH1",1.17465895939371,1.17465895939371,0.333,0.333,5.23704098220479e-16,1
"ENOX2",1.92462992070713,1.92462992070713,0.472,0.472,1.09253823191697e-20,1
"ENPP4",4.61531500971008,3.55220023426152,0.482,0.3935,2.78933873203792e-211,2
"ENSA",0.710383567737579,0.692630810674772,0.651,0.558,5.22509453785083e-46,2
"ENTPD1",0.853290638641548,0.819941060392198,0.574,0.5245,8.82121252431304e-21,2
"ENTPD4",0.350180759760301,0.350180759760301,0.636,0.636,1.04176670632462e-18,1
"ENTR1",0.675131190294382,0.675131190294382,0.278,0.278,0.928402937690953,1
"ENY2",1.13769924485556,0.906369557868914,0.944,0.6408,1.56123827760019e-217,5
"EOMES",7.01342272296388,7.01342272296388,0.442,0.442,0,1
"EP300",1.07594675695348,1.07594675695348,0.393,0.393,0.00309777217213088,1
"EP400",0.884963332917089,0.695195789065923,0.591,0.499333333333333,2.05622110522239e-76,3
"EPB41",2.4652733576467,1.017748973322,0.912,0.4065,1.23176694953798e-17,4
"EPB41L3",4.06923389978865,3.86642714986329,0.861,0.626,0,2
"EPB41L4A-AS1",2.22523205009616,2.20161087635783,0.539,0.4805,3.12750687874527e-142,2
"EPB42",11.0244480724438,11.0244480724438,0.754,0.754,0,1
"EPC1",0.476643470766377,0.397683256094785,0.14,0.1095,1.77016999964541e-31,2
"EPHB2",5.31255268823011,4.15732178891015,0.417,0.3645,2.78820235989743e-313,2
"EPHB6",0.711013624949095,0.711013624949095,0.333,0.333,5.6512764799881e-05,1
"EPM2AIP1",1.51965011606018,1.51965011606018,0.253,0.253,2.13065664396154e-05,1
"EPN1",0.379328746054352,0.327324522050622,0.778,0.685,1.9338132283216e-174,2
"EPN2",2.65554924064596,2.65554924064596,0.409,0.409,8.35099779400798e-87,1
"EPOR",3.42716182070339,3.42716182070339,0.298,0.298,9.75040206510065e-24,1
"EPRS",2.32490322364902,1.45502576022518,0.879,0.542333333333333,4.08970843441376e-120,6
"EPS15",0.584327781715843,0.445538515479502,0.126,0.11,1.69418824766651e-30,2
"EPS8",3.76125035310798,3.76125035310798,0.583,0.583,2.62149509043958e-65,1
"EPSTI1",1.30454518584974,0.811058690136063,1,0.500333333333333,1.36297752025768e-19,3
"ERAL1",1.47515484631782,1.47515484631782,0.303,0.303,2.63977806885798e-23,1
"ERAP1",0.796472535708568,0.53651959908595,0.639,0.440666666666667,1.87284815501616e-118,3
"ERAP2",0.87424766523369,0.748994584999205,0.418,0.339,1.13411548088829e-54,2
"ERBIN",1.35887364951298,1.04864328269021,0.36,0.282,6.13404637025046e-07,2
"ERC1",1.20875881189743,1.00466932932626,0.682,0.513333333333333,4.14737979114078e-157,3
"ERCC1",1.50763784361292,1.24962826606999,0.667,0.483,9.10934511836739e-184,3
"ERCC2",2.60840206552256,2.60840206552256,0.306,0.306,4.46744513888775e-21,1
"ERCC3",1.18545002609724,1.18545002609724,0.278,0.278,0.000277771731324813,1
"ERCC4",1.2152474527884,1.2152474527884,0.379,0.379,7.04278537060969e-25,1
"ERCC6L2",0.396131729274898,0.396131729274898,0.361,0.361,0.00223705810427771,1
"ERF",0.860779823306602,0.860779823306602,0.278,0.278,2.00627894463393e-07,1
"ERG28",0.795788679531759,0.795788679531759,0.364,0.364,2.7423160300694e-18,1
"ERGIC1",1.82457408268513,1.82457408268513,0.438,0.438,7.815953143707e-50,1
"ERGIC3",1.82512901065386,1.20047308810062,0.894,0.62975,4.31513979482203e-153,4
"ERH",1.60837355747505,1.17507454322191,0.924,0.7275,8.40630139526438e-98,6
"ERI3",1.30111756200606,1.30111756200606,0.273,0.273,3.64553962712507e-14,1
"ERICH1",0.470620217437237,0.421978842135504,0.745,0.451666666666667,6.93557278223888e-139,3
"ERLEC1",4.02244127909365,1.40741145476534,0.939,0.48225,1.66062670815664e-94,4
"ERLIN2",1.43136765146967,1.13921204370945,0.472,0.3745,8.11344827755945e-109,2
"ERMAP",5.05180293181616,5.05180293181616,0.439,0.439,1.95743720831021e-53,1
"ERN1",0.852575489133246,0.622256699495437,0.545,0.4005,4.97576748758609e-36,2
"ERO1A",1.80173767482616,0.925538729204981,0.674,0.38575,2.29374832021553e-163,4
"ERO1B",0.933330628621237,0.933330628621237,0.561,0.561,1.4576312258325e-29,1
"ERP29",1.58111134784169,1.01062243844374,0.97,0.871833333333333,4.43916251691495e-166,6
"ERP44",0.741816111652005,0.528125726505117,0.833,0.6475,1.4574857875452e-158,4
"ESAM",8.01374944230195,8.01374944230195,0.308,0.308,6.92994615140083e-259,1
"ESCO1",0.635946247662415,0.562403274371766,0.53,0.422,5.98630599459416e-18,2
"ESD",1.57935205087899,1.34684838607613,0.778,0.4915,8.44495805818025e-172,4
"ESF1",1.60613187422562,1.08237380059681,0.639,0.4084,8.05366169761362e-55,5
"ESRRA",1.31478571876008,1.2916605266202,0.667,0.5905,1.66812541399645e-248,2
"ESYT1",2.16326651000166,1.41726429832487,0.545,0.4505,2.23461060152847e-82,4
"ESYT2",1.16362893964184,0.81288616261574,0.528,0.37525,2.34127081600327e-72,4
"ETF1",0.638485274841876,0.507068173848378,0.694,0.643,1.79673839245165e-193,2
"ETFA",4.39735631971312,4.39735631971312,0.365,0.365,1.31448938509621e-34,1
"ETFB",0.946445160216273,0.701337598592508,0.848,0.598,1.04630028076637e-107,6
"ETHE1",1.58403878853867,1.44700893302574,0.472,0.456666666666667,1.1115033731554e-185,3
"ETNK1",1.47623926339447,1.10631071845219,0.833,0.617333333333333,2.21779325064933e-183,3
"ETS1",3.31086261692009,2.0462909842021,0.957,0.857,0,3
"ETS2",1.30041177094736,1.30041177094736,0.889,0.889,1.17275731503608e-35,1
"ETV3",1.07202194609229,0.969135999063559,0.389,0.324,2.33394109035199e-114,2
"ETV6",1.12509919288789,0.78530778820738,0.305,0.204,0.000223912168104687,3
"ETV7",0.627711080742859,0.627711080742859,0.25,0.25,7.57608381607793e-10,1
"EVA1B",0.922971904088448,0.922971904088448,0.611,0.611,2.86998743539793e-26,1
"EVI2A",2.0390940987646,1.27659587734765,0.836,0.549,3.65638610389227e-237,2
"EVI2B",1.95973942857253,1.95973942857253,0.802,0.802,2.01829221319079e-267,1
"EVI5",1.54301442238616,1.30079727840598,0.519,0.5095,1.2668253109836e-307,2
"EVL",2.73044491886098,2.21596948568213,0.942,0.748,3.90704465389605e-290,3
"EWSR1",0.51994663531932,0.425467566898977,0.944,0.534,5.68001209235485e-159,4
"EXOC2",2.19786070723424,2.19786070723424,0.279,0.279,1.40280647235206e-13,1
"EXOC3",0.272827783077271,0.272827783077271,0.435,0.435,1.90935696941015e-134,1
"EXOC4",0.251893190361632,0.251893190361632,0.391,0.391,1.09180154688874e-101,1
"EXOC5",0.742469716828429,0.553346473820913,0.639,0.484333333333333,1.33634093063903e-139,3
"EXOC6",0.669986082722814,0.663994646551274,0.325,0.2905,9.46886008052355e-06,2
"EXOG",2.06922792857739,1.50482629639083,0.372,0.321333333333333,1.04472579188612e-53,3
"EXOSC1",1.50935342861071,0.999676234372591,0.621,0.46525,3.50730193917246e-51,4
"EXOSC10",0.963892741898758,0.8184386658488,0.389,0.354,9.89042972075054e-93,2
"EXOSC2",1.81919336886156,1.81919336886156,0.361,0.361,8.35950952368433e-17,1
"EXOSC3",1.24434902621294,0.798852637386525,0.417,0.345666666666667,1.82543853473207e-10,3
"EXOSC4",1.4456249215441,1.13166635944839,0.348,0.3405,1.15004231923935e-23,2
"EXOSC5",1.35281085620184,1.2327167809536,0.318,0.284,3.86075434531618e-15,2
"EXOSC6",1.45334049059062,0.843703176206749,0.444,0.343666666666667,4.65676442251333e-47,3
"EXOSC7",1.46454726986683,1.19714562219617,0.485,0.361666666666667,2.04280425363745e-27,3
"EXOSC8",1.8218641117204,1.21469282654689,0.439,0.341666666666667,4.51798893593839e-61,3
"EXOSC9",1.6153955901258,0.998456203364979,0.394,0.340666666666667,1.06017664235077e-12,3
"EXT1",0.599146947323302,0.599146947323302,0.361,0.361,5.08356819931273e-11,1
"EYA3",0.543991892073978,0.398466712481508,0.318,0.298,1.35142019794271e-10,2
"EZH2",1.86072194611236,1.74846591569228,0.439,0.359,7.52666934613599e-37,2
"EZR",1.38051287313943,0.747971865187497,0.879,0.7298,8.16438883170112e-104,5
"F13A1",5.6382125160147,3.1483312095045,0.694,0.6205,6.90619656455264e-194,2
"F8A1",0.907743473686708,0.907743473686708,0.306,0.306,0.00468109534859695,1
"FAAP100",1.14557316352462,1.14557316352462,0.278,0.278,3.39220520435193e-06,1
"FAAP20",0.527711172932283,0.527711172932283,0.29,0.29,1.14564788469489e-15,1
"FABP5",3.44362735855334,2.53538451292944,0.606,0.496666666666667,3.63270788084496e-61,3
"FADD",1.02063758196286,1.02063758196286,0.389,0.389,6.39998167923663e-14,1
"FADS1",3.1167309969848,2.9822637097568,0.5,0.419,2.05654788519688e-269,2
"FAF1",1.05533095786929,0.969302962695267,0.409,0.371,9.26608515351468e-17,2
"FAF2",0.778743569358655,0.57599699074154,0.439,0.339333333333333,5.47177900522452e-78,3
"FAH",6.33797077381569,6.33797077381569,0.264,0.264,3.1917811438014e-94,1
"FAHD1",1.99266201662136,1.99266201662136,0.444,0.444,2.38507259115647e-20,1
"FAHD2A",1.69598435034485,1.69598435034485,0.348,0.348,7.98413436384266e-32,1
"FAIM",1.95458559387813,1.95458559387813,0.258,0.258,6.40491451391658e-26,1
"FAM102A",3.58704529824467,2.17772888599097,0.368,0.343,1.72653744797301e-211,2
"FAM102B",0.319789962621912,0.319789962621912,0.292,0.292,8.44525858788372e-107,1
"FAM104A",2.48597774962889,1.43393700024105,0.596,0.518666666666667,1.69774862872968e-27,3
"FAM107B",1.57031915183141,0.910352311863223,0.86,0.72775,4.26066735668891e-43,4
"FAM111A",2.01563438999515,2.01563438999515,0.462,0.462,1.94774166074479e-27,1
"FAM114A2",0.836647525620819,0.616777031687103,0.306,0.282,1.35778938371136e-06,2
"FAM117A",2.5105664763433,1.85714094351407,0.509,0.4055,3.26869201066325e-21,2
"FAM117B",2.12921708278982,1.88859960381379,0.528,0.466,1.42496912369814e-204,2
"FAM118A",1.24998726628757,0.693585895014751,0.694,0.47475,8.5237300943686e-93,4
"FAM120A",0.408760682771784,0.350900319645736,0.896,0.5155,2.20168388378703e-167,2
"FAM120AOS",0.536345948370162,0.536345948370162,0.472,0.472,1.92776744253133e-08,1
"FAM122A",0.92110057462894,0.740575150199258,0.361,0.347,2.93697055798814e-15,2
"FAM122B",0.542956842281775,0.542956842281775,0.25,0.25,0.556508960194111,1
"FAM126A",1.49122763969378,1.08594870948183,0.712,0.506,6.14021189393431e-105,3
"FAM126B",1.5347295490137,1.47508261600036,0.384,0.3485,1.32122769689116e-20,2
"FAM129A",2.03344663357386,1.63858453090096,0.651,0.5495,4.09691156876894e-203,2
"FAM129B",3.81415309431041,3.30006568499055,0.5,0.4475,0,2
"FAM129C",4.99458542135058,4.99458542135058,0.557,0.557,0,1
"FAM133B",0.855313750926525,0.600117342004676,0.944,0.5814,2.43553767269352e-143,5
"FAM136A",2.44663187705704,1.48202244176284,0.773,0.434,7.95006990380866e-70,4
"FAM13A",2.86198598584374,1.8790023379119,0.556,0.421,2.34178881474058e-174,3
"FAM162A",1.87825039058525,0.996600429756243,0.53,0.376,2.65000055956551e-86,4
"FAM168A",0.581711678601752,0.581711678601752,0.361,0.361,1.74616268584206e-07,1
"FAM168B",0.816039056612439,0.740461431447668,0.417,0.3655,8.04481446325614e-107,2
"FAM173A",1.76916750531193,1.55045211291662,0.773,0.5035,4.06195273520025e-102,6
"FAM174A",0.723683435085584,0.723683435085584,0.348,0.348,2.738787782767e-31,1
"FAM177A1",1.6308482193057,1.06557538780395,0.833,0.5595,1.49571360489878e-36,2
"FAM198B",4.54854757864932,3.02680316784469,0.85,0.8415,0,2
"FAM198B-AS1",4.86520855011571,3.48300171024287,0.472,0.426,0,2
"FAM200B",1.41840084840545,0.886573949179797,0.696,0.4335,1.00925343940006e-175,2
"FAM204A",0.6569817740123,0.515347688079362,0.806,0.5755,4.05592442403289e-138,4
"FAM206A",1.76406057727189,1.76406057727189,0.361,0.361,8.09461356435651e-20,1
"FAM207A",1.94710992744655,1.81335535182412,0.606,0.447,9.01515670369463e-47,3
"FAM208A",0.749265288891712,0.639254528738548,0.778,0.693,2.71220957312767e-157,2
"FAM208B",1.37326746993102,0.763043668725565,0.694,0.539,6.40257578335799e-97,3
"FAM20B",2.07511299834134,2.07511299834134,0.5,0.5,1.79978388655314e-23,1
"FAM20C",2.86246605435156,2.86246605435156,0.333,0.333,1.17408191629118e-19,1
"FAM210B",5.2182877524432,2.14585104562128,0.895,0.496333333333333,4.77096612647182e-126,3
"FAM214A",0.91790569679102,0.91790569679102,0.742,0.742,2.3790662114905e-39,1
"FAM214B",0.834298717055887,0.834298717055887,0.439,0.439,2.07608032991292e-07,1
"FAM217B",2.01752256568714,2.01752256568714,0.372,0.372,4.16137491934428e-23,1
"FAM234A",0.691078648003289,0.691078648003289,0.333,0.333,1.31239792812473e-07,1
"FAM241A",1.15893726939375,1.04257595099657,0.361,0.352,6.44830237447995e-179,2
"FAM30A",4.17496739663775,3.04299119635857,0.471,0.402,0,2
"FAM32A",0.337784026781477,0.337784026781477,0.889,0.889,3.09650022059486e-10,1
"FAM3C",3.77627758655886,2.20999117332354,0.864,0.553666666666667,1.13453395038256e-200,3
"FAM49A",0.432354532461778,0.432354532461778,0.944,0.944,2.96268196955305e-20,1
"FAM49B",1.20015771542315,1.06457584929922,0.433,0.364,1.63052935112289e-07,2
"FAM50A",1.20139498822797,0.969098172231068,0.778,0.48125,9.5554953414395e-147,4
"FAM53B",1.56471654472509,1.0497065067756,0.472,0.4455,2.29498704365323e-17,2
"FAM69A",3.22652302106029,3.22652302106029,0.591,0.591,2.569178475081e-154,1
"FAM76A",1.15339881895755,1.15339881895755,0.389,0.389,6.75849502296436e-08,1
"FAM78A",1.42221753662283,1.05208283285275,0.556,0.472,1.33696119935644e-142,3
"FAM89B",0.873121277399663,0.829581097931908,0.75,0.596,4.26355286777377e-13,2
"FAM8A1",1.58386254909433,1.58386254909433,0.279,0.279,2.98797802622294e-20,1
"FAM91A1",0.748376836567365,0.748376836567365,0.159,0.159,2.76730829847194e-05,1
"FAM96A",1.28874973656729,0.982999307724893,0.806,0.5125,2.21138202025311e-154,4
"FAM96B",1.4235021561208,1.06110344098006,0.917,0.672166666666667,3.1618200896072e-123,6
"FAM98A",1.99986703579907,1.53987421293381,0.606,0.4695,3.23801357038954e-59,2
"FAM98B",0.820913942256141,0.595221185555731,0.409,0.333333333333333,2.30385258466588e-48,3
"FAM98C",0.69302674551664,0.69302674551664,0.267,0.267,5.21306712802319e-06,1
"FANCA",0.4572478701239,0.4572478701239,0.348,0.348,2.85940957058824e-30,1
"FANCF",1.36647890768588,1.36647890768588,0.303,0.303,1.46716612503698e-13,1
"FAR1",1.01303877657851,0.814477839156247,0.446,0.302,4.03234143646595e-11,4
"FAR2",1.93365986980449,1.90209639496815,0.406,0.366,4.21641807002843e-47,2
"FARP2",1.29535009066389,1.29535009066389,0.258,0.258,2.1562796198101e-15,1
"FARS2",1.33456705947059,1.33456705947059,0.273,0.273,5.01092864065595e-17,1
"FARSA",1.75535461282915,1.22748140921297,0.424,0.33925,3.88851364904838e-67,4
"FARSB",1.47794348690879,1.47794348690879,0.25,0.25,4.78241614250972e-05,1
"FASLG",6.39031528019152,6.39031528019152,0.302,0.302,1.06717230895669e-315,1
"FASTK",0.630676800936992,0.52735339099983,0.545,0.4135,9.71558607726251e-66,2
"FASTKD1",2.20688119141303,2.20688119141303,0.333,0.333,2.16293058242535e-12,1
"FASTKD2",1.22306118461609,1.22306118461609,0.364,0.364,2.63478359499985e-18,1
"FAU",1.80461980077296,1.23903302401738,0.99,0.985333333333333,0,3
"FAXDC2",6.44791615152195,4.55202966145679,0.386,0.3345,4.25108935820029e-178,2
"FBH1",1.65431220712235,1.65431220712235,0.864,0.864,1.31689818678535e-77,1
"FBL",1.74106962906267,1.13628151272665,0.742,0.565333333333333,6.85464813348046e-109,6
"FBN2",3.47644025677779,3.47644025677779,0.32,0.32,2.15357366466852e-283,1
"FBP1",3.62472776578325,2.8812573532542,0.453,0.435,0,2
"FBRSL1",0.469604310072999,0.41894033579689,0.389,0.3275,9.89984876290285e-72,2
"FBXL15",1.29590587050651,0.864951833088189,0.53,0.411,1.77514141658316e-82,4
"FBXL5",1.4411362396669,1.4411362396669,0.474,0.474,2.16947101592958e-42,1
"FBXL6",2.34419023440857,2.34419023440857,0.258,0.258,9.59363523363977e-34,1
"FBXL8",1.79338480555151,1.79338480555151,0.379,0.379,5.88295290350282e-41,1
"FBXO21",1.01072412469793,0.77411298778462,0.379,0.3425,4.39317398711452e-10,2
"FBXO22",0.785386506193966,0.637294020839396,0.5,0.426333333333333,2.01720605047897e-20,3
"FBXO25",0.64052062152412,0.515847026514553,0.409,0.3435,1.80424833875872e-12,2
"FBXO3",0.759534610051401,0.759534610051401,0.326,0.326,6.63436132477462e-06,1
"FBXO30",2.90797479142165,2.90797479142165,0.281,0.281,1.83080480054777e-10,1
"FBXO34",2.06376624306743,1.16824118745071,0.389,0.3435,0.00118645669677745,2
"FBXO45",1.00640802256386,1.00640802256386,0.333,0.333,6.6154639994668e-10,1
"FBXO46",0.307689147737442,0.307689147737442,0.273,0.273,3.37989857331416e-19,1
"FBXO5",1.74463206580076,1.74463206580076,0.288,0.288,6.94140156424276e-23,1
"FBXO6",1.94236044887355,0.975338444001535,0.47,0.37375,2.62375329748225e-98,4
"FBXO7",3.25884499424856,1.27684522498677,0.789,0.644,1.49571957018145e-150,4
"FBXO9",2.32701827400413,1.59506330117134,0.711,0.622333333333333,5.74418241635164e-73,3
"FBXW11",0.699265239646579,0.535739096406731,0.667,0.43,5.77288869272395e-20,3
"FBXW2",1.96936851681721,1.96936851681721,0.326,0.326,2.42676802354289e-19,1
"FBXW4",1.10789750255328,1.10789750255328,0.303,0.303,1.00526927524047e-11,1
"FBXW5",0.948531151809018,0.645109321956524,0.667,0.58,4.43220181980756e-140,3
"FBXW7",0.517759921058972,0.517759921058972,0.879,0.879,5.32573469330943e-34,1
"FBXW8",2.30864633381378,2.30864633381378,0.318,0.318,8.63068053938023e-37,1
"FCER1G",1.10665175100596,0.900955702878455,1,0.80725,4.47019121162159e-132,4
"FCER2",4.78516393537733,4.78516393537733,0.265,0.265,3.48441651051122e-243,1
"FCF1",1.19784633069307,0.709561986225205,0.583,0.418,4.50478874023165e-56,3
"FCGR1A",0.930630665239316,0.695179235369144,0.778,0.632,4.65698359605536e-246,2
"FCGR1B",0.410344197490371,0.410344197490371,0.611,0.611,2.90390043223565e-28,1
"FCGR2A",2.0920002826996,2.0920002826996,0.634,0.634,1.3140540376008e-179,1
"FCGR2B",3.28608674549906,1.95475161473855,0.758,0.508666666666667,6.10492666342635e-297,3
"FCGR3A",1.32609503549509,1.17261004075349,0.722,0.5705,5.4716849001609e-18,2
"FCGR3B",3.13732690716715,3.13732690716715,0.909,0.909,0,1
"FCGRT",1.70166671237159,1.33493457023405,1,0.704333333333333,0,3
"FCHO2",0.47300863800785,0.47300863800785,0.667,0.667,1.54774506346602e-22,1
"FCHSD2",1.01272543294638,0.777165668144723,0.667,0.543,2.74434133232429e-88,2
"FCMR",3.82846981560997,1.74629984526473,0.696,0.499666666666667,0,3
"FCN1",2.60028713565785,1.69714674249819,1,0.8865,0,4
"FCRL1",6.06681510468932,6.06681510468932,0.623,0.623,0,1
"FCRL2",5.64349739114568,3.06781042653696,0.43,0.4045,0,2
"FCRL3",2.49576785931663,2.49576785931663,0.326,0.326,1.27166453686353e-34,1
"FCRL5",5.07128043498591,3.59577087520001,0.788,0.6215,0,2
"FCRL6",7.3828116852107,7.3828116852107,0.326,0.326,0,1
"FCRLA",6.43072776157726,6.43072776157726,0.317,0.317,0,1
"FDFT1",0.912460755565661,0.714847043413786,0.694,0.4805,4.40254997140489e-96,4
"FDPS",1.45952732728862,0.923010156972647,0.758,0.5578,1.91719581604719e-29,5
"FDX1",2.71177125278603,1.59286979023864,0.879,0.4938,1.16687130095699e-73,5
"FECH",7.10807958652642,7.10807958652642,0.737,0.737,2.79303295136468e-220,1
"FEM1A",0.332028072300249,0.332028072300249,0.333,0.333,9.86332630507342e-06,1
"FEM1B",1.05572543148535,0.974597253441319,0.667,0.607,2.94009055835322e-243,2
"FEN1",1.99644072561916,1.99644072561916,0.303,0.303,9.80287276958417e-37,1
"FERMT3",3.78278830560797,3.78278830560797,0.668,0.668,3.15636121356645e-92,1
"FES",1.2638088267402,1.02489793515942,0.757,0.495,1.49099327465478e-285,3
"FEZ2",0.776768167173958,0.65264873482897,0.611,0.55,1.29067900367409e-183,2
"FFAR2",1.87029455548629,1.87029455548629,0.327,0.327,9.59749410271228e-64,1
"FGD2",2.47547558967074,1.75983456158987,0.833,0.552,7.92533267521419e-238,4
"FGD4",1.27170568800144,0.740580668229692,0.722,0.434333333333333,3.55369927425908e-275,3
"FGD5-AS1",0.312710494363209,0.305738048417438,0.778,0.4305,6.22428162063912e-34,2
"FGD6",4.28483311113169,4.28483311113169,0.404,0.404,0,1
"FGFBP2",9.83563338438755,9.83563338438755,0.837,0.837,0,1
"FGFR1OP2",0.789678390389526,0.6210272793849,0.509,0.267,3.02099025524701e-25,3
"FGL2",2.1081316261593,1.65588244564778,1,0.767333333333333,0,3
"FGR",1.25612214862325,0.717183336293169,0.924,0.585333333333333,3.62684453229337e-174,3
"FH",2.21795061341586,1.55903897852912,0.697,0.439,4.6740920872831e-74,3
"FHDC1",6.73061900160991,6.73061900160991,0.386,0.386,1.04247173054081e-219,1
"FHOD1",0.665787615864254,0.581865176536633,0.417,0.383,2.17513696105275e-164,2
"FIBP",1.39066502460771,1.15208605083071,0.682,0.60775,1.80201756320732e-192,4
"FICD",3.09607828084473,3.09607828084473,0.424,0.424,2.20383802478544e-121,1
"FIG4",0.808472941678618,0.808472941678618,0.339,0.339,1.27703891813734e-146,1
"FIP1L1",0.656812364738147,0.468794839527605,0.485,0.358666666666667,2.30446713454072e-14,3
"FIS1",1.4019929051361,1.07321258936593,0.924,0.688428571428571,2.25342186760154e-138,7
"FKBP11",4.04188718350397,2.18701713123251,0.985,0.61,1.5783177779684e-135,3
"FKBP14",3.78742022202877,3.78742022202877,0.47,0.47,2.51589948044424e-120,1
"FKBP15",1.39221704923058,1.07912368004278,0.833,0.7895,0,2
"FKBP1A",1.26291113185021,0.723673494370755,1,0.7865,2.66934493186826e-146,4
"FKBP2",3.51123319643531,1.63235459916585,0.97,0.6274,3.68483210424838e-110,5
"FKBP3",1.59427477112069,1.079872112382,0.742,0.4942,7.01607681060832e-78,5
"FKBP4",1.69834523079415,1.09565287410457,0.333,0.3105,5.63258601360386e-08,2
"FKBP5",1.12426552265606,0.664706122272705,0.972,0.64925,1.1454591526522e-115,4
"FKBP8",1.67602767469285,1.32967836862511,0.93,0.495,1.9245783418596e-21,3
"FLAD1",1.09064449683134,0.767755131985963,0.348,0.3405,1.49219760815278e-13,2
"FLCN",3.48119743323305,3.48119743323305,0.526,0.526,4.47000961997504e-34,1
"FLI1",1.01953550441625,1.01953550441625,0.19,0.19,0.000282327352027134,1
"FLII",1.02120270799936,0.99204937887058,0.889,0.7755,1.05962197943305e-249,2
"FLNA",3.49028390749965,1.59288903699275,1,0.881,7.58886281458999e-255,4
"FLOT2",1.07390792331864,0.586381077928553,0.551,0.384333333333333,1.08439521191658e-19,3
"FLT3",3.5079964119976,2.58083405381426,0.722,0.7135,0,2
"FLT3LG",4.97741503159058,4.97741503159058,0.44,0.44,0,1
"FLVCR1",3.23314719627422,3.23314719627422,0.362,0.362,5.71163863535517e-77,1
"FMC1",1.17191132641716,1.00429982329081,0.576,0.4055,9.97526509577077e-29,4
"FMN1",2.17507393322514,1.76519005215828,0.265,0.2575,2.81653582618151e-148,2
"FMNL1",1.42246982625001,1.24140819515439,0.476,0.443,2.31061425544461e-14,2
"FN1",4.68264499187491,4.07240297037373,1,0.916,0,2
"FNBP1",0.622574176151525,0.488228359797406,0.744,0.437,1.06992097868903e-24,2
"FNBP4",1.67854982389087,1.27356134721422,0.616,0.558666666666667,9.0373570869314e-110,3
"FNDC3A",0.920027474203269,0.920027474203269,0.803,0.803,1.68178524406998e-39,1
"FNDC3B",1.17557678304518,0.846054779209773,0.43,0.352,2.6734457867084e-05,2
"FNIP1",1.37545311307076,1.37545311307076,0.282,0.282,0.000422200356542618,1
"FNIP2",2.19134071550284,1.80431005923341,0.778,0.632,0,2
"FNTA",0.787545670871732,0.48085532050318,0.611,0.45075,6.24587916624411e-85,4
"FO393401.1",0.912886852375605,0.912886852375605,0.258,0.258,1.38915635288922e-15,1
"FOPNL",1.18140341197439,0.904266911870126,0.5,0.385,1.45635787033663e-71,2
"FOS",1.03951113863215,0.962940048605169,0.988,0.650666666666667,1.72316056788017e-169,3
"FOSB",1.23898000409175,1.23898000409175,0.285,0.285,1.08051870806811e-182,1
"FOXK1",0.997760336769692,0.997760336769692,0.417,0.417,4.64784625818766e-07,1
"FOXK2",1.19503293884615,0.854621525786746,0.472,0.4255,7.12355134855099e-16,2
"FOXN2",1.20324741481793,1.20324741481793,0.372,0.372,1.46678673434696e-12,1
"FOXN3",0.495054540957009,0.405567896312598,0.889,0.462,8.43862374210699e-162,4
"FOXO3",1.51307148535737,1.32847387644066,0.702,0.4745,2.52296018170306e-10,2
"FOXO4",3.02191668485468,3.02191668485468,0.333,0.333,8.77882211785323e-33,1
"FOXP1",1.03558080845189,0.74936811564645,0.789,0.781,4.31844474854912e-117,2
"FOXRED1",0.679031935535894,0.679031935535894,0.303,0.303,8.99414754308027e-17,1
"FPR1",2.36939448290236,2.36939448290236,0.759,0.759,3.60193302242089e-316,1
"FPR2",2.55341650786368,2.55341650786368,0.283,0.283,6.12193001563616e-40,1
"FRA10AC1",0.754469820678494,0.532373613796629,0.424,0.3925,8.17110358482781e-12,2
"FRAT2",2.12106328187102,2.12106328187102,0.347,0.347,5.15872420299357e-25,1
"FRG1",1.22459581923803,0.771184970004597,0.917,0.653833333333333,3.61442125131883e-95,6
"FRMD4A",7.75048216495443,7.75048216495443,0.404,0.404,5.83654761021256e-217,1
"FRMD4B",1.07163727649847,0.984732442370863,0.639,0.542,7.98989786536265e-276,2
"FRS2",0.61998774910761,0.61998774910761,0.333,0.333,1.33138757081903e-06,1
"FRY",0.815767897757727,0.815767897757727,0.568,0.568,1.69208206058794e-281,1
"FRYL",0.601358517318911,0.536687658581821,0.277,0.1845,7.55840735740114e-31,2
"FTH1",2.15991690589975,1.35353996193449,1,0.993333333333333,3.66351049530147e-312,3
"FTL",1.40343186460007,1.17623577935295,1,0.987666666666667,4.23802718744547e-264,3
"FTSJ1",2.18425516622712,2.18425516622712,0.409,0.409,3.3521000736403e-47,1
"FTSJ3",1.68138608038396,1.06107691111439,0.472,0.365,5.04060892508462e-16,2
"FTX",1.14839789391205,0.780651863222638,0.137,0.132,8.16788588753212e-24,2
"FUBP1",1.08422764445583,0.821571746646927,0.806,0.5484,1.87250962314434e-94,5
"FUBP3",1.43965765975875,1.28510019592077,0.444,0.3745,1.22853124421983e-122,2
"FUCA1",2.13209845073292,2.07943278867531,0.444,0.358,2.4022874309478e-135,2
"FUCA2",1.67445228783531,1.64468176931783,0.639,0.546,1.52214502192693e-254,2
"FUNDC2",1.58632503477706,1.13684087456566,0.667,0.469,1.01734522825736e-105,5
"FUOM",2.49420020974463,1.99801969804851,0.556,0.421333333333333,7.55349230548994e-93,3
"FURIN",0.525025340394169,0.406244153930245,0.556,0.513,1.15742572313341e-173,2
"FUS",0.818078371020764,0.520963883956912,0.837,0.60575,1.47284688170794e-60,4
"FUT11",2.40388925150804,1.41828998611712,0.395,0.3225,3.21847698160166e-36,2
"FUT4",3.50432459208809,1.89482172270215,0.444,0.3985,3.02470120280625e-73,2
"FUT8",2.41747255271829,2.41747255271829,0.667,0.667,2.46348386787541e-92,1
"FXN",2.01156179185759,1.86872465956231,0.515,0.4105,5.07970046944997e-59,2
"FXR1",1.00336376593335,0.680605255451821,0.917,0.574,1.19529427918959e-41,5
"FXYD5",1.73498087438003,1.07411683747497,1,0.7286,1.20581107236619e-185,5
"FYB1",1.3042293930847,1.02626101790694,0.781,0.6745,2.3994200715258e-157,2
"FYN",2.65398795579275,1.72355709782147,0.826,0.709,9.46278692280247e-219,4
"FYTTD1",1.06282403452389,0.828580328037808,0.667,0.513,1.07006929765156e-189,3
"FZD1",3.3833464965323,3.3833464965323,0.25,0.25,4.44380968163503e-29,1
"FZD2",5.40142923877254,4.32892903428496,0.389,0.3275,5.82008263009663e-262,2
"G3BP1",1.27737235452969,0.708052298318937,0.861,0.568,1.01404041479753e-117,7
"G3BP2",0.940382505199787,0.608726249477377,0.944,0.543,1.09159993713294e-122,5
"G6PC3",1.92295492089933,1.92295492089933,0.278,0.278,1.96779512486659e-06,1
"G6PD",1.41359862756668,0.792710613902645,0.722,0.54175,1.9925778017554e-251,4
"GAA",2.08950920278777,2.00066529531459,0.75,0.6455,0,2
"GAB1",1.64569552698371,1.64569552698371,0.667,0.667,8.06872969013458e-99,1
"GAB3",1.81706961280572,1.81706961280572,0.535,0.535,9.52093758006568e-45,1
"GABARAP",0.980332144078609,0.787303449431984,0.154,0.122,1.2794679315446e-13,2
"GABARAPL2",1.77458436508348,0.831997756944833,0.667,0.404333333333333,9.65309624248222e-29,3
"GABPA",0.593329733655172,0.473577098045825,0.5,0.404333333333333,1.64524400958537e-136,3
"GABPB1",0.354400179792661,0.354400179792661,0.258,0.258,8.85076706765559e-09,1
"GABPB1-AS1",1.36136975808748,0.895132489961375,0.574,0.398666666666667,1.09079817513269e-126,3
"GADD45A",1.69858454295417,1.54585954479077,0.368,0.33,8.69680548436461e-36,2
"GADD45B",1.62353278719398,1.1373108450845,0.806,0.6005,6.46325831632181e-31,2
"GADD45GIP1",1.76673669379083,1.46854667490085,0.909,0.651,3.82466659756504e-91,6
"GAK",0.342804920191837,0.342804920191837,0.566,0.566,1.17588770120485e-166,1
"GALC",0.910059038583003,0.910059038583003,0.583,0.583,5.93037702940602e-25,1
"GALK1",1.16158039307026,0.871587019132551,0.667,0.5125,3.76788818375097e-141,2
"GALK2",0.906851299522194,0.638410205837,0.515,0.4105,2.986345514305e-43,2
"GALM",0.934559862547836,0.934559862547836,0.314,0.314,4.74144377771934e-19,1
"GALNT1",1.29960647593226,0.901495748436521,0.75,0.5504,2.59686752133992e-171,5
"GALNT11",1.62417334222691,1.35036048007178,0.389,0.3515,5.63581598433177e-13,2
"GALNT2",1.48162881163863,1.14162606843605,0.621,0.519666666666667,1.1254058842649e-222,3
"GALNT6",2.56516926475927,2.41987403057475,0.444,0.347,1.54486298802386e-161,2
"GALT",0.761921335331494,0.761921335331494,0.278,0.278,0.0625438875338063,1
"GANAB",1.37236253692198,0.947603122151644,0.758,0.53475,4.80321245154631e-140,4
"GANC",0.868552825986868,0.813028936175438,0.333,0.293,5.96837802339792e-84,2
"GAPDH",1.71755991424886,1.00283097279667,1,0.918714285714286,7.3777111161239e-275,7
"GAPT",0.850633093448482,0.850633093448482,0.431,0.431,1.32095939617451e-95,1
"GAPVD1",2.1735396254045,1.0474853309609,0.75,0.560666666666667,6.56374023941629e-142,3
"GAR1",1.94600335960002,1.48228089114993,0.333,0.3,6.04406104421881e-13,2
"GARS",1.61359686318897,1.26729187456992,0.606,0.4685,1.8444592088844e-100,4
"GART",1.38798802675862,0.943941382261833,0.556,0.4165,2.11809802824915e-72,4
"GAS2L1",7.74075902531957,7.74075902531957,0.423,0.423,1.7381715606853e-253,1
"GAS6",4.92150063769282,4.92150063769282,0.424,0.424,1.20698442363001e-208,1
"GAS7",0.995419821760368,0.625471026120675,0.843,0.453,2.39652302859089e-241,3
"GATA1",3.15937950265184,3.15937950265184,0.281,0.281,1.92691669711566e-94,1
"GATA3",4.74063279776066,4.30296666601806,0.36,0.3115,6.2742816354052e-214,2
"GATAD1",0.692901428544741,0.61580076129964,0.611,0.448333333333333,5.30229123743207e-120,3
"GATC",1.47147196380783,1.32305907407184,0.528,0.4365,1.35391762567618e-129,2
"GATD1",1.12492924424179,1.12492924424179,0.25,0.25,0.00148116443796919,1
"GATD3A",1.55360100995758,1.20294313393951,0.515,0.377333333333333,2.64114007144198e-31,3
"GBA",2.52138617811865,2.35917313624997,0.286,0.2755,1.45270577062021e-34,2
"GBA2",0.388222640429204,0.321463872712556,0.333,0.3095,1.84297936358235e-100,2
"GBF1",1.00085861370601,0.647915966738255,0.47,0.36,2.3130517489167e-29,2
"GBGT1",1.66641251430155,1.66641251430155,0.25,0.25,5.2342574815281e-10,1
"GBP1",0.64101329788448,0.64101329788448,0.778,0.778,4.5458914480911e-09,1
"GBP2",1.72887997530723,1.50170628844953,0.469,0.4,3.92169621188292e-57,2
"GBP3",0.642080027545421,0.642080027545421,0.349,0.349,2.96154708566993e-09,1
"GBP4",1.14477167711902,0.951520776867008,0.75,0.6775,4.15395372879885e-27,2
"GBP5",0.810402122910709,0.810402122910709,0.721,0.721,5.73018638523126e-40,1
"GCA",1.6647342747593,1.14855097274125,0.953,0.841666666666667,6.35714691046094e-128,3
"GCC2",1.40345433612403,1.02618800141362,0.773,0.683333333333333,1.97347592489319e-146,3
"GCDH",1.47354537849359,1.14744642910585,0.364,0.3485,2.58004965641368e-17,2
"GCH1",1.19220655642355,1.13590845334201,0.583,0.542,1.17158942126837e-259,2
"GCHFR",1.14849563660565,1.14849563660565,0.272,0.272,9.66280573980737e-81,1
"GCLC",5.55065322973014,3.3866405222139,0.421,0.3495,9.04872502555354e-35,2
"GCLM",2.51449165942178,1.84198677239095,0.439,0.371,1.25800348181081e-63,3
"GCN1",1.73867130647928,1.73867130647928,0.417,0.417,1.04133104550374e-12,1
"GCNT1",0.820870427090576,0.685773739209718,0.417,0.3475,9.26291247720057e-86,2
"GCNT2",1.30412598642372,0.960552610975145,0.418,0.4035,6.12554233786256e-213,2
"GCSH",3.13499556902809,3.13499556902809,0.682,0.682,8.0723342603812e-143,1
"GDAP2",0.757404482994457,0.738815855510675,0.528,0.4915,6.50670762828729e-196,2
"GDE1",1.2721936166842,1.2721936166842,0.351,0.351,0.0320580812970318,1
"GDI2",1.00785688231149,0.954223110367562,1,0.787333333333333,4.68289917797158e-203,3
"GEMIN6",0.426196321894957,0.426196321894957,0.288,0.288,5.52167420423613e-07,1
"GEMIN7",0.757449429897395,0.63173865467346,0.439,0.3475,2.47839537417276e-23,2
"GEN1",1.390264273792,1.390264273792,0.288,0.288,6.4433398145421e-28,1
"GFER",1.39342784613264,1.35677398211408,0.515,0.4105,5.57586497043781e-39,2
"GFM1",1.36965705179986,1.12942791039912,0.444,0.364333333333333,8.98920997878313e-115,3
"GFM2",1.06585913371926,1.06585913371926,0.273,0.273,1.46512699133136e-16,1
"GFOD1",2.32919517139701,2.32919517139701,0.291,0.291,2.29360106863749e-23,1
"GFPT1",1.660117692628,0.85998203515016,0.742,0.483333333333333,1.18413231269932e-69,3
"GGA1",0.906105706720025,0.754081300248795,0.667,0.543,6.89558896936405e-10,2
"GGA2",3.34640353911218,3.34640353911218,0.476,0.476,1.77719074276336e-214,1
"GGCT",1.83097664552856,1.11663650027689,0.364,0.332,8.57090058303931e-13,3
"GGCX",0.458886731311901,0.425624369675224,0.455,0.422,5.08982851162515e-19,2
"GGH",2.84806947487022,2.84806947487022,0.47,0.47,2.55308940041468e-134,1
"GGNBP2",0.734697345595805,0.657909294250388,0.438,0.304,4.89038791127753e-24,3
"GGT1",0.861038752541409,0.861038752541409,0.273,0.273,3.86187846262461e-36,1
"GHITM",1.07091196525626,0.890940184856835,0.944,0.7945,2.71996129904746e-196,4
"GID8",0.391931238623435,0.360519287519277,0.583,0.4715,6.77275782912813e-07,2
"GIGYF2",0.429747419368943,0.356120302201513,0.778,0.5985,2.69358175723425e-10,2
"GIMAP1",2.85775214150442,2.06583409904283,0.861,0.8145,9.91926696068795e-315,4
"GIMAP2",1.27017755618389,1.00529545402275,0.75,0.556,2.29003970499632e-160,4
"GIMAP4",1.94441822210303,1.23129838962652,1,0.7602,2.15984940722524e-188,5
"GIMAP6",2.60320373419928,1.95385617443417,0.806,0.541,5.03560528400685e-227,4
"GIMAP7",3.49741379977361,2.23751547634968,1,0.9485,0,4
"GIMAP8",2.77191358878463,2.14616555643721,0.833,0.599333333333333,0,3
"GIN1",1.262087200814,1.262087200814,0.25,0.25,1.37442195981958e-08,1
"GINM1",0.323908500775061,0.323908500775061,0.611,0.611,1.28959510068099e-11,1
"GIPC1",2.78004449636908,2.21493991982753,0.291,0.2705,1.82268355018913e-31,2
"GIT1",1.60376800469134,1.47078692331619,0.333,0.2935,1.24762009331813e-107,2
"GIT2",1.2292469257486,0.995620433427781,0.2,0.183,0.00938427322435883,2
"GK5",2.58119918653411,2.58119918653411,0.349,0.349,2.02186302251653e-27,1
"GLB1",1.75735830759179,1.52825460495295,0.556,0.5415,1.48326915677169e-295,2
"GLCCI1",3.11275005929617,2.14471275723448,0.879,0.649,2.21358137165968e-113,2
"GLCE",2.28556181630915,2.28556181630915,0.25,0.25,2.63472338985146e-10,1
"GLDC",7.47633184741341,7.47633184741341,0.515,0.515,0,1
"GLDN",3.17500165940946,3.17500165940946,0.278,0.278,1.94220305232581e-21,1
"GLE1",0.466641155114279,0.466641155114279,0.306,0.306,0.000738096454211684,1
"GLG1",0.846290907872195,0.602555056498592,0.806,0.6156,2.50620361171892e-184,5
"GLIPR1",1.6213520569677,0.878383756727416,1,0.59275,1.81183753642902e-319,4
"GLIPR2",1.5660122779973,0.933854989737277,0.855,0.568,5.12765213153217e-191,2
"GLMN",1.051748368534,1.051748368534,0.288,0.288,4.0534406304898e-15,1
"GLMP",1.04115449801243,0.719644765852372,0.278,0.264,8.13901632868885e-129,2
"GLO1",2.34194196560185,1.16071667269856,0.667,0.444,9.74465549540008e-76,5
"GLOD4",1.6475826465214,1.16815963161392,0.583,0.4192,5.16534447989532e-78,5
"GLRX",0.902578649300255,0.666053927949325,0.972,0.6602,2.57314195928628e-179,5
"GLRX2",0.583904521415082,0.529346220238876,0.455,0.422,1.06798162229145e-20,2
"GLRX3",1.55411203020345,1.33881220298401,0.583,0.49175,5.88269897403913e-127,4
"GLRX5",4.08184317360187,1.15176311006564,0.825,0.560714285714286,1.33980537069697e-71,7
"GLS",1.30539159900425,0.910460727656365,0.894,0.6536,1.47492911208896e-63,5
"GLT8D1",1.82958338054411,1.75039091847315,0.53,0.393,5.80941392547019e-46,2
"GLTP",0.666355214621022,0.666355214621022,0.596,0.596,6.84104573035748e-182,1
"GLUD1",2.12809945518005,2.08591832789364,0.722,0.651,1.01681298769483e-294,2
"GLUL",1.4552957708864,1.40113053701663,0.434,0.39,2.18719360798118e-32,2
"GLYR1",0.546164868842813,0.546164868842813,0.833,0.833,1.66062107012998e-13,1
"GM2A",2.64865428549361,1.3969455025151,0.492,0.428,0,3
"GMCL1",1.41031535838911,1.41031535838911,0.341,0.341,4.8503345073865e-13,1
"GMDS",2.21371826102057,2.21371826102057,0.409,0.409,1.37896120591692e-51,1
"GMDS-DT",0.287919291861449,0.287919291861449,0.318,0.318,9.72789399618109e-16,1
"GMEB1",0.933135853994926,0.688256138954154,0.444,0.343666666666667,5.04483847361568e-80,3
"GMFB",0.400207295982558,0.400207295982558,0.416,0.416,9.98287628424983e-132,1
"GMFG",1.47447010955099,1.47447010955099,0.725,0.725,7.07575339996046e-142,1
"GMNN",3.02655329030068,2.95949569960696,0.409,0.3325,9.95219341485574e-62,2
"GMPPA",2.05158622845317,1.34883392684989,0.652,0.451,7.18042431698828e-85,2
"GMPPB",4.06098896426024,4.06098896426024,0.773,0.773,2.57227088101755e-217,1
"GMPR",5.93045608850141,4.7010298610866,0.842,0.612,6.34027624335526e-170,2
"GMPS",2.02453883899394,1.27659057906795,0.361,0.327666666666667,2.70863737907969e-69,3
"GNA12",1.33778907741311,1.33778907741311,0.389,0.389,4.14876905884106e-16,1
"GNA15",0.986576285198627,0.94706163661803,0.472,0.403,7.76791899299596e-208,2
"GNAI2",1.01334831656588,0.531413713152807,1,0.83125,4.98319388144724e-64,4
"GNAI3",1.19122182668293,0.778743977795862,0.425,0.283666666666667,0.00171879884467098,3
"GNAQ",0.842288936415018,0.58800460669192,0.55,0.346,2.55929805632175e-15,4
"GNAS",2.54057743164093,1.56894773686634,1,0.8995,6.40197131026808e-92,2
"GNB1",0.656644131861257,0.559109754387704,1,0.6225,1.32227465500595e-185,4
"GNB2",1.31358650039929,0.878964673428393,0.551,0.473,9.16342491709649e-05,2
"GNB4",0.94835587667417,0.63190455713151,0.889,0.5495,4.10978297664413e-235,4
"GNB5",2.27763446068798,2.27763446068798,0.27,0.27,5.24501703004166e-110,1
"GNG11",8.66710600103586,8.66710600103586,0.874,0.874,0,1
"GNG2",0.876001872271631,0.865322065701554,0.663,0.4575,2.9915470029544e-26,2
"GNG5",0.820193566254434,0.546996394334931,1,0.8062,7.7196618571023e-147,5
"GNG7",2.50209263522893,2.46699202515711,0.894,0.688,1.12330088888159e-268,2
"GNL1",0.409286904471974,0.409286904471974,0.364,0.364,1.3141203110526e-11,1
"GNL2",1.71029972312061,1.39062878862149,0.472,0.404666666666667,6.50555529547474e-114,3
"GNL3",2.58856323691446,1.53668411861291,0.864,0.4895,3.52828791405543e-60,6
"GNL3L",1.04224019975355,0.792166082694881,0.611,0.445333333333333,5.91698947334044e-92,3
"GNLY",7.87834407524168,7.87834407524168,0.663,0.663,1.73159565994722e-238,1
"GNPAT",0.833329296290096,0.522547237629278,0.472,0.358333333333333,4.42647206879987e-82,3
"GNPDA1",2.35614706533484,1.80149933760167,0.833,0.5705,1.10615760964565e-137,2
"GNPNAT1",2.17537126881831,1.88365349983645,0.333,0.3195,3.04046555421064e-30,2
"GNPTAB",2.09410943363515,1.23972842497313,0.504,0.488,3.02220346183024e-164,3
"GNPTG",1.77645467913253,1.48527373363273,0.639,0.495,1.22822558892404e-130,2
"GNS",1.54710744218675,1.17722876138367,0.972,0.704333333333333,0,3
"GOLGA3",1.57835720499463,1.0161488395553,0.788,0.49175,1.0765698123451e-104,4
"GOLGA4",1.19457285586863,0.623404430504786,0.864,0.5052,4.02365092487901e-25,5
"GOLGA5",0.8545563769251,0.599990927574008,0.515,0.379,9.01071894788911e-101,3
"GOLGA8A",3.14507156346294,2.27716915677752,0.455,0.348,2.14898048449554e-165,3
"GOLGA8B",1.71195259581702,1.17483573825188,0.439,0.378666666666667,5.44501935706425e-107,3
"GOLGB1",1.41303998882046,0.792293954765183,0.955,0.377333333333333,4.30473956994327e-37,3
"GOLIM4",2.00495887588122,1.78961726418775,0.439,0.334,2.66650400112459e-126,3
"GOLM1",3.35558764848705,2.93491253935499,0.417,0.358,1.69260425738313e-253,2
"GOLPH3",0.499151162106079,0.41508578643875,0.694,0.6545,2.67284412049686e-197,2
"GOLPH3L",0.628381047949865,0.628381047949865,0.379,0.379,2.16718985673325e-33,1
"GOLT1B",1.30286063658573,1.20595272739284,0.5,0.403,2.23539786850728e-35,2
"GON4L",0.636673982934399,0.513043988541619,0.465,0.3815,1.90643302504073e-17,2
"GON7",0.856373562636159,0.856373562636159,0.333,0.333,3.60695904134849e-19,1
"GOPC",1.45393626536616,0.807198756577836,0.606,0.48925,9.16693097025461e-35,4
"GORASP1",0.977656024476395,0.977656024476395,0.361,0.361,3.39053719781683e-14,1
"GORASP2",2.10901693915551,1.40095028451394,0.697,0.41975,3.00460244694475e-72,4
"GOSR1",0.319903045514343,0.319903045514343,0.305,0.305,4.68625649809759e-25,1
"GOSR2",1.69031983976722,1.11875006836884,0.727,0.450333333333333,3.84400994123486e-75,3
"GOT1",2.49938321994983,2.49938321994983,0.273,0.273,4.07152247147509e-39,1
"GOT2",2.61632343172137,1.97389531674989,0.394,0.303666666666667,1.34957233549449e-31,3
"GP9",9.65405868291417,9.65405868291417,0.755,0.755,0,1
"GPAA1",1.2099170913671,0.785154158279564,0.682,0.41025,1.27262139204524e-84,4
"GPALPP1",0.795168955268373,0.795168955268373,0.361,0.361,0.000471554992704263,1
"GPAT4",0.396474448567743,0.375821438754074,0.281,0.2655,3.73763432839157e-99,2
"GPATCH11",2.69697549758429,1.45607045840872,0.424,0.36,2.65446527122006e-112,3
"GPATCH2",1.24712965976767,1.10744874849606,0.444,0.434,6.10154127460534e-17,2
"GPATCH3",1.37988191454125,1.37988191454125,0.278,0.278,8.86639710913693e-09,1
"GPATCH4",1.94289338185007,1.56914821850133,0.472,0.363,4.23812481125382e-49,4
"GPATCH8",1.18357348161577,0.747504075428032,0.667,0.4888,7.24734297625821e-84,5
"GPBAR1",3.95954002607212,3.70862771249691,0.639,0.5335,0,2
"GPBP1",0.476919401134568,0.466560575636264,0.202,0.1685,5.72779881876024e-27,2
"GPBP1L1",0.401268881501635,0.401268881501635,0.722,0.722,1.29616818891796e-08,1
"GPCPD1",1.14093393335336,1.14093393335336,0.219,0.219,1,1
"GPD2",0.866431310650258,0.866431310650258,0.397,0.397,3.17305048816968e-199,1
"GPI",3.40589239866896,3.11849900673757,0.647,0.576,1.28418256134499e-105,2
"GPKOW",0.866388395152415,0.866388395152415,0.318,0.318,1.61044251439138e-14,1
"GPN1",1.18148624633534,0.984270854927549,0.306,0.297,3.27260192629109e-10,2
"GPN2",0.693140403889701,0.693140403889701,0.303,0.303,2.20254979595196e-18,1
"GPN3",1.11373423176283,1.11373423176283,0.361,0.361,6.29128693182531e-07,1
"GPR160",1.29335288704503,1.29335288704503,0.321,0.321,1.40800099408571e-16,1
"GPR162",3.9844109154012,3.9844109154012,0.278,0.278,7.92696164881646e-52,1
"GPR171",5.1671807478154,4.24512104938723,0.314,0.2975,7.81826080141864e-246,2
"GPR174",3.54872793091299,3.54872793091299,0.442,0.442,1.63929066760342e-69,1
"GPR180",1.0947649535074,1.0947649535074,0.273,0.273,3.39810649041948e-21,1
"GPR183",2.7951908272184,1.83785995127088,0.384,0.338666666666667,6.9474137672304e-131,3
"GPR35",2.83299754618738,2.83299754618738,0.278,0.278,1.45935865904204e-15,1
"GPR65",1.05107357901278,0.894686515256654,0.778,0.610666666666667,5.75115487783351e-176,3
"GPRIN3",4.17647959180264,2.82938442659464,0.465,0.420666666666667,5.19069321717925e-229,3
"GPS1",1.66191156627389,1.35771827966662,0.439,0.401666666666667,3.01660968672077e-136,3
"GPS2",0.606010823888917,0.606010823888917,0.337,0.337,6.76977841959322e-05,1
"GPSM2",0.515972981720575,0.515972981720575,0.409,0.409,5.97253795819168e-20,1
"GPSM3",1.15327720151528,1.15327720151528,0.498,0.498,3.44754217037435e-14,1
"GPX4",4.16370153022881,2.32199949206285,1,0.8615,9.5202171802311e-112,2
"GPX7",1.88126496200047,1.88126496200047,0.303,0.303,7.80338184074272e-36,1
"GRAP2",6.76248705430467,6.76248705430467,0.525,0.525,1.67619608456571e-244,1
"GRB2",0.478063321083846,0.478063321083846,0.237,0.237,2.19046375880719e-14,1
"GRHPR",1.5348383534313,1.35375225570466,0.528,0.407333333333333,2.19935922012956e-119,3
"GRINA",1.12990738994721,0.769089791568404,0.889,0.5168,3.77946642779251e-243,5
"GRK2",1.17032646117838,0.662066899422627,0.663,0.388,9.94229982494651e-25,4
"GRK3",1.66969238413304,1.40292254922973,0.889,0.665,0,3
"GRK6",1.24511422747536,0.866394963152429,0.558,0.432,4.21682029179765e-08,2
"GRN",1.7991457478874,1.34372998378359,1,0.89475,1.34874105490126e-282,4
"GRPEL1",0.92609737909935,0.719348359839918,0.556,0.411333333333333,2.46446988855394e-113,3
"GRSF1",1.87212640649899,1.3056361783699,0.639,0.51425,1.84656256626703e-262,4
"GRWD1",1.52118444351882,1.52118444351882,0.364,0.364,1.17895775068043e-25,1
"GSAP",0.768026354904587,0.768026354904587,0.265,0.265,6.68457770608709e-32,1
"GSDMD",1.24907734887765,0.771064612919798,0.75,0.518,6.40057972476135e-81,4
"GSE1",1.03763416537491,0.6715051922699,0.5,0.37975,2.40204550876034e-96,4
"GSK3A",0.32960560776435,0.32960560776435,0.337,0.337,0.000549295336318989,1
"GSN",1.87986118950069,1.81521838089191,0.787,0.613333333333333,1.06832698505949e-81,3
"GSPT1",2.93152587536223,1.37872419537797,0.894,0.573428571428571,1.64432454691709e-94,7
"GSPT2",2.13263672568788,2.13263672568788,0.348,0.348,9.95050218336132e-41,1
"GSR",1.89184853573678,1.27191815559058,0.632,0.44,2.95369263663785e-202,3
"GSS",1.44728162414724,1.10024377831749,0.288,0.283,3.6675231662189e-13,2
"GSTK1",1.34875793168477,1.19313436439961,0.972,0.82725,1.37836949527385e-192,4
"GSTO1",4.12078630050518,2.34727707318729,1,0.7735,7.40997811083328e-53,2
"GSTP1",2.4334164742413,1.50670869009475,1,0.765166666666667,0,6
"GSTZ1",1.97872135150033,1.97872135150033,0.379,0.379,2.68460656018323e-36,1
"GTF2A1",0.462901705644186,0.374789134627947,0.5,0.3835,7.25777161049754e-08,2
"GTF2A2",2.69296526364766,0.961486789185434,0.864,0.5852,2.03075923017974e-21,5
"GTF2B",0.480320692990785,0.480320692990785,0.639,0.639,2.39182965097214e-07,1
"GTF2E1",0.509866506615222,0.509866506615222,0.25,0.25,0.00121899057948891,1
"GTF2E2",0.872757871275757,0.688999507100439,0.444,0.363,2.09100952918718e-77,2
"GTF2F1",0.666985027921988,0.609205746517555,0.636,0.4846,3.33194057336752e-106,5
"GTF2F2",0.529124461501407,0.529124461501407,0.381,0.381,1.95389195085419e-95,1
"GTF2H3",1.24619119325479,0.852005412043031,0.273,0.2615,5.02078327517939e-06,2
"GTF2H5",1.08774458001022,0.803625276935343,0.528,0.4315,1.66135296096923e-99,4
"GTF2I",0.844549432107081,0.733320862706228,0.565,0.416,5.52821742827857e-05,2
"GTF3A",1.39614027045806,0.975539934758929,0.917,0.790166666666667,5.44697702948353e-122,6
"GTF3C1",1.1961426056543,0.656951837808806,0.444,0.359,6.68361027815977e-65,3
"GTF3C2",1.28135769381899,1.28135769381899,0.361,0.361,7.62574540463834e-07,1
"GTF3C3",1.04866431362071,0.871393645435091,0.333,0.303,1.48670352889935e-05,2
"GTF3C5",0.370231537258053,0.370231537258053,0.306,0.306,0.000145644775266603,1
"GTF3C6",3.37309503177761,1.36972628583119,0.848,0.6208,1.31953551149992e-113,5
"GTPBP4",1.41012233856119,1.30187731811693,0.652,0.4676,9.14136097722416e-110,5
"GTPBP6",1.72290379169827,1.0160522940132,0.485,0.39625,3.24407960378208e-82,4
"GTPBP8",1.95183539506803,1.72957239659029,0.439,0.3725,1.41492472694145e-30,2
"GUCD1",1.76591795795835,1.63957101235626,0.351,0.3435,1.91619124333131e-91,2
"GUF1",1.99660616236312,1.99660616236312,0.389,0.389,1.24758430140612e-12,1
"GUK1",1.99662268316734,1.01713724429184,0.955,0.855833333333333,6.65041074181006e-117,6
"GUSB",1.16701015250927,1.08095827030184,0.697,0.491,4.77594482032881e-152,4
"GYG1",2.36043542228143,2.04834263148601,0.545,0.5135,3.83407977654048e-72,2
"GYPA",9.88927802946523,9.88927802946523,0.667,0.667,0,1
"GYPB",12.1503157070481,12.1503157070481,0.789,0.789,0,1
"GYPC",3.63969264433651,1.90875610370396,0.912,0.7304,4.17256069037087e-215,5
"GYPE",7.9415387950526,7.9415387950526,0.263,0.263,1.43208585055673e-174,1
"GZMA",7.55574195958291,7.55574195958291,0.988,0.988,0,1
"GZMB",8.70786495341704,8.70786495341704,0.756,0.756,0,1
"GZMH",7.9488101447532,7.9488101447532,0.907,0.907,0,1
"GZMK",6.31796447720303,6.31796447720303,0.535,0.535,4.24623977282771e-284,1
"GZMM",5.44454916984735,4.36156169072972,0.93,0.6875,0,2
"H1F0",1.14437203063384,1.14437203063384,0.333,0.333,2.92031254031566e-08,1
"H1FX",1.90680856897619,1.01377018867676,0.806,0.601428571428571,2.53192901385201e-114,7
"H2AFJ",3.86123589319045,1.66175144526481,0.917,0.672,2.9303307624139e-298,3
"H2AFV",2.15405715525775,1.33110237143813,0.909,0.737333333333333,1.59087808946145e-39,3
"H2AFX",1.96411270870154,1.96411270870154,0.288,0.288,2.08034037130403e-16,1
"H2AFY",0.771553234371653,0.604269211606043,1,0.6954,3.73226683841158e-157,5
"H2AFZ",1.31906690067169,1.00665046092598,0.848,0.742,5.41774678197981e-65,4
"H3F3A",2.14417938074107,1.485342738074,0.978,0.958,1.65234669175699e-216,2
"H3F3B",1.52407934958264,1.52407934958264,0.878,0.878,7.25092933857034e-271,1
"H6PD",1.47353911967037,1.42417294409763,0.285,0.282,1.60691188547855e-09,2
"HACD2",1.95179911750173,1.41787646685532,0.306,0.3025,1.89327476561284e-149,2
"HACD3",1.60084344881322,1.60084344881322,0.364,0.364,2.82752786689214e-24,1
"HACD4",1.81749203626467,1.1623918736301,0.316,0.243,1.28935809637797e-07,2
"HADH",1.8807323111013,1.8807323111013,0.394,0.394,9.10323376734803e-36,1
"HADHA",1.56040973062189,1.19573176614635,1,0.809333333333333,5.98791895512892e-269,3
"HADHB",0.944157869462692,0.925387570545183,0.889,0.789,7.52807868247187e-222,2
"HAGH",3.52318678040436,1.40244172354581,0.684,0.5182,6.44001122268848e-59,5
"HARS",1.48349956498061,1.07290865211247,0.591,0.446666666666667,8.41048516563953e-37,3
"HAT1",0.881119268070868,0.60378779483831,0.369,0.3645,3.78397655508662e-82,2
"HAUS1",2.03811999966345,1.20286169059066,0.576,0.4095,2.98103269926157e-60,4
"HAUS6",0.735715462992196,0.735715462992196,0.25,0.25,0.0756005626429835,1
"HAVCR2",3.31390269124383,2.97894061329225,0.5,0.4235,6.23432465592168e-273,2
"HAX1",1.7367510016629,1.2450239207562,0.879,0.589,1.5370322769981e-105,5
"HBA1",10.0487290320971,10.0487290320971,1,1,5.25572710840997e-92,1
"HBA2",10.0873307034884,10.0873307034884,1,1,2.79093209747208e-66,1
"HBB",10.0700897665823,10.0700897665823,1,1,1.49657954593642e-52,1
"HBD",6.29573507634648,5.03220132186996,0.947,0.6135,2.80189394519698e-298,2
"HBG2",8.96273259300784,8.96273259300784,0.31,0.31,1.02559931335804e-303,1
"HBM",9.80993380113665,9.80993380113665,0.789,0.789,0,1
"HBQ1",4.78343254345315,4.78343254345315,0.544,0.544,2.68136554772435e-313,1
"HBS1L",1.20864348888801,0.935020238230214,0.606,0.487666666666667,8.30176083104037e-58,3
"HCCS",1.43553920712163,1.34222449100619,0.409,0.331666666666667,3.92430922787418e-93,3
"HCFC1",1.62399225942136,1.27888113787978,0.611,0.435,3.168742044196e-171,3
"HCFC1R1",1.46033387641097,0.830734218928515,0.343,0.322333333333333,1.78456141209731e-153,3
"HCFC2",1.74243039468345,1.53951380825392,0.333,0.318,1.32614185555022e-13,2
"HCG18",1.93210130065661,1.42292230908137,0.439,0.390666666666667,4.76008352566094e-14,3
"HCK",1.15847247182868,0.727961994135568,1,0.6565,4.16134901770208e-09,2
"HCLS1",0.56451771674619,0.56451771674619,0.233,0.233,7.72020564728034e-15,1
"HCST",3.07117176188369,1.42530628275862,0.988,0.8172,1.73667946742365e-200,5
"HDAC1",1.80684142299871,0.759256682698381,0.57,0.4274,7.35300145090951e-69,5
"HDAC10",0.61921087730028,0.61921087730028,0.444,0.444,3.34385840829848e-13,1
"HDAC2",0.814412118018229,0.627845960235116,0.667,0.471666666666667,4.16122611163011e-150,3
"HDAC3",0.535718621405936,0.535718621405936,0.267,0.267,0.00535696564553466,1
"HDAC6",1.25022473423713,0.977797054959923,0.333,0.2915,1.38833087326159e-20,2
"HDAC8",1.66580559578191,1.4531681526779,0.278,0.268,3.29249047270108e-08,2
"HDAC9",2.88823847509022,1.56081543287424,0.722,0.501,0,4
"HDDC2",2.14118424640607,1.58251523935367,0.621,0.437,4.59090071674307e-47,4
"HDDC3",1.34370911447341,1.34370911447341,0.561,0.561,6.88680457240058e-36,1
"HDGF",2.08439215991335,1.24716040205412,0.889,0.678,7.19461938233681e-172,4
"HDGFL2",1.01113507307404,0.891764880709413,0.47,0.4295,2.13609799151005e-23,2
"HDHD5",2.23329290301707,1.67172500018392,0.306,0.289333333333333,8.91707299808812e-134,3
"HDLBP",2.33587357475185,1.30967606501205,0.97,0.6805,1.00463991633371e-214,4
"HEATR1",1.28767284763522,0.923115598015767,0.333,0.318,1.34922148819332e-06,2
"HEATR3",2.5112326947071,2.40112399416525,0.5,0.4175,9.09184577900489e-210,2
"HEATR5B",0.786300821560063,0.786300821560063,0.267,0.267,0.00761647931855927,1
"HEBP1",2.02639973416906,2.02137443058767,0.667,0.5295,2.8556375321884e-229,2
"HEBP2",0.563958424654974,0.563958424654974,0.861,0.861,1.85684132072241e-203,1
"HECA",1.47259325481744,1.29291288128144,0.277,0.2315,1,2
"HECTD1",0.98519517037666,0.688289633617898,0.861,0.6136,1.10902787157738e-166,5
"HECTD4",3.61426809387869,3.61426809387869,0.439,0.439,3.37919374335226e-11,1
"HELB",0.63736493707866,0.63736493707866,0.387,0.387,8.73731781946441e-86,1
"HELLS",4.22636270723909,2.55957245433853,0.394,0.327333333333333,5.29646106718217e-66,3
"HELZ",1.01664303828051,0.685803003362199,0.917,0.55475,9.52346341746432e-279,4
"HELZ2",0.947219912369806,0.947219912369806,0.252,0.252,0.406055419598178,1
"HEMGN",5.35568127922026,5.35568127922026,0.544,0.544,7.84893846387774e-160,1
"HENMT1",1.43797162208063,1.43797162208063,0.256,0.256,2.68708670886414e-23,1
"HERC1",2.47669449580841,2.47669449580841,0.439,0.439,0.00278051058865552,1
"HERC2",2.42055868186205,1.49924671277591,0.803,0.4356,5.77883439481979e-39,5
"HERC4",0.890237636724874,0.682358297776526,0.133,0.1215,2.38050441536105e-22,2
"HERC5",1.8763572828171,1.21414664387896,0.334,0.25,1.71193738904342e-11,2
"HERPUD1",1.97060339905571,0.948609888168001,0.985,0.527,6.03440546428293e-51,3
"HERPUD2",0.304900585495068,0.304900585495068,0.349,0.349,0.000400582230417583,1
"HEXA",0.92400694445533,0.582509403015929,0.442,0.371666666666667,2.18004723831478e-137,3
"HEXB",1.54972514833266,1.35707667477436,0.833,0.7875,0,2
"HEXDC",0.814072563471912,0.734389840654684,0.337,0.299,3.55964260159416e-31,2
"HEXIM1",0.813508518420566,0.813508518420566,0.298,0.298,0.0194477145770754,1
"HFE",3.57434075777,3.57434075777,0.278,0.278,3.93585713484507e-37,1
"HGF",2.32703596299263,1.84900499858078,0.291,0.2705,1.28445807651498e-234,2
"HGSNAT",0.767840490768774,0.537013450188779,0.401,0.381,2.63664404340557e-139,2
"HHEX",0.576556535982166,0.576556535982166,0.459,0.459,9.007520622868e-72,1
"HIBCH",2.18246859644886,1.53621857862326,0.636,0.438666666666667,5.73839218773457e-61,3
"HIF1A",1.45495158138972,1.45495158138972,0.442,0.442,5.82420002830138e-25,1
"HIGD1A",0.82277091312183,0.669613831619315,0.556,0.380333333333333,7.2225705765766e-101,3
"HIGD2A",2.00205017981176,1.06268341778785,1,0.792333333333333,0,6
"HIKESHI",1.72537378011631,1.16705394628953,0.591,0.4176,6.72630777298874e-57,5
"HINT1",1.97249649446105,1.6480233543386,0.985,0.93225,8.01006967230853e-212,4
"HINT2",2.40872207969693,1.42378834783676,0.742,0.44775,1.96352113721206e-54,4
"HIPK1",1.0510632592377,0.559036306828412,0.474,0.36325,5.9921205917534e-06,4
"HIPK2",1.55795270205701,1.16999027720315,0.864,0.531,7.54963038918943e-233,4
"HIPK3",0.736062511852701,0.597499355721385,0.884,0.519,3.20585900398744e-212,2
"HIRA",0.750004096824648,0.750004096824648,0.333,0.333,1.07701192793577e-06,1
"HIRIP3",0.548092995828316,0.548092995828316,0.258,0.258,1.56836283466452e-09,1
"HIST1H1C",3.8468712583495,1.39724672264153,0.682,0.4468,1.51042480690701e-20,5
"HIST1H1D",2.4206722215854,1.85737550976989,0.674,0.5088,2.53121048145815e-178,5
"HIST1H1E",1.8166844499543,1.32028973056155,0.773,0.5236,8.89830801240202e-49,5
"HIST1H2AC",4.6773834721799,4.6773834721799,0.758,0.758,1.18064911982808e-206,1
"HIST1H2BJ",7.34558786428234,7.34558786428234,0.412,0.412,2.90488550339472e-304,1
"HIST1H3H",7.37220997412646,7.37220997412646,0.261,0.261,5.02164655449611e-179,1
"HIST1H4C",2.07401469031695,1.54693720765604,0.953,0.8064,8.23372386099e-200,5
"HIST2H2AC",1.45369411261674,0.739298810882617,0.833,0.615833333333333,8.70838588664339e-93,6
"HIST4H4",1.64946484987307,1.64946484987307,0.288,0.288,1.16351112937511e-46,1
"HIVEP3",3.30900977477605,3.02726574268786,0.361,0.3375,3.56554342172792e-33,2
"HK1",2.41098319935201,1.53752995952817,0.75,0.647,3.02829109713891e-289,3
"HK2",0.2966257247256,0.2966257247256,0.274,0.274,2.89628381945693e-106,1
"HK3",2.17230331096571,1.51187631138343,0.458,0.355,2.97114223542336e-244,2
"HLA-A",0.948143774745517,0.681747588607799,1,0.923666666666667,3.79561854485193e-109,3
"HLA-B",1.20111290241323,1.20111290241323,0.986,0.986,0,1
"HLA-C",1.26037009430377,0.748519521437492,1,0.930666666666667,7.44040541165751e-295,3
"HLA-DMA",3.53246876505416,1.6224847555873,0.778,0.6115,0,4
"HLA-DMB",3.51092022345063,1.96292586277726,0.778,0.703333333333333,0,3
"HLA-DOA",4.90654067786108,4.90654067786108,0.263,0.263,3.46373861652117e-240,1
"HLA-DOB",4.57878147151938,4.57878147151938,0.38,0.38,0,1
"HLA-DPA1",4.30567777268896,2.22800863253484,1,0.922333333333333,0,3
"HLA-DPB1",4.46194058723139,2.14301889238303,0.976,0.925666666666667,0,3
"HLA-DQA1",6.53848045947743,6.53848045947743,0.904,0.904,0,1
"HLA-DQB1",4.20976280687546,1.91831752621223,0.917,0.825666666666667,0,3
"HLA-DRA",4.04309280600569,1.99605778869816,1,0.978666666666667,0,3
"HLA-DRB1",3.95945275952693,1.71581067413954,1,0.9275,0,4
"HLA-DRB5",3.17194827199444,1.88720765407118,0.972,0.76,0,4
"HLA-E",1.0028769652248,0.823992127078572,0.924,0.845333333333333,4.60082497667377e-202,3
"HLA-F",0.90811348317044,0.530901206151963,0.942,0.473,8.14545271168436e-18,3
"HLTF",0.745044374283909,0.745044374283909,0.258,0.258,9.64428122764192e-11,1
"HLX",2.06365530281473,1.31800529960385,0.508,0.415,6.57852698496998e-201,2
"HM13",1.6244819608989,1.17401825543509,0.985,0.667,1.59471228346974e-187,5
"HMBOX1",0.604562196760162,0.604562196760162,0.347,0.347,1.49332269095013e-100,1
"HMBS",7.22464420924398,3.75082278836513,0.544,0.4385,4.92518969795236e-86,2
"HMCES",1.39338326693799,1.15461529032046,0.394,0.35,3.44872502714403e-29,2
"HMG20A",1.27350811492361,1.27350811492361,0.361,0.361,1.66047667178782e-07,1
"HMGA1",1.12266660096854,0.995510321005505,0.667,0.463833333333333,2.38209330910813e-109,6
"HMGB1",1.53448151442476,1.02115640514171,1,0.88225,2.04127461415304e-36,4
"HMGB2",1.23052831386544,1.17159329683282,0.747,0.652,2.19234710451382e-30,3
"HMGB3",4.11643562376046,4.11643562376046,0.424,0.424,4.55712593549856e-128,1
"HMGCL",0.737485598273532,0.586495143847056,0.306,0.282,0.000553387915808102,2
"HMGCR",0.820562316973489,0.673911009284857,0.5,0.4305,4.11261515149613e-155,2
"HMGCS1",0.810387813679749,0.686382231382829,0.348,0.313,7.39561268786345e-16,2
"HMGN1",1.54879393647561,0.988414706976039,0.924,0.716333333333333,6.67713150413626e-134,6
"HMGN2",3.07456529485499,1.62500668758752,0.94,0.831333333333333,5.80477879459202e-125,3
"HMGN3",1.76170156548815,1.33811781565589,0.833,0.617333333333333,1.34513543532765e-246,6
"HMGXB3",1.18562486377629,0.977904963914734,0.417,0.370333333333333,1.69018752930507e-93,3
"HMGXB4",0.989516725244206,0.76368306250032,0.472,0.445,2.09851106008728e-148,2
"HMOX1",2.79099993078188,2.711564427884,0.917,0.7745,0,2
"HMOX2",2.33836381093516,1.44925569113122,0.744,0.612333333333333,7.73352354380971e-86,3
"HNMT",4.36560000728478,3.83453463497166,0.833,0.7145,0,2
"HNRNPA0",1.24395639588436,0.838366115226561,0.806,0.5716,2.45406824429776e-75,5
"HNRNPA1",1.71278187380144,1.04378737719805,1,0.881,1.23593260514189e-179,7
"HNRNPA1P48",2.16432356326659,1.25384330134479,0.528,0.3656,1.12098565625792e-74,5
"HNRNPA2B1",1.28199432763509,0.70659930933361,1,0.9675,5.01149306138863e-73,4
"HNRNPA3",1.44108280287345,0.960131739307656,1,0.912,1.36970614590944e-145,5
"HNRNPAB",2.57999097637773,1.18595933006146,0.917,0.577,3.7964586753623e-174,7
"HNRNPD",1.23648686513076,0.747564029467826,0.972,0.813,2.22635104804081e-128,4
"HNRNPDL",1.28107666322413,0.84520097403513,0.944,0.8795,3.01756145172426e-141,4
"HNRNPF",1.29510643863496,0.842724742385777,0.944,0.7225,5.28045269833695e-101,6
"HNRNPH1",1.96792634112357,1.08108768508576,0.912,0.709333333333333,2.31564238943954e-120,3
"HNRNPH2",0.304893829908584,0.304893829908584,0.861,0.861,6.2446208244153e-13,1
"HNRNPH3",0.841167742616624,0.573464011829843,0.41,0.287,8.87263180728036e-16,2
"HNRNPK",0.343492921604294,0.29408601552902,1,0.961333333333333,1.2113408996726e-58,3
"HNRNPL",0.676478722138908,0.487381747153116,0.861,0.467,5.04900982406531e-23,2
"HNRNPM",1.3264668825216,0.910184840744734,0.972,0.744,1.41925097069045e-117,7
"HNRNPR",1.3477305942452,1.05913887811589,0.944,0.689857142857143,5.75302020995805e-118,7
"HNRNPU",1.03588666042758,0.635738768054554,0.974,0.678,1.78986010877896e-79,3
"HNRNPUL1",0.848166159161588,0.703654534254874,0.833,0.63425,1.05122831914398e-162,4
"HNRNPUL2",0.624641667263384,0.624641667263384,0.405,0.405,1.04615023753663e-128,1
"HOMER3",1.40170839706859,1.31847569048703,0.379,0.340333333333333,1.18509588335736e-174,3
"HOMEZ",2.22757727163478,2.22757727163478,0.25,0.25,6.26455617268759e-15,1
"HOOK2",0.805438177364511,0.805438177364511,0.273,0.273,5.80273951673584e-08,1
"HOOK3",1.59097180565007,1.18765360256882,0.834,0.8335,0,2
"HOPX",5.1768101324812,5.1768101324812,0.756,0.756,1.55460362212962e-248,1
"HOXB2",2.16437882053995,2.16437882053995,0.389,0.389,1.31308670773169e-15,1
"HOXB4",4.40974605327479,4.40974605327479,0.256,0.256,4.67284422582749e-46,1
"HP",6.44478946794648,6.44478946794648,0.694,0.694,0,1
"HP1BP3",1.59223065993209,0.740734336782568,0.944,0.722,3.99092458918642e-102,5
"HPF1",1.72262843787553,0.842082806585403,0.47,0.3995,6.52597959873742e-49,4
"HPRT1",1.69751932970847,1.34211415561273,0.444,0.354333333333333,3.1252954508477e-66,3
"HPS1",1.20059801235404,0.789056264647117,0.488,0.444666666666667,5.56764021264738e-108,3
"HPS5",1.18246488800751,0.978235815724583,0.472,0.3625,2.45053888693883e-78,2
"HRAS",1.35801446376814,1.30144931688455,0.364,0.335,6.35962040138459e-21,2
"HRASLS2",7.51606008446903,7.51606008446903,0.742,0.742,0,1
"HRH2",1.36357743296223,1.36357743296223,0.286,0.286,1.55307629589425e-07,1
"HS1BP3",0.739865181374046,0.739865181374046,0.25,0.25,0.00232004248680512,1
"HS2ST1",0.394248596588531,0.394248596588531,0.258,0.258,1.5629426825314e-06,1
"HSBP1",0.829529558935931,0.600681783483546,0.889,0.614666666666667,7.29089575550514e-185,3
"HSCB",0.894825325198874,0.894825325198874,0.5,0.5,9.36037562255744e-40,1
"HSD17B10",1.72348090826162,1.38600400270824,0.758,0.5594,2.9168399303649e-162,5
"HSD17B11",0.280306700544367,0.280306700544367,0.134,0.134,3.00575753529195e-17,1
"HSD17B12",2.3792045694782,2.24994518113779,0.409,0.4035,1.86911427698203e-35,2
"HSD17B4",1.66102998355636,1.57268903423541,0.833,0.7225,6.21744804687621e-264,2
"HSD17B7",0.996921898298994,0.725594458211956,0.318,0.312,6.74209693708684e-15,2
"HSD17B8",3.45966707383997,3.45966707383997,0.515,0.515,3.65236977087523e-123,1
"HSF1",1.41229238906003,0.943371019614169,0.556,0.398,1.77480958522484e-91,3
"HSH2D",0.292048539324856,0.292048539324856,0.879,0.879,2.32537111836498e-26,1
"HSP90AA1",1.38944941143813,0.812956721477375,1,0.804857142857143,1.62979851104936e-87,7
"HSP90AB1",2.0496850620411,1.25997853870768,1,0.8965,1.9229372443113e-255,6
"HSP90B1",5.04518064949976,1.72358574286058,1,0.8284,1.45974246664138e-162,5
"HSPA13",2.84201553257799,2.84201553257799,0.682,0.682,1.06024184733712e-94,1
"HSPA14.1",0.87884581195124,0.771090890394445,0.288,0.283,2.26484005109617e-09,2
"HSPA1A",1.59304611111246,0.735288813421691,0.944,0.790333333333333,1.30623703369829e-173,3
"HSPA4",1.8250084872315,0.92959271757187,0.833,0.5948,9.43558880260872e-119,5
"HSPA5",3.32216766846286,1.48866133164853,1,0.83875,1.00466927817024e-151,4
"HSPA6",2.08635468508814,2.08635468508814,0.303,0.303,1.39502897898969e-61,1
"HSPA8",1.79805991746939,1.37558340541028,1,0.869166666666667,2.0918323637587e-172,6
"HSPA9",1.30939011338432,1.07868313373186,0.722,0.5722,7.16860262272868e-156,5
"HSPB1",1.83197983058351,0.94295655098146,0.472,0.412,2.1863693112697e-167,3
"HSPB11",2.33088553604375,1.55454972696319,0.803,0.576666666666667,9.53499620951017e-46,3
"HSPBP1",2.67538600792627,2.67538600792627,0.333,0.333,1.09284715693075e-17,1
"HSPD1",1.65376468510661,1.2044490902202,0.909,0.629428571428571,8.39328051338464e-129,7
"HSPE1",1.96628983229038,1.70956276971729,0.924,0.7634,7.48610227771115e-171,5
"HSPH1",2.16789156780064,1.38772661625254,0.722,0.442,2.31891022729471e-60,4
"HTATIP2",0.397618203320499,0.397618203320499,0.465,0.465,1.30286147078974e-11,1
"HTATSF1",1.81041568961428,1.1868840895571,0.53,0.417,3.74278356021744e-72,5
"HTRA2",0.752248162357339,0.641420060396418,0.5,0.389,1.62042652834326e-34,2
"HTT",1.45626052967211,1.13483988730513,0.488,0.452666666666667,9.32518112245778e-190,3
"HUS1",0.810737270021113,0.810737270021113,0.261,0.261,8.45206123908027e-85,1
"HUWE1",0.777262039567392,0.629373379627477,0.742,0.561,2.18353828751378e-141,4
"HVCN1",3.31095200690511,1.42876929280504,0.778,0.680333333333333,0,3
"HYI",1.04511368975645,1.04511368975645,0.348,0.348,2.59536102182206e-53,1
"HYOU1",3.87432991251642,2.70131750401366,0.803,0.458666666666667,2.04934880256229e-173,3
"IAH1",0.977589240208681,0.624157098001621,0.639,0.47225,4.6375394744474e-95,4
"IARS",1.38470388606146,1.16563478898675,0.485,0.395,1.43526252380193e-21,3
"IARS2",1.31766456375741,0.713656722092912,0.614,0.462,5.11869171563731e-214,4
"IBTK",2.08734401941203,1.83720573880453,0.773,0.602666666666667,7.49713815478602e-161,3
"ICA1L",1.11243122657871,1.11243122657871,0.25,0.25,0.000316887410222691,1
"ICAM1",0.349675526384129,0.349675526384129,0.583,0.583,6.76559972418326e-24,1
"ICAM2",1.13533852898658,0.698403215023075,0.889,0.551,2.21133189303481e-101,5
"ICAM3",1.18468253465813,0.669131239648839,0.545,0.387333333333333,2.77393793923015e-14,3
"ICE1",0.900305376076216,0.647432680841311,0.4,0.31,1.48775024721826e-101,3
"ICE2",1.23270292222661,0.856021528645057,0.583,0.4295,1.94666582588835e-44,2
"ICMT",2.59437650244816,2.59437650244816,0.472,0.472,8.70624887222805e-32,1
"ID2",2.68244192593515,1.63210660628992,0.849,0.6855,1.02319619781495e-189,4
"IDE",1.86172497317949,1.66766320984924,0.485,0.37,6.36139892704593e-147,3
"IDH1",2.11305598767484,1.56665678121492,0.538,0.533,0,2
"IDH2",2.79948035822177,1.66603182808567,0.924,0.62475,1.08897607445341e-84,4
"IDH3A",2.22093053523661,1.79999427744966,0.556,0.433333333333333,2.06124827974936e-79,3
"IDH3B",1.25677783493183,1.09686027729103,0.611,0.507666666666667,5.40540879712019e-176,3
"IDH3G",1.32239024058988,0.871087531651351,0.806,0.644,4.03462706110911e-168,4
"IDI1",1.11399607235035,1.11399607235035,0.333,0.333,3.27324793014721e-06,1
"IDNK",1.29695009248989,1.29695009248989,0.288,0.288,1.66303016488783e-26,1
"IDS",1.86784883385445,1.11361331352034,0.361,0.2575,1.93597980841262e-16,2
"IER2",0.852479818170816,0.634321721759487,0.927,0.561,6.96571235905211e-77,3
"IER3",0.8020038840867,0.8020038840867,0.269,0.269,1.81809105446723e-08,1
"IER3IP1",2.36045363865633,1.47358105759886,0.848,0.4936,9.25161321554803e-87,5
"IER5",1.76207725375741,1.33271209473317,0.917,0.6415,1.08487358968111e-67,2
"IER5L",2.13117429402457,2.13117429402457,0.444,0.444,1.37347591082434e-37,1
"IFFO1",0.604619134594112,0.604619134594112,0.306,0.306,2.41721131452667e-07,1
"IFI16",1.34430966745595,1.34430966745595,0.57,0.57,8.22977165597482e-47,1
"IFI27",2.23358640848823,1.79990858285859,0.944,0.84575,1.01522721618839e-187,4
"IFI27L1",1.99842368196713,1.99842368196713,0.606,0.606,2.06971064586781e-140,1
"IFI27L2",3.3952815734865,1.28440957975118,0.939,0.766,1.04032295930776e-222,5
"IFI30",1.42118856477121,0.879932200047673,0.806,0.614,9.73367294346158e-190,2
"IFI35",1.25634424004301,0.841503344422137,0.861,0.6975,3.11435119500351e-174,4
"IFI44L",1.34633149178118,0.667673618247938,1,0.76825,8.06046174564508e-80,4
"IFI6",1.66464136962946,1.25383625174297,1,0.980666666666667,9.69038688208843e-245,3
"IFIH1",0.748583107208199,0.748583107208199,0.111,0.111,8.52256656214324e-08,1
"IFIT1",2.66315966158058,2.66315966158058,0.485,0.485,3.49529516297925e-116,1
"IFIT1B",10.3943083327292,10.3943083327292,0.439,0.439,0,1
"IFIT2",2.81848903812428,2.81848903812428,0.432,0.432,2.27824786265282e-110,1
"IFIT3",2.61411780655699,2.61411780655699,0.561,0.561,8.42207524974876e-160,1
"IFITM1",1.46048872793731,0.906678502470291,0.733,0.6015,5.62845452699041e-93,2
"IFITM2",2.92398419919835,2.92398419919835,0.982,0.982,0,1
"IFITM3",2.01238099249624,1.43489305079283,1,0.923333333333333,4.43651159851408e-272,3
"IFNAR1",0.548898548852102,0.548898548852102,0.143,0.143,2.67667716969992e-17,1
"IFNAR2",0.814623538340255,0.814623538340255,0.848,0.848,8.99545104177307e-43,1
"IFNG-AS1",4.2693715336327,4.2693715336327,0.652,0.652,1.36443565720558e-241,1
"IFNGR1",1.8778487432178,1.43392159155116,1,0.9205,1.2222395783212e-251,2
"IFNGR2",0.698648487153833,0.476079563728294,0.944,0.929,2.26530230400924e-208,2
"IFNLR1",2.90861418709016,2.90861418709016,0.258,0.258,1.52278865642743e-71,1
"IFRD2",1.49621299216127,1.25047707680458,0.306,0.3045,1.16569687036758e-15,2
"IFT27",1.11036764478825,0.995590204940082,0.379,0.3285,4.94264982697522e-27,2
"IFT52",0.971035033431624,0.971035033431624,0.273,0.273,2.7710185386235e-15,1
"IFT57",2.4398883236367,2.4398883236367,0.349,0.349,2.01904345874825e-108,1
"IFT74",1.47430615581324,1.47430615581324,0.25,0.25,4.49820543294036e-06,1
"IGBP1",0.821925730963686,0.62029001617223,0.694,0.5082,5.32333980456847e-137,5
"IGF1",9.59719221355448,9.59719221355448,0.727,0.727,0,1
"IGF1R",1.26827265046912,1.26827265046912,0.395,0.395,4.6014959365102e-30,1
"IGF2BP2",2.94098950592296,2.94098950592296,0.298,0.298,3.11860475888957e-30,1
"IGF2R",1.53932411539717,1.53932411539717,0.41,0.41,2.11033965748361e-27,1
"IGFBP7",2.39004928132242,2.21643120937647,0.694,0.616,0,2
"IGHA1",6.06614563705158,3.31522639784637,0.955,0.731,2.33497509820512e-17,2
"IGHA2",6.87018413960314,6.87018413960314,0.561,0.561,1.63671141353175e-54,1
"IGHD",6.58043572388503,6.58043572388503,0.872,0.872,0,1
"IGHG1",7.2331434512351,7.2331434512351,0.606,0.606,1.50530114716803e-45,1
"IGHG2",6.43162285596578,6.43162285596578,0.364,0.364,9.76847073285349e-73,1
"IGHG3",6.29235643698739,3.31821709875203,0.682,0.4925,1.33702681535666e-68,2
"IGHG4",5.87274818538358,5.87274818538358,0.576,0.576,3.72637491261746e-31,1
"IGHM",5.84793512074177,5.84793512074177,0.933,0.933,0,1
"IGKC",6.45643205672228,3.8405477734971,0.894,0.8725,9.87657433638316e-113,2
"IGLC2",6.5570666550178,4.02504589429802,0.894,0.7845,4.83680598288215e-108,2
"IGLC3",6.45476314133102,4.04075455167388,0.53,0.436,3.79608078292368e-122,2
"IGLL5",7.74737816650103,7.74737816650103,0.53,0.53,1.36864670879453e-269,1
"IGSF6",2.2075751444971,1.40675629210557,1,0.711666666666667,5.74004150205825e-278,3
"IGSF8",1.68028821828659,1.68028821828659,0.364,0.364,3.50544459828921e-32,1
"IK",0.743989870296887,0.514367321829044,0.917,0.70475,2.99450735083697e-55,4
"IKBKB",0.26030861585992,0.26030861585992,0.611,0.611,1.54467894087161e-06,1
"IKBKE",1.63401052606519,1.58075037637481,0.472,0.3955,1.46320805902261e-127,2
"IKBKG",0.354224748892602,0.354224748892602,0.314,0.314,1.12751046133793e-07,1
"IKZF1",1.50426899426585,0.874249226221704,0.877,0.713666666666667,7.32113907285379e-66,3
"IKZF3",3.1159408010042,2.28867180806611,0.909,0.7145,1.19229379786189e-299,4
"IL10RA",2.13111658941245,1.56651017171059,0.944,0.65075,0,4
"IL10RB",0.255933456259169,0.255933456259169,0.389,0.389,4.49892676789961e-07,1
"IL12RB1",2.38164112314446,2.38164112314446,0.279,0.279,6.04889772405053e-28,1
"IL13RA1",0.728223208069406,0.566981418270246,0.861,0.81,3.82143051519833e-263,2
"IL16",0.842584989064409,0.658483297641586,0.145,0.112,6.08985715457736e-21,2
"IL17RA",1.14079302138333,0.878496370653943,0.688,0.537333333333333,1.3308812897077e-44,3
"IL18",2.21846006131626,2.15368652347868,0.639,0.5775,0,2
"IL18R1",2.22292956597679,2.22292956597679,0.265,0.265,2.83143493322268e-79,1
"IL1R2",1.81574041952706,1.1152897328124,0.621,0.548666666666667,1.32315162523771e-75,3
"IL27RA",2.43589624286678,1.95865110156196,0.694,0.5135,9.71973656289629e-229,4
"IL2RB",6.24190639162584,6.24190639162584,0.547,0.547,1.69978714820114e-248,1
"IL2RG",1.65614272861207,1.14242320716148,0.872,0.625,1.22646322210617e-18,2
"IL32",4.31961010183216,4.08748709524061,0.942,0.9215,0,2
"IL4R",0.861401476834067,0.850795548079335,0.382,0.278,1.25283106109083e-08,2
"IL6R",1.00712176835882,0.634529916085947,0.362,0.2685,0.0341609822978652,2
"IL6ST",1.47160206558098,1.00851338383328,0.582,0.556,8.3713919719575e-171,2
"IL7R",6.51104210904805,6.51104210904805,0.941,0.941,0,1
"ILF2",1.62816699808942,1.07701284196249,0.818,0.5728,1.5498397714441e-150,5
"ILF3",1.05004616963497,0.957984344212542,0.788,0.577833333333333,2.36465121181932e-155,6
"ILF3-DT",1.57838917116962,1.57838917116962,0.368,0.368,2.84514641068375e-79,1
"ILK",4.85331700137407,4.85331700137407,0.563,0.563,7.15863536483806e-106,1
"ILKAP",1.98875199818477,1.44274857071973,0.417,0.4005,3.61790870446219e-15,2
"IMMP1L",1.4805929074062,1.4805929074062,0.379,0.379,1.01684647599439e-33,1
"IMMT",1.31713994910678,0.987690907501662,0.778,0.5216,8.32520366564072e-128,5
"IMP3",1.84306600590887,1.30316523363449,0.682,0.5518,4.6707471483324e-71,5
"IMP4",1.45238801134356,1.115590010411,0.682,0.4332,5.70207802543448e-69,5
"IMPA2",1.08772408623425,1.05181218744296,0.833,0.722,0,2
"IMPACT",1.51214162603445,1.51214162603445,0.472,0.472,9.23057932880992e-19,1
"IMPAD1",1.78254542700413,1.5287142169419,0.53,0.478333333333333,1.03221167435704e-213,3
"IMPDH1",1.12159022169416,1.01592041815016,0.944,0.8295,0,2
"IMPDH2",1.48710619124548,0.919428293843495,0.444,0.376666666666667,1.98062755836136e-59,3
"INAFM2",0.39419005703578,0.39419005703578,0.333,0.333,1.20397393184876e-11,1
"ING4",0.276325771259861,0.276325771259861,0.5,0.5,6.52086082265771e-08,1
"INHBA",4.36082916466102,4.17689094765479,0.422,0.382,2.90393114720286e-216,2
"INIP",1.09006713554786,0.856756705947642,0.5,0.4035,1.49327450256329e-92,2
"INO80",1.00409109978422,0.840234826825739,0.556,0.380666666666667,2.14882725507402e-84,3
"INO80C",1.09123372253953,1.05704582767427,0.318,0.298,2.26133778749423e-18,2
"INO80D",0.858080811461238,0.858080811461238,0.301,0.301,0.0112471175341932,1
"INO80E",0.977958005240869,0.977958005240869,0.256,0.256,0.000502563705156307,1
"INPP4A",0.758480340404708,0.758480340404708,0.477,0.477,2.12828424791174e-14,1
"INPP4B",5.56065143340175,4.01051747727057,0.474,0.417,0,2
"INPP5D",1.21749040805622,1.21749040805622,0.199,0.199,0.389038750130577,1
"INPPL1",0.94510942753357,0.913628131319615,0.667,0.587,6.57241400664071e-251,2
"INSIG1",0.871354197777853,0.871354197777853,0.279,0.279,9.97974697177473e-08,1
"INSR",1.79728794834075,1.39447940916584,0.445,0.431,1.44478554406228e-303,2
"INTS10",0.828666662286814,0.668317121241705,0.444,0.3345,3.63833208193072e-92,4
"INTS11",0.691272705919224,0.556137500080704,0.455,0.387666666666667,9.20949824828764e-97,3
"INTS12",1.04162795930631,0.837847752381631,0.333,0.303,1.3144289409261e-11,2
"INTS13",1.29314794622026,1.09797384809556,0.278,0.2755,3.70154881887048e-12,2
"INTS2",1.0901220602195,1.0901220602195,0.25,0.25,9.26075413785885e-05,1
"INTS4",1.28398259735475,1.28398259735475,0.389,0.389,8.62646936323993e-10,1
"INTS5",1.75781155596204,1.75781155596204,0.306,0.306,2.1283896685842e-08,1
"INTS6",1.11298331692823,0.627166378472302,0.339,0.258333333333333,1.28685123759207e-16,3
"IP6K2",0.959969977222511,0.959969977222511,0.349,0.349,1.91094924525782e-07,1
"IPCEF1",1.6662605136249,0.966550549298673,0.371,0.3385,5.28153697736567e-39,2
"IPO4",2.18038686914714,2.18038686914714,0.273,0.273,4.41383902156549e-50,1
"IPO5",1.5094953666612,1.27664047116858,0.394,0.318,8.48386595977556e-84,4
"IPO7",1.74575219549549,1.25797832319972,0.778,0.46025,4.78618600962297e-213,4
"IPO8",0.769116622325852,0.638546017873727,0.611,0.48,4.69952706614137e-102,2
"IPO9",0.735511610364655,0.661456451241377,0.444,0.388,7.53403705556844e-90,2
"IQCB1",2.18159050641146,1.31752760409945,0.636,0.457,9.29314386010236e-50,2
"IQGAP1",1.46250838818507,1.46250838818507,0.732,0.732,2.9094348736425e-150,1
"IQGAP2",0.783041328285754,0.687330835112137,0.885,0.5655,3.89384417927797e-177,2
"IQSEC1",1.13180541955713,1.04503992722791,0.191,0.167,0.000341573797933639,2
"IRAK1",0.873114260148057,0.793983230307079,0.742,0.658333333333333,9.96763473546088e-189,3
"IRAK3",1.4467251976873,0.920748098893108,0.628,0.487333333333333,3.29298722478428e-27,3
"IREB2",0.389553783868193,0.389553783868193,0.616,0.616,9.3852519638966e-161,1
"IRF1",1.59658040179924,1.41169827034083,0.621,0.576,5.88816474232614e-75,2
"IRF2",1.32136101325766,1.32136101325766,0.227,0.227,0.894670432085653,1
"IRF2BP2",2.6595562772271,1.51707053617442,0.944,0.7305,4.17643367318377e-225,4
"IRF3",0.757781888694269,0.648283145979533,0.547,0.459333333333333,3.19196337801106e-56,3
"IRF4",4.55544493129665,4.55544493129665,0.788,0.788,2.29053402981888e-176,1
"IRF5",2.4718433216933,2.34353382814531,0.778,0.629,0,2
"IRF7",0.840418485901225,0.571415101515806,0.879,0.49675,3.39760919601921e-21,4
"IRF8",3.3308864163402,1.70199991977028,0.722,0.633333333333333,2.66571974090617e-279,3
"IRF9",1.59489872532879,1.08548777092708,0.169,0.1665,1.70094049995323e-08,2
"IRS2",1.53922665708512,1.08492433323008,0.292,0.2225,1.11498063959342e-05,2
"ISCA1",2.22851011617728,2.22851011617728,0.596,0.596,1.43018319504559e-25,1
"ISCA2",0.919078428013433,0.716022695365336,0.515,0.35,2.39188571493424e-22,4
"ISCU",1.36655449191828,0.845479144234322,0.924,0.69175,6.31671060287343e-148,4
"ISG15",2.00152149660051,1.3396392845741,1,0.768,4.75373256205876e-69,2
"ISG20",2.76896796107156,1.22635295630075,0.985,0.7736,1.80905492411887e-177,5
"ISOC1",1.17937312000425,1.17937312000425,0.379,0.379,1.81073661524997e-54,1
"ISOC2",3.73002539181105,2.55505810039081,0.803,0.477,5.56215411298262e-136,3
"IST1",0.73824283600322,0.590697338813356,0.156,0.124,4.4547952874605e-20,2
"ITFG1",0.432687668742653,0.432687668742653,0.694,0.694,7.16644046167561e-14,1
"ITFG2",1.45059672465653,0.964475719434594,0.485,0.375333333333333,5.65020801363937e-40,3
"ITGA2B",8.75066643776429,8.75066643776429,0.72,0.72,0,1
"ITGA4",1.63451945647265,1.28301511366829,0.972,0.791,6.58486916609831e-114,5
"ITGA6",1.96234935794162,1.96234935794162,0.333,0.333,6.47862984394396e-158,1
"ITGAE",1.76229922217365,0.976644735221751,0.727,0.3804,6.3979261523885e-56,5
"ITGAL",1.41601657048121,1.09659131260194,0.93,0.409,1.77915679991585e-44,3
"ITGAM",1.86850487245562,1.03216605054337,0.892,0.597333333333333,1.58960547109017e-234,3
"ITGAV",0.967493853915856,0.967493853915856,0.278,0.278,4.19413492781358e-06,1
"ITGAX",1.47065197040899,1.47065197040899,0.258,0.258,1.22483534116542e-17,1
"ITGB1",3.30460037593281,1.31625491136552,1,0.741833333333333,6.17916209312326e-210,6
"ITGB1BP1",1.6163059035147,0.801437810014366,0.694,0.4884,4.11982955169995e-75,5
"ITGB2",1.81617246702331,1.05832210719041,1,0.89075,6.30036123174669e-283,4
"ITGB3BP",0.518489991744462,0.518489991744462,0.364,0.364,2.19804938038895e-13,1
"ITGB7",3.12333131536586,2.7116221585431,0.864,0.566,5.6610021809696e-106,3
"ITK",5.97761961042849,4.03797496650679,0.568,0.4935,0,2
"ITM2A",3.46976217945055,2.35043197041039,0.767,0.575333333333333,0,3
"ITM2B",1.8887634231747,1.46589738703308,0.931,0.8925,0,2
"ITM2C",4.80439698977656,3.60037277225325,0.985,0.686,4.14280268891719e-187,2
"ITPA",2.32297626436247,1.60495006045027,0.806,0.61375,2.46678831987531e-99,4
"ITPKB",0.323440966045962,0.323440966045962,0.279,0.279,0.00133704202991863,1
"ITPR1",2.70920660111357,1.27493620531513,0.319,0.305,1.18312470342333e-98,3
"ITPRIPL2",2.2612214062453,2.15057121951472,0.722,0.652,0,2
"ITSN1",2.26261724857576,2.26261724857576,0.361,0.361,2.22888927316659e-19,1
"ITSN2",0.856697016731899,0.626743578935168,0.194,0.15,1.05575072687171e-21,2
"IVD",1.36147685522584,1.25586253677325,0.439,0.368666666666667,3.55067386206321e-85,3
"IVNS1ABP",1.60154978081346,0.873357926489052,0.611,0.395666666666667,9.49293876888056e-43,3
"IWS1",0.592265117724077,0.436302928324782,0.583,0.4835,3.18794510672828e-08,2
"JADE2",1.06135389998399,0.765528985470784,0.472,0.35375,3.56300820702906e-50,4
"JAGN1",1.54350397084572,0.97181352462352,0.528,0.4042,1.77317913460726e-57,5
"JAK1",1.23679580330996,1.23679580330996,0.428,0.428,0.00969975822009281,1
"JAK2",0.906043592276134,0.775783875008163,0.805,0.406666666666667,7.30426607997814e-284,3
"JAK3",1.00244810615384,1.00244810615384,0.255,0.255,1,1
"JAKMIP1",7.13526971628574,7.13526971628574,0.36,0.36,2.00197277033196e-261,1
"JAML",1.63990019331642,1.63990019331642,0.415,0.415,3.60488743265774e-46,1
"JARID2",1.08507339254516,0.757213763096535,0.168,0.128,6.87157028578757e-15,2
"JAZF1",2.1726464627936,1.31469788223234,0.528,0.457666666666667,7.9057569200805e-194,3
"JCHAIN",7.54427298329993,7.54427298329993,0.985,0.985,2.60502033005422e-148,1
"JDP2",1.28454908436047,0.876040891153947,0.861,0.52975,8.24475015909275e-222,4
"JKAMP",0.272586646763488,0.272586646763488,0.361,0.361,6.96783286377716e-96,1
"JMJD1C",1.25471112349415,1.25471112349415,0.43,0.43,1.59777851328975e-10,1
"JMJD4",1.27139532999379,1.27139532999379,0.288,0.288,1.21245480711978e-22,1
"JMJD8",1.65439792514395,1.65439792514395,0.333,0.333,3.27227070598274e-10,1
"JMY",1.5885328023863,1.36505212810398,0.303,0.2765,2.96356323288242e-14,2
"JOSD1",1.25811930200022,0.993064690260294,0.444,0.3675,1.73884836231646e-07,2
"JOSD2",1.76928791090219,1.48847991747386,0.722,0.471,1.0524614178002e-169,3
"JPT1",0.712706832626236,0.712706832626236,0.767,0.767,3.12641568901738e-20,1
"JPX",1.24639392124674,0.931878067039986,0.145,0.1305,6.47152734331663e-15,2
"JSRP1",3.9869569263499,3.9869569263499,0.288,0.288,4.82384714379194e-121,1
"JTB",0.683296786802868,0.551673423841257,0.97,0.657,1.89565271083843e-51,3
"JUN",0.593919657558896,0.593919657558896,0.364,0.364,1.06786068616658e-11,1
"JUNB",1.3366651344958,1.03325119697064,0.559,0.453,3.40562221560115e-50,2
"JUND",0.914333849861709,0.914333849861709,0.928,0.928,1.00987448740083e-110,1
"JUP",0.97654745961933,0.641611036689615,0.556,0.4065,4.00551490822101e-63,2
"KANK2",7.52426300260051,7.52426300260051,0.351,0.351,7.89862809243785e-241,1
"KANSL1",1.22727839242123,0.851197093181094,0.22,0.2095,5.92125878097364e-16,2
"KANSL2",0.419043177446259,0.419043177446259,0.25,0.25,1,1
"KANSL3",0.714277493190851,0.714277493190851,0.333,0.333,2.0940337794462e-08,1
"KARS",1.6089333966058,1.08720726120924,0.778,0.48575,1.34067940702039e-149,4
"KAT2B",2.30726766700269,2.30726766700269,0.474,0.474,1.51609681751174e-14,1
"KAT5",0.718132906213298,0.608834884162665,0.379,0.329666666666667,9.71852402397473e-74,3
"KAT6A",0.951612564840768,0.951612564840768,0.181,0.181,0.000125374862375626,1
"KAT6B",1.19733278734931,1.19733278734931,0.308,0.308,5.89137960278787e-44,1
"KAT7",0.394209864789864,0.394209864789864,0.267,0.267,0.219809892512579,1
"KATNA1",0.81649417700101,0.81649417700101,0.333,0.333,0.000128755994992275,1
"KBTBD11",3.40871818557382,2.27308828652868,0.295,0.276,4.69774150064255e-161,2
"KBTBD7",2.91684951450114,2.91684951450114,0.435,0.435,5.2517718571654e-90,1
"KCNA3",3.02384089361069,3.02384089361069,0.348,0.348,1.78628936836932e-97,1
"KCNAB2",1.72317881588139,1.17080295694968,0.639,0.49525,3.57200254397696e-179,4
"KCNC3",3.89088668268204,3.89088668268204,0.278,0.278,4.20522794023362e-44,1
"KCNE3",0.379741712024109,0.379741712024109,0.634,0.634,1.46583089591264e-267,1
"KCNJ15",2.23217624364017,2.23217624364017,0.313,0.313,1.64154651943984e-104,1
"KCNK6",0.686535439501864,0.614904929198682,0.697,0.591333333333333,2.52859050012282e-162,3
"KCNMB1",2.0027043017663,2.0027043017663,0.278,0.278,7.02244444510219e-27,1
"KCNN3",5.43758673208964,5.43758673208964,0.318,0.318,0,1
"KCNN4",2.20246318266783,2.20246318266783,0.364,0.364,9.28130037255602e-51,1
"KCNQ1",1.56904187292055,1.44620167791587,0.5,0.4285,2.98008467774901e-212,2
"KCNQ1OT1",0.771463056164164,0.512591070939265,0.53,0.515,6.54278334025442e-20,2
"KCTD12",3.5480417408298,2.80034340788857,1,0.9805,0,2
"KCTD2",0.450470634761027,0.450470634761027,0.25,0.25,0.000591517613097283,1
"KCTD20",0.769243222749481,0.568445267464513,0.611,0.603,2.80460241748398e-228,2
"KCTD5",1.23908389670942,1.23908389670942,0.333,0.333,2.47228118208854e-08,1
"KDELR1",1.37152808910332,0.992784964394176,0.861,0.6115,4.98165052019493e-201,4
"KDELR2",3.42338780142336,1.60861785344097,0.939,0.665,4.05819539486455e-158,4
"KDM1A",1.45394404228851,1.15641173514381,0.444,0.405666666666667,1.03907787040147e-108,3
"KDM1B",0.608649683904691,0.484864928079715,0.611,0.5665,1.11517270126918e-207,2
"KDM2A",0.839264425136649,0.813216784295435,0.188,0.162,7.47161185289643e-12,2
"KDM2B",1.87706178482681,1.87706178482681,0.528,0.528,3.61214489672203e-25,1
"KDM4A",1.02278085320867,1.02278085320867,0.379,0.379,4.65481547882454e-28,1
"KDM4C",1.240677787622,0.911912397388237,0.314,0.2885,7.14517658145156e-33,2
"KDM5A",0.668397371362137,0.572499042319905,0.412,0.268333333333333,8.62039879030879e-16,3
"KDM5C",0.43875354722068,0.43875354722068,0.778,0.778,7.90432697487989e-13,1
"KDM6A",1.41703444256046,1.09532678694382,0.352,0.3265,1.15804780262336e-13,2
"KDM6B",1.59652291278912,1.59652291278912,0.338,0.338,1.50714509951478e-21,1
"KDM7A",0.95360708468182,0.712929047007877,0.421,0.320333333333333,6.41627024360958e-07,3
"KDSR",2.34865333001859,1.75111972881218,0.361,0.321,5.30122829077512e-75,2
"KEAP1",0.796865058542321,0.676673878582315,0.318,0.298,2.17429084945312e-12,2
"KEL",6.93904473198272,6.93904473198272,0.333,0.333,1.95808959403101e-262,1
"KHDC4",0.299014490527967,0.299014490527967,0.5,0.5,3.87158519858822e-08,1
"KHDRBS1",1.23503303215318,0.896252549706762,0.917,0.6402,3.82019118218421e-156,5
"KHNYN",0.742132131189762,0.742132131189762,0.444,0.444,3.03400212925829e-10,1
"KHSRP",1.60386957599155,1.0045025718086,0.722,0.496,6.37912208715045e-156,5
"KIAA0040",0.997921885097595,0.863009446329217,0.583,0.3805,7.30683882782756e-98,2
"KIAA0100",1.39905488863225,1.26873313480614,0.667,0.624,1.07857360581408e-251,2
"KIAA0232",0.673440766800556,0.673440766800556,0.386,0.386,1,1
"KIAA0319L",0.967971923494743,0.847829226678979,0.415,0.2815,4.8718807914931e-08,2
"KIAA0355",0.428082506650439,0.428082506650439,0.318,0.318,0.000134480146940288,1
"KIAA0513",0.292501852060375,0.292501852060375,0.583,0.583,2.59528422068515e-12,1
"KIAA0586",0.322882411289033,0.322882411289033,0.409,0.409,3.02584110137132e-16,1
"KIAA0930",1.83429143284518,1.47171159227385,0.889,0.663,0,3
"KIAA1109",1.71515262176876,0.861765956931349,0.575,0.3135,3.99700039724765e-42,4
"KIAA1143",0.815241854927774,0.753238873144292,0.667,0.4575,4.3101069931049e-102,4
"KIAA1191",0.53595061038558,0.53595061038558,0.333,0.333,0.000305609872286466,1
"KIAA1551",1.76306579315781,1.45951572858,0.758,0.6715,5.5639517692793e-195,2
"KIAA1958",0.565989178360664,0.565989178360664,0.369,0.369,8.25964886372205e-200,1
"KIAA2026",0.280145639168776,0.280145639168776,0.407,0.407,0.000156966479920822,1
"KIDINS220",0.818078685773218,0.661920334236847,0.412,0.27925,2.29978813591214e-09,4
"KIF13A",0.31865867676706,0.31865867676706,0.474,0.474,6.69625715212392e-214,1
"KIF13B",2.7542313376929,1.73012662528341,0.523,0.493333333333333,0,3
"KIF1B",1.6180249929455,1.32853919564267,0.512,0.481,8.63049480456886e-44,2
"KIF1BP",1.94680376840182,1.94680376840182,0.333,0.333,2.13100310173487e-44,1
"KIF1C",0.924952925390889,0.924952925390889,0.333,0.333,8.38884504572582e-09,1
"KIF20B",1.51869947734638,1.08031646220764,0.364,0.335,5.83153187477188e-18,2
"KIF22",0.389767234048842,0.389767234048842,0.273,0.273,3.1981076167547e-08,1
"KIF2A",5.22544783675157,5.22544783675157,0.61,0.61,2.08121177806143e-125,1
"KIF3B",0.261654841538718,0.261654841538718,0.424,0.424,2.48857839554081e-18,1
"KIF5B",1.05059772861155,0.732237373920251,0.485,0.363,9.86851540436233e-23,3
"KIFAP3",1.12472539810325,0.807075564881393,0.394,0.354,1.81725248558042e-23,2
"KIN",0.298963127927198,0.298963127927198,0.395,0.395,3.89431050421443e-06,1
"KLC1",0.326794472479695,0.326794472479695,0.349,0.349,0.000596828857955369,1
"KLF1",8.53428742947731,8.53428742947731,0.491,0.491,0,1
"KLF10",0.620373720861956,0.620373720861956,0.694,0.694,3.22556582335804e-15,1
"KLF11",2.90284487817401,2.82249456346072,0.583,0.443,1.623385192374e-220,2
"KLF12",2.56480189798408,1.85092612944018,0.279,0.2685,1.10298856792659e-22,2
"KLF13",1.14283100577254,0.610692721234334,0.972,0.739,7.91194242174185e-125,5
"KLF16",1.26153887252473,1.26153887252473,0.306,0.306,1.07878508066947e-05,1
"KLF2",0.91530128766326,0.82931083099387,0.988,0.964,2.65977128965465e-97,3
"KLF3",1.5211266758713,1.00594287876319,1,0.599,1.66964229698531e-12,3
"KLF4",3.10256867249002,2.72938968112835,0.528,0.4695,0,2
"KLF5",3.61373858886691,3.61373858886691,0.256,0.256,1.61801929859697e-101,1
"KLF6",1.24685023815546,0.83923223276461,0.764,0.642,3.43290827626258e-87,3
"KLF7",1.18277706676265,1.18277706676265,0.512,0.512,2.0554279896992e-23,1
"KLHDC10",0.696783997121567,0.696783997121567,0.278,0.278,0.00366167317351211,1
"KLHDC2",0.553585933133208,0.45605165678575,0.53,0.35675,3.62399405816736e-29,4
"KLHDC3",1.55000493831704,1.39410118369921,0.444,0.351333333333333,2.43546996482359e-107,3
"KLHDC4",2.4588503620763,2.33245758745081,0.561,0.478,2.50244815803144e-47,2
"KLHDC7B",1.32038204555655,1.32038204555655,0.278,0.278,1.17740351967407e-10,1
"KLHL18",0.382051326273712,0.347595121831504,0.472,0.4285,3.37193692407267e-150,2
"KLHL20",0.436064608327924,0.436064608327924,0.25,0.25,0.227450996516493,1
"KLHL36",0.955173254733616,0.86278333162817,0.583,0.453,8.80920961922991e-43,2
"KLHL6",0.798522353973041,0.798522353973041,0.606,0.606,9.29541841698442e-33,1
"KLHL7",1.69230400926415,1.69230400926415,0.361,0.361,1.13312135180793e-17,1
"KLHL8",0.470628386257322,0.470628386257322,0.692,0.692,2.34208562676554e-262,1
"KLHL9",0.818420958607669,0.818420958607669,0.32,0.32,9.2947254942071e-115,1
"KLRB1",4.99711742198671,4.99711742198671,0.291,0.291,4.42356339479177e-75,1
"KLRD1",6.3552719674932,6.3552719674932,0.837,0.837,0,1
"KLRG1",5.8595494243258,5.8595494243258,0.628,0.628,3.6936191243071e-252,1
"KMT2A",1.44170243593714,1.0980889750403,0.894,0.6572,1.01925362784609e-99,5
"KMT2C",0.700166445005837,0.700166445005837,0.188,0.188,4.64502156751867e-10,1
"KMT2E",0.837180189182082,0.644446810705734,0.28,0.225,9.55176452665607e-22,2
"KMT5A",1.11489121122855,0.724580547374807,0.424,0.369,1.84390262231945e-15,2
"KNOP1",2.48356588541821,1.2022187430527,0.361,0.326333333333333,2.39841324456418e-111,3
"KNTC1",0.967798474812649,0.967798474812649,0.303,0.303,1.29325769968435e-28,1
"KPNA2",1.03749185810077,0.732460541826582,0.389,0.3385,1.66061398968254e-13,2
"KPNA3",0.798259746228966,0.733704910925531,0.444,0.379333333333333,9.20225276129218e-129,3
"KPNA4",0.761595941257018,0.761595941257018,0.129,0.129,3.14162298576841e-17,1
"KPNA6",0.618524987927631,0.56920193811794,0.523,0.4245,7.79954035532185e-150,2
"KPNB1",1.41422902713082,0.947364277514859,0.367,0.274,9.37059667568777e-16,2
"KRAS",0.640705070908876,0.528946783474306,0.721,0.310333333333333,1.1136846768668e-20,3
"KRI1",1.16926560891406,1.01873786763885,0.278,0.2725,2.77355585771096e-06,2
"KRIT1",0.751432092254452,0.611725582727038,0.639,0.439666666666667,1.20272446835968e-82,3
"KRR1",1.44974413679823,0.813010082936274,0.591,0.43975,1.16563312717602e-59,4
"KRT10",1.60463277845741,1.42475235857875,0.909,0.67775,4.59457002215293e-90,4
"KRT23",2.94939178761315,2.94939178761315,0.271,0.271,9.08494670821248e-125,1
"KRTCAP2",2.29965415907852,1.36323674173804,0.894,0.600166666666667,3.61452498454227e-87,6
"KSR1",1.22542835706764,1.22542835706764,0.306,0.306,8.52762246565236e-10,1
"KTI12",1.00511739925882,1.00511739925882,0.273,0.273,5.27564490932233e-14,1
"KTN1",0.956372263910801,0.782028432957742,0.944,0.7674,1.65165471491202e-160,5
"KXD1",0.916015938254027,0.742112378958312,0.47,0.3825,9.10415054245855e-114,4
"KYNU",1.29129940389942,1.12246528648166,0.778,0.676,1.40929415673936e-248,2
"L3MBTL2",1.28131542862419,1.04263646357456,0.333,0.2915,1.91929152863071e-15,2
"LACC1",3.53634171108323,3.53634171108323,0.528,0.528,7.24587207852153e-53,1
"LACTB",0.820607269254292,0.70365237008096,0.889,0.8,1.9704802989943e-235,2
"LACTB2",1.03410581145142,0.857325025435872,0.288,0.283,1.41966566071746e-09,2
"LAG3",6.11639182875541,6.11639182875541,0.488,0.488,0,1
"LAGE3",1.90369110511543,1.39138476290616,0.636,0.387,2.83193000758222e-56,4
"LAIR1",2.68000882160353,1.48913496616007,0.944,0.6415,6.01058338769802e-188,4
"LAIR2",7.58898902960286,7.58898902960286,0.256,0.256,3.02350687850976e-185,1
"LAMP1",0.867034705612968,0.764381360768327,0.313,0.233,1.10300519363072e-22,3
"LAMP2",1.5340181546721,0.873682489571418,0.561,0.496,8.24208443449938e-14,3
"LAMTOR1",3.30735638759081,1.35009432484363,0.692,0.581333333333333,8.65421322175296e-86,3
"LAMTOR2",1.3679843149041,1.14165236733225,0.861,0.76925,6.55923112247321e-251,4
"LAMTOR4",1.57588489677188,1.57588489677188,0.49,0.49,9.66791239346399e-25,1
"LAMTOR5",0.46923700678596,0.389922813676182,0.944,0.766,7.57636632174162e-124,4
"LAP3",2.64574454753329,1.75715233474759,1,0.8345,0,4
"LAPTM4A",1.32876940684752,0.998104358391302,0.889,0.595333333333333,4.35775101791288e-260,3
"LAPTM5",1.05830523384481,0.714508774537702,0.984,0.8085,3.27961436389126e-55,2
"LARP1",1.20914353820735,0.641990760029329,0.833,0.5645,1.10893510053524e-136,4
"LARP1B",3.53440531576414,3.53440531576414,0.712,0.712,1.61533308477336e-131,1
"LARP4",1.10863992440355,0.946614541451138,0.556,0.4185,2.86585901866209e-93,4
"LARP4B",1.9882109553776,1.11476330067649,0.75,0.572333333333333,9.99325209677491e-174,3
"LARP7",0.826785737481504,0.565868391346957,0.778,0.614,2.26252049993379e-120,4
"LARS",1.28451883873434,0.987591493714199,0.722,0.514166666666667,1.91826526709682e-92,6
"LAS1L",1.59925076131704,1.44918282526162,0.348,0.327,6.71400497210144e-17,2
"LASP1",0.936896905403,0.646885363548368,0.415,0.27725,8.02174764057649e-14,4
"LAT",5.13279547548953,2.6471531461864,0.709,0.497333333333333,6.36165266275497e-163,3
"LAT2",1.04633592082155,0.791002000617683,0.184,0.1405,1.09577895681502e-15,2
"LAX1",4.34431177078168,4.34431177078168,0.652,0.652,9.15395216779007e-219,1
"LBH",2.61122684176032,2.04116263784934,0.698,0.598,6.74324410231836e-210,3
"LBR",1.31373649332761,0.818438482851515,0.764,0.513,1.14434275582309e-41,4
"LCK",4.36529011024664,3.9869188025734,0.814,0.7665,0,2
"LCMT1",1.83942692303555,1.20276895370071,0.333,0.292333333333333,5.45521814477452e-09,3
"LCN2",5.24869674922042,2.58850518098134,0.9,0.586333333333333,0,3
"LCOR",1.18070270420254,0.770602833364601,0.355,0.223333333333333,3.57320530869875e-17,3
"LCORL",1.36972798962301,1.01188830347337,0.5,0.482,1.25029280225141e-205,3
"LCP1",1.1295186676582,0.716163397805051,1,0.88575,5.39896803010659e-98,4
"LCP2",1.47572525661849,0.957839939833065,0.293,0.22,2.14515673581392e-11,2
"LDB1",0.634287717280046,0.634287717280046,0.306,0.306,9.43099447972255e-05,1
"LDHA",1.80791477691345,1.08221009284699,0.889,0.695,4.69356964607102e-158,6
"LDHB",3.21884339722125,1.90939158731406,0.924,0.880333333333333,0,3
"LDLR",0.989081765698941,0.909039798323141,0.306,0.3025,3.74090524440403e-139,2
"LDLRAP1",4.47650276746245,2.90868964069077,0.423,0.3365,8.93298838858796e-176,2
"LEF1",7.05290358383761,7.05290358383761,0.645,0.645,0,1
"LEMD2",0.339153325339022,0.339153325339022,0.417,0.417,1.72360775133596e-07,1
"LENG1",1.68702899879985,1.28899340345301,0.333,0.283333333333333,3.68656869581931e-49,3
"LENG8",1.30084113102063,0.827410754408876,0.518,0.307,4.91439915402554e-25,2
"LEO1",2.29160402966106,1.28094509287923,0.417,0.354666666666667,4.26066965729817e-13,3
"LEPROT",2.35950640086946,1.08782704834572,0.889,0.645666666666667,7.00601950523785e-224,3
"LEPROTL1",2.26981788810501,1.59901484362432,0.771,0.688,5.2159377714624e-271,2
"LETM1",2.01002892712564,1.59710710191287,0.333,0.318,2.42408916477385e-13,2
"LETMD1",1.32662926503359,1.2251515792576,0.303,0.2795,3.65073763863251e-55,2
"LFNG",1.22179230635421,1.11771132168173,0.861,0.7495,7.28954016260804e-247,2
"LGALS1",3.73843452327955,2.05795966393421,1,0.917,0,4
"LGALS2",4.7255512589848,4.12389784110035,0.694,0.5545,0,2
"LGALS3",2.62102868833217,2.14113944878181,1,0.73825,0,4
"LGALS3BP",1.63465755427329,1.3480039211879,0.889,0.706,1.7484891691452e-208,2
"LGALS8",1.15048848889881,0.863657969714984,0.694,0.691,4.44317808390144e-274,2
"LGALS9",1.61233415753564,1.17129131000286,0.972,0.667666666666667,0,3
"LGALSL",2.55937910205903,2.55937910205903,0.321,0.321,4.67017602574088e-43,1
"LGMN",3.16867093521964,3.16867093521964,0.288,0.288,7.30467278699924e-76,1
"LHFPL2",2.55752781432983,2.24346302713995,0.444,0.4165,1.81183753642902e-319,2
"LHPP",1.66925544892073,1.37465262800721,0.278,0.268,7.90070014460644e-13,2
"LIAS",0.42795743086995,0.42795743086995,0.278,0.278,0.105047416722212,1
"LIG1",0.959758232006672,0.959758232006672,0.258,0.258,6.71050670274457e-14,1
"LILRA1",1.42648645961548,1.11349226076443,0.722,0.553,1.95355286868012e-230,2
"LILRA2",0.311007456141799,0.289486578072656,0.806,0.734,2.62459176160499e-269,2
"LILRA5",1.36419629169073,1.32973055929243,0.917,0.757,0,2
"LILRA6",0.618608993853971,0.438732835603566,0.694,0.5985,2.62283622316238e-219,2
"LILRB1",3.51115582702036,2.53515114889997,0.889,0.595333333333333,0,3
"LILRB2",1.61359176101583,0.914576993203401,1,0.60225,2.32655845101172e-280,4
"LILRB3",1.71466199472861,1.4693485423702,0.537,0.4585,1.6386878124251e-102,2
"LILRB4",4.64219258141528,3.1735720959375,0.528,0.407666666666667,0,3
"LIMA1",3.62670195769158,3.62670195769158,0.279,0.279,5.22979235959429e-44,1
"LIMD1",2.13552081160607,1.95596357349807,0.682,0.605,1.53998970869763e-71,2
"LIMD2",1.12287028232321,0.870043789154854,0.884,0.834333333333333,2.07415510593731e-131,3
"LIMK1",0.729868378380042,0.729868378380042,0.278,0.278,5.56663575800962e-05,1
"LIMS1",4.42156324287069,4.42156324287069,0.794,0.794,4.17993424644831e-165,1
"LIN7A",1.3730549659714,1.18805236998019,0.353,0.311,1.52405170208088e-37,2
"LIN7C",1.03292421471253,0.677328536798481,0.389,0.3855,1.8973864092948e-132,2
"LINC00324",0.286265309358734,0.286265309358734,0.258,0.258,9.74359119070445e-07,1
"LINC00467",1.33352013317323,1.33352013317323,0.348,0.348,1.1470589890404e-49,1
"LINC00476",1.38568300313275,1.38568300313275,0.333,0.333,3.29258536960886e-27,1
"LINC00482",3.67805826977163,2.6407828789577,0.338,0.322,0,2
"LINC00513",1.38053686457003,1.38053686457003,0.351,0.351,5.18153876872463e-107,1
"LINC00623",1.46154289272151,1.05674709769887,0.593,0.476,2.42212230504853e-57,2
"LINC00649",3.24120437821117,3.24120437821117,0.256,0.256,7.20547531023256e-35,1
"LINC00667",1.19848679989445,1.19848679989445,0.361,0.361,1.50914000554402e-07,1
"LINC00861",5.87407443308519,4.30289164793996,0.56,0.5125,0,2
"LINC00891",4.5327438210467,4.5327438210467,0.318,0.318,3.5716109320316e-178,1
"LINC00926",5.46598988568782,5.46598988568782,0.797,0.797,0,1
"LINC01089",1.74808017867432,1.74808017867432,0.351,0.351,3.26966641262773e-113,1
"LINC01184",1.02328837138338,1.02328837138338,0.303,0.303,5.84446390417832e-18,1
"LINC01215",3.26498234154199,3.26498234154199,0.271,0.271,5.01779707446966e-152,1
"LINC01480",2.28204234241667,2.28204234241667,0.394,0.394,8.2024721219217e-39,1
"LINC01550",4.34071829926488,4.34071829926488,0.259,0.259,1.89023187653626e-213,1
"LINC01637",3.06250733113505,3.06250733113505,0.278,0.278,1.41793490074393e-20,1
"LINC01871",6.02980989833854,6.02980989833854,0.733,0.733,0,1
"LINC02384",2.57306890880448,2.57306890880448,0.455,0.455,2.44995068694512e-133,1
"LINC02397",6.87901269922805,6.87901269922805,0.549,0.549,0,1
"LINC02432",2.5050046397639,2.5050046397639,0.278,0.278,3.11869375751049e-19,1
"LINC02446",3.84449605927599,3.84449605927599,0.314,0.314,6.14920517552739e-82,1
"LINS1",2.18443935361603,2.18443935361603,0.341,0.341,2.6910908493057e-139,1
"LIPA",2.79501140880053,2.73805234664471,0.833,0.7065,0,2
"LITAF",2.0559513334705,1.58675122448502,0.812,0.6985,3.57077580277139e-295,2
"LLGL2",3.70693770883523,3.70693770883523,0.279,0.279,2.40422509764464e-47,1
"LLPH",0.602774431325089,0.471343971672502,0.806,0.55425,2.66547193938876e-150,4
"LMAN1",4.62656140795576,1.9165690753084,0.985,0.54875,6.08448903979663e-119,4
"LMAN2",2.33809623170563,1.25482542811721,0.972,0.83975,6.53731934878095e-130,4
"LMBRD1",0.65032712082677,0.65032712082677,0.358,0.358,6.3464031889846e-49,1
"LMBRD2",0.867003248074946,0.788370990562376,0.333,0.303,9.23402185061562e-09,2
"LMF2",1.27326099872286,1.10869762773563,0.515,0.391,7.54831946939529e-30,2
"LMNA",6.1680064923447,3.77840998686754,0.528,0.452,9.30605999146621e-157,2
"LMNB1",0.598209796543576,0.598209796543576,0.281,0.281,0.00093252438132051,1
"LMNB2",2.72538829186574,2.72538829186574,0.306,0.306,4.00709307469582e-21,1
"LMO2",1.81846604419799,1.71620061867837,0.972,0.9145,0,2
"LMO4",0.815751566747543,0.537509774589897,0.939,0.552,4.12759696688089e-17,2
"LNPEP",1.82660007235067,1.14916577925492,0.667,0.386,6.07152534368749e-47,2
"LNPK",2.73928373429272,2.61018904424223,0.406,0.364,5.17602393207395e-50,2
"LONP1",1.23333298333264,1.18386211448151,0.379,0.3285,2.42599836582987e-19,2
"LPAR2",1.85706399039945,1.54613715503652,0.259,0.2545,7.8125724243441e-18,2
"LPAR6",2.64329935207107,2.16489864113649,0.917,0.585666666666667,8.325554913154e-189,3
"LPCAT1",0.953011353892424,0.953011353892424,0.419,0.419,1.21781685863701e-15,1
"LPCAT2",1.27272638239079,1.24785275212705,0.486,0.454,8.5175338069898e-31,2
"LPCAT4",0.862950922306277,0.862950922306277,0.303,0.303,4.58640074588055e-25,1
"LPGAT1",1.09628411888124,0.954660930117763,0.555,0.336,8.46195241168962e-21,3
"LPIN1",2.02425459848027,1.60903761125735,0.409,0.373,9.35833187778139e-16,2
"LPIN2",1.83598849461401,1.17834883853821,0.497,0.4855,7.43184229377985e-78,2
"LPL",4.71941409328192,4.71941409328192,0.326,0.326,0,1
"LPXN",2.18243263459117,1.25045564441517,0.485,0.42125,1.89513576021445e-146,4
"LRBA",1.9441911249751,1.207816829727,0.477,0.458,2.90935969036597e-26,2
"LRMDA",3.11611426452216,2.64660900980445,0.389,0.347,1.92978873832353e-259,2
"LRP1",4.69665981312975,3.74520052328656,0.972,0.8865,0,2
"LRP10",1.36544387361788,1.36544387361788,0.438,0.438,1.57160314551782e-24,1
"LRPAP1",1.2705106558189,1.03295662501459,0.944,0.781,1.72169432157191e-189,4
"LRPPRC",1.48717959157933,1.08518473067107,0.722,0.4068,7.18477619031462e-111,5
"LRR1",1.67855914854111,1.67855914854111,0.303,0.303,5.63679160658606e-25,1
"LRRC14",1.53702532958393,1.53702532958393,0.333,0.333,2.68402530178578e-31,1
"LRRC25",0.711162540054709,0.711162540054709,0.944,0.944,2.4076469609361e-20,1
"LRRC41",1.57846660101693,1.35921428800369,0.472,0.414333333333333,7.76748093818475e-130,3
"LRRC47",0.77045107714951,0.690069941465449,0.306,0.297,5.05441099835254e-08,2
"LRRC58",1.80008461970246,1.396397333151,0.667,0.516,3.32237614415998e-227,3
"LRRC59",2.14296529228823,1.31439902211224,0.833,0.58,4.76106232111954e-195,4
"LRRC8A",1.13942447084719,1.13942447084719,0.258,0.258,5.94087183448925e-13,1
"LRRC8B",0.322513495080509,0.322513495080509,0.258,0.258,2.27913799162585e-104,1
"LRRC8C",1.86676388531659,1.45879814684757,0.446,0.388666666666667,2.33275422310302e-218,3
"LRRC8D",1.73416139189471,1.5863517054483,0.444,0.4105,4.89873894611714e-191,2
"LRRFIP1",1.29233701890783,1.04783325535546,0.81,0.715,7.65568004164239e-171,2
"LRRFIP2",0.896217013176226,0.896217013176226,0.252,0.252,0.222790268687522,1
"LRRK1",1.22613966220882,0.726040335602353,0.485,0.414333333333333,1.23709065906012e-106,3
"LRRK2",1.53372696847751,1.51828997539488,0.792,0.739,4.11914805654226e-232,2
"LRWD1",0.849654936155857,0.849654936155857,0.318,0.318,4.31396725461034e-35,1
"LSG1",0.520063095024927,0.520063095024927,0.289,0.289,3.60986845498549e-70,1
"LSM1",1.02499066775935,0.803907055357595,0.758,0.485333333333333,8.1063621334003e-37,3
"LSM10",1.31350002910683,0.588655238227617,0.806,0.60275,3.11698350478383e-78,4
"LSM12",1.53586374676675,1.08109704916879,0.652,0.5455,7.81028478446365e-156,4
"LSM14A",0.330311096265952,0.330311096265952,0.384,0.384,1.47015516754006e-19,1
"LSM2",1.90846124864897,1.21696690321426,0.667,0.4792,5.54615496275546e-56,5
"LSM3",1.3836136521309,0.827775532754519,0.833,0.6425,1.74248894129944e-100,6
"LSM4",1.64368177288068,1.16558391491468,0.722,0.478666666666667,4.03929944024522e-74,6
"LSM5",1.49317440724084,1.1662502002021,0.803,0.5116,7.69998097337011e-89,5
"LSM6",0.852949302781198,0.727860021932966,0.667,0.51,9.63015106930949e-141,5
"LSM7",2.23523472766184,1.26637773212897,0.944,0.785,5.05901671783927e-218,6
"LSM8",1.08916285167006,0.595944507676054,0.861,0.672166666666667,3.43166596278601e-96,6
"LSP1",1.30113771366865,0.942277926849847,0.625,0.5455,5.61595714485735e-16,2
"LSR",1.48750654133462,1.48750654133462,0.333,0.333,2.999738521342e-38,1
"LST1",1.5798100813134,0.880209515228707,1,0.865666666666667,8.16838141094649e-108,3
"LTA4H",2.31027395649048,1.27052747800065,0.957,0.774,0,4
"LTB",2.01065909273561,1.98051470732073,0.957,0.9475,2.08028768158595e-283,2
"LTB4R",1.72943629448775,1.17199053242151,0.611,0.483,1.64401863140364e-231,2
"LTBR",1.6156761469764,1.61083510332833,0.778,0.676,0,2
"LTF",6.7430352196432,3.93696006356116,0.944,0.699,0,2
"LTK",5.14398449261551,5.14398449261551,0.318,0.318,2.48114389044605e-197,1
"LTV1",1.63602273141337,1.47014700406078,0.556,0.3965,4.73332900366996e-95,4
"LUC7L2",0.443618109517267,0.329501785662997,0.391,0.325333333333333,1.9937502919228e-83,3
"LUC7L3",0.732788643354223,0.524532497113684,0.762,0.751,1.02759966736722e-83,2
"LUZP1",1.27483180867721,1.27483180867721,0.333,0.333,6.88407568892457e-07,1
"LY6E",1.46462760747902,0.984353319552796,1,0.848,2.0083453501885e-53,3
"LY86",2.5621173654955,2.26076196458751,0.944,0.724666666666667,0,3
"LY9",3.01275721048679,3.01275721048679,0.29,0.29,4.95539950330192e-141,1
"LY96",2.58597103332701,2.58597103332701,0.275,0.275,1.25818733725558e-18,1
"LYAR",3.33717560613417,1.82823305480393,0.663,0.4775,6.33035098898654e-132,4
"LYL1",3.60199374562661,2.29096018694658,0.649,0.4825,8.07366420568337e-12,2
"LYN",1.78351864264399,1.78351864264399,0.656,0.656,5.20884396652336e-148,1
"LYPLA1",1.29661520946161,0.749663132454474,0.889,0.65125,1.0579190145498e-196,4
"LYRM2",1.12253462311991,1.00595526498534,0.611,0.3905,6.18187992463988e-82,4
"LYRM4",1.79744880214512,1.42949236803207,0.528,0.499,2.61804491116041e-24,2
"LYRM7",0.290273267652677,0.290273267652677,0.278,0.278,1,1
"LYSMD2",0.394078321011879,0.394078321011879,0.806,0.806,1.87527011038709e-11,1
"LYST",1.22893345375557,0.884572455847079,0.799,0.648666666666667,6.94248915479558e-86,3
"LYZ",3.36866912278402,1.75245745116592,1,0.981,0,4
"LZIC",1.00619049665834,0.905391491007719,0.391,0.364,1.9380388469927e-112,2
"LZTFL1",1.70457850274073,1.70457850274073,0.303,0.303,7.4541818353674e-42,1
"M6PR",1.38079792026487,1.07169452033057,0.972,0.6094,2.81980895119347e-198,5
"MACF1",0.765058164878774,0.459767065638464,0.917,0.547,4.63535540623197e-30,4
"MACO1",2.90096555250344,1.45628163358262,0.424,0.351333333333333,1.79402712787131e-15,3
"MAD1L1",2.60620313792373,1.73561868932123,0.512,0.391666666666667,1.28691869756355e-52,3
"MAD2L1",2.13158193302847,2.13158193302847,0.288,0.288,4.84533901687137e-36,1
"MAD2L1BP",0.362517573668641,0.362517573668641,0.278,0.278,0.00357816335156256,1
"MAD2L2",1.32008378925726,1.0015527805349,0.302,0.276,2.25232476627914e-12,2
"MADD",0.796477911396474,0.796477911396474,0.361,0.361,2.07288785025799e-06,1
"MAF",1.14917390217905,1.14917390217905,0.25,0.25,1.07995020580987e-05,1
"MAF1",1.35001131379701,0.768694674443373,0.778,0.5236,3.92313749181836e-41,5
"MAFB",3.07618511952358,2.92907257410248,0.944,0.885,0,2
"MAFG",1.076957955688,0.869696023795018,0.806,0.562,3.41541526410255e-259,3
"MAFK",0.429601959980653,0.389820114527423,0.333,0.294,2.04443062366266e-100,2
"MAGED1",3.83141609392725,3.83141609392725,0.545,0.545,2.11596800744012e-165,1
"MAGED2",0.699179924076871,0.623071383357204,0.561,0.365333333333333,1.15507346804041e-39,3
"MAGEF1",0.602217061990415,0.602217061990415,0.364,0.364,3.9749364010343e-12,1
"MAGEH1",2.81789215288338,2.81789215288338,0.485,0.485,3.13765830923561e-72,1
"MAGOH",1.43800623187808,0.990336959767748,0.833,0.5938,1.38017840093278e-48,5
"MAGOHB",1.47314726222258,1.06390059991702,0.47,0.374,9.44878797330602e-29,2
"MAGT1",1.48798327747491,1.09929367349278,0.742,0.5155,6.39336377314527e-134,4
"MAIP1",1.56347100920643,1.12657031842689,0.333,0.3105,6.82332599652956e-13,2
"MAL",6.61709157523432,6.61709157523432,0.699,0.699,0,1
"MALAT1",1.63828025908796,0.955092929767928,1,0.999,7.1987679965199e-290,2
"MALSU1",1.36448755176879,1.07901006100942,0.528,0.4385,7.57674523264166e-09,2
"MALT1",1.61550792203596,0.98491927073383,0.583,0.4078,2.07473481968957e-99,5
"MAML3",0.401374493512972,0.401374493512972,0.42,0.42,1.84047199773899e-198,1
"MAN1A1",2.3635568492287,2.07526241939387,0.909,0.665,4.88902775661977e-75,2
"MAN1B1",0.515645013270565,0.515645013270565,0.333,0.333,0.000993255531449373,1
"MAN2A1",1.40400506540191,1.26703256585432,0.722,0.643,6.98136280698037e-169,3
"MAN2A2",1.34658004743031,1.34658004743031,0.281,0.281,0.00288975445797599,1
"MAN2B1",1.37967647511469,1.37967647511469,0.444,0.444,1.20671563058714e-17,1
"MAN2B2",0.509309146236911,0.508650025092861,0.361,0.327,3.77520650286882e-99,2
"MAN2C1",1.27178744457249,1.15782539164292,0.528,0.4695,6.37903503187168e-184,2
"MANBAL",0.88300667638722,0.781993313252228,0.273,0.2615,1.0376286011894e-18,2
"MANEA",3.16169896011808,3.16169896011808,0.697,0.697,2.61107719839227e-135,1
"MANEA-DT",1.84958073061784,1.84958073061784,0.288,0.288,2.54880101684787e-38,1
"MANF",4.2377846749076,2.07398826485214,0.939,0.55775,1.21589537054396e-111,4
"MAP1LC3B",1.08979188512874,1.08979188512874,0.233,0.233,0.0148007647957406,1
"MAP1S",0.815704116622876,0.782568873968925,0.389,0.343,2.56706474180536e-98,2
"MAP2K1",1.70980238875272,1.55345525893341,0.694,0.663,3.95541766743496e-287,2
"MAP2K2",1.29027434176517,0.747022484956108,0.944,0.73,2.96796246298415e-110,5
"MAP2K3",1.42118013607123,0.975972421263959,0.754,0.47175,1.21704441745347e-10,4
"MAP2K7",0.899407914083871,0.599773447782269,0.417,0.4105,2.43809314126864e-138,2
"MAP3K1",0.808577809754041,0.589834276870521,0.882,0.405,1.60476418791398e-196,3
"MAP3K13",1.26985394407415,1.26985394407415,0.652,0.652,5.56516747363037e-48,1
"MAP3K2",1.31265258670294,1.31265258670294,0.476,0.476,9.2270719392614e-28,1
"MAP3K20",0.85017661945485,0.60207548713198,0.75,0.5885,5.12505876908939e-185,2
"MAP3K4",0.826841844780962,0.719808145221904,0.333,0.2975,1.44325446852749e-53,2
"MAP3K7CL",6.1717879932445,6.1717879932445,0.376,0.376,4.89061150535446e-120,1
"MAP3K8",0.346457483809251,0.346457483809251,0.611,0.611,2.78310712165256e-12,1
"MAP4",1.67717986334394,1.01668399241664,0.528,0.4264,1.16559631602743e-68,5
"MAP4K1",3.04615289239967,2.14665886319342,0.43,0.427,1.94000425915728e-41,2
"MAP4K4",1.40502903078146,1.20285439913072,0.373,0.3025,9.17296767226917e-08,2
"MAP4K5",2.59384691012627,1.42561491372802,0.303,0.292,3.66287252546353e-06,2
"MAP7D1",0.53481667853286,0.459659497219499,0.75,0.5785,5.23161181853773e-13,2
"MAP7D3",0.437460418965015,0.437460418965015,0.288,0.288,5.98439956056358e-09,1
"MAPK1",1.07652463214978,0.786057184829095,0.505,0.3725,3.83713956474885e-05,2
"MAPK13",0.562627853279431,0.562627853279431,0.384,0.384,4.93271845776795e-21,1
"MAPK14",1.27540609266482,1.02038592057172,0.708,0.527333333333333,1.66001429320593e-27,3
"MAPK1IP1L",0.853673610663073,0.804780342500037,0.75,0.66,1.46860416412608e-179,2
"MAPK6",0.873023763799673,0.756469746566176,0.439,0.386666666666667,1.26025404842242e-118,3
"MAPK7",1.90409550305333,1.90409550305333,0.278,0.278,6.11480954961248e-11,1
"MAPK9",0.359544249404778,0.359544249404778,0.278,0.278,0.798212033311635,1
"MAPKAP1",1.21667267292299,0.824521249638399,0.528,0.43325,2.41770494089625e-110,4
"MAPKAPK3",1.72062209731912,1.68847777134074,0.861,0.7405,0,2
"MAPKAPK5",0.882264371898823,0.882264371898823,0.307,0.307,6.30854629159062e-92,1
"MAPKAPK5-AS1",2.02765882757561,1.56341584960732,0.528,0.399333333333333,2.08395323346563e-93,3
"MAPRE1",0.515443135581199,0.439008412259147,0.722,0.614666666666667,1.19623537864961e-170,3
"MAPRE2",1.2909129741344,0.629003907313229,0.417,0.361333333333333,3.61078213459235e-57,3
"MARC1",0.85584444092586,0.85584444092586,0.339,0.339,4.76864551815475e-07,1
"MARCH1",3.11688486984329,2.23683464296024,1,0.902666666666667,0,3
"MARCH2",5.86034494261785,5.86034494261785,0.585,0.585,2.06956110797804e-221,1
"MARCH3",2.48715499473658,2.48715499473658,0.263,0.263,4.66089431885853e-18,1
"MARCH7",1.19084880324467,0.826833673317239,0.239,0.1805,6.5868131214816e-20,2
"MARCH8",3.96819198512301,3.96819198512301,0.807,0.807,9.89976130409629e-81,1
"MARCH9",2.94103056353204,2.40700634008048,0.356,0.3455,1.31432472326677e-149,2
"MARCKS",2.0194178965847,0.99714079933168,0.972,0.569333333333333,1.25921062105212e-73,3
"MARCKSL1",1.38875335670087,1.38875335670087,0.444,0.444,5.45233871645425e-12,1
"MARF1",1.02083864693882,0.887442521484048,0.561,0.285333333333333,5.92748965586777e-10,3
"MARK2",0.996220199385395,0.996220199385395,0.148,0.148,2.75313117869014e-06,1
"MARK3",0.905188354052385,0.65492865838707,0.579,0.29725,4.69365864901455e-11,4
"MARK4",0.795046383724169,0.795046383724169,0.389,0.389,1.19228899463543e-12,1
"MARVELD1",3.76332643440422,3.44792848158075,0.583,0.4505,1.01832755371632e-283,2
"MAT2A",1.75514788418493,1.20518918334615,0.833,0.49725,1.72700779264421e-179,4
"MAT2B",0.700984350702768,0.572582992604006,0.917,0.524333333333333,5.16894666312306e-32,3
"MATK",6.13011202072179,6.13011202072179,0.628,0.628,0,1
"MAVS",2.03297319759795,1.67463459424089,0.442,0.347,4.19420816988287e-30,2
"MAX",3.3820284465415,3.3820284465415,0.549,0.549,5.01532370912892e-54,1
"MAZ",1.71421016415459,0.741208498203153,0.861,0.554833333333333,2.73244571071768e-105,6
"MBD1",0.698297301306986,0.698297301306986,0.444,0.444,1.07106521332517e-08,1
"MBD2",1.3817134307996,0.853942459439534,0.917,0.652666666666667,1.33977288946329e-290,3
"MBD3",1.07541368437768,0.882074572431568,0.361,0.3265,5.66345516907335e-108,2
"MBD4",0.674168583113471,0.493186556872906,0.39,0.211666666666667,8.6397678824978e-30,3
"MBIP",1.01317433501103,1.01317433501103,0.288,0.288,4.15498517505084e-11,1
"MBNL1",0.667218456945247,0.667218456945247,0.378,0.378,1,1
"MBNL2",2.13913022654996,1.31211004940058,0.53,0.39,4.45370609481194e-37,2
"MBNL3",4.42679836936485,2.23000230583357,0.596,0.406,1.04369724587822e-99,3
"MBOAT2",1.3218614620356,1.21234064108171,0.486,0.4305,2.43233970934972e-54,2
"MBOAT7",2.28738612579582,1.38090389052655,0.394,0.278,1.18963909459985e-67,2
"MBP",0.27684660550866,0.27684660550866,0.942,0.942,7.54642959331136e-12,1
"MBTPS1",0.942190334068136,0.575439107464324,0.611,0.4665,7.84628653476182e-119,4
"MCCC2",2.15080747317651,2.15080747317651,0.439,0.439,1.51659101190249e-37,1
"MCEE",2.41111252812304,2.41111252812304,0.652,0.652,1.01611703044115e-95,1
"MCEMP1",2.06479210322631,1.14293706169602,0.616,0.463666666666667,6.15098053371331e-217,3
"MCFD2",0.636628677750209,0.443871914421232,0.417,0.3795,1.2349305990782e-90,2
"MCL1",1.25607932058976,1.24629735668032,0.748,0.69,7.89677997018837e-135,2
"MCM3",2.12038726121256,2.12038726121256,0.279,0.279,1.12495849185599e-10,1
"MCM3AP",0.776478629240111,0.660931102765441,0.417,0.342666666666667,4.89116969807148e-106,3
"MCM4",5.45619594710167,5.45619594710167,0.253,0.253,3.4252879548268e-119,1
"MCM5",1.40460890346066,1.08661874255571,0.47,0.457,2.35277022248701e-21,2
"MCM7",0.999713526029957,0.999713526029957,0.273,0.273,2.16238400331137e-07,1
"MCMBP",0.41445036398043,0.41445036398043,0.806,0.806,1.64994954009373e-12,1
"MCPH1",0.843259156619438,0.696700931635704,0.379,0.37,2.89658984460651e-08,2
"MCRIP1",1.31773280671278,1.0906767406257,0.556,0.5395,2.13896589553153e-20,2
"MCRIP2",1.90662092057595,1.58096202525137,0.379,0.364666666666667,4.71366532599619e-146,3
"MCRS1",1.35892784719351,0.836453236543306,0.455,0.329,3.16728627944836e-87,4
"MCTP2",1.8164692326575,1.42309992002622,0.293,0.289,1.00604137268669e-12,2
"MCTS1",1.50100430045443,0.765122953335223,0.879,0.57675,6.07959390378751e-104,4
"MCU",2.39645840490968,2.39645840490968,0.293,0.293,7.20621961519185e-44,1
"MCUB",2.06304509808455,1.12821448598121,0.611,0.477166666666667,8.42521185796228e-124,6
"MCUR1",5.50650231198506,2.99478066953544,0.773,0.5665,1.39161023632964e-82,2
"MDFIC",3.08004035006683,1.67535224351838,0.694,0.5368,1.12083118777513e-178,5
"MDH1",1.67616220921817,1.13551840716513,0.742,0.5295,4.25619681729638e-153,6
"MDH2",1.38234920956185,1.14232206322278,0.848,0.597333333333333,2.17100060426803e-171,6
"MDM4",1.1195420540224,0.714807106962985,0.229,0.222,4.62989894888117e-22,2
"MDN1",0.662269401069773,0.594438731755923,0.318,0.298,1.13230546363715e-09,2
"MDP1",2.1790304129619,2.1790304129619,0.273,0.273,8.40252790708543e-37,1
"ME1",3.79456603535866,3.79456603535866,0.306,0.306,9.76034546199213e-34,1
"ME2",0.874137308394752,0.608140225632673,0.316,0.2105,8.18176708917197e-20,4
"MEA1",0.920525182220438,0.76381259703762,0.528,0.3975,1.35294771613478e-10,2
"MEAF6",1.227860638892,0.928329071045895,0.611,0.4832,4.06680091179544e-99,5
"MECP2",1.12575841189775,1.12575841189775,0.123,0.123,9.79489431160814e-08,1
"MECR",2.63517078330364,2.63517078330364,0.25,0.25,1.29963961857775e-16,1
"MED1",0.790385810694368,0.65866588740246,0.528,0.4695,1.74253325382842e-135,2
"MED10",1.41696590043525,1.03290902557775,0.639,0.53075,3.0819883798897e-92,4
"MED11",0.729244011990079,0.729244011990079,0.36,0.36,4.10746841256777e-09,1
"MED13",0.791536940586161,0.643028555124067,0.142,0.112,2.65467898723612e-17,2
"MED14",0.902974954915112,0.902974954915112,0.389,0.389,1.61838427553114e-07,1
"MED15",1.11211760895187,0.690469323014101,0.528,0.397333333333333,1.00829003938372e-92,3
"MED18",1.08978262537196,1.08978262537196,0.333,0.333,2.45161300505975e-33,1
"MED19",0.61827862754943,0.61827862754943,0.361,0.361,0.000176581312920593,1
"MED22",0.706784550777145,0.706784550777145,0.389,0.389,5.32360864595827e-11,1
"MED24",1.53565387872835,1.10299833830575,0.389,0.3235,1.33203194884853e-13,2
"MED25",0.54570102989054,0.54570102989054,0.333,0.333,0.000870288510262362,1
"MED27",1.36668158774997,1.36668158774997,0.333,0.333,1.0890067395319e-11,1
"MED28",0.40031019682806,0.358088757177932,0.107,0.087,1.30329824059426e-40,2
"MED29",0.538748093529887,0.538748093529887,0.279,0.279,0.0132398182095592,1
"MED31",0.43637306223242,0.435100927012274,0.439,0.3585,5.75802313800817e-22,2
"MED4",0.862122624816284,0.488174719026307,0.806,0.5456,2.44072559083992e-102,5
"MED6",1.16271562524116,0.888827211163038,0.606,0.34975,1.10865098000607e-49,4
"MED7",0.849489179285918,0.849489179285918,0.25,0.25,0.0362171725326257,1
"MED8",1.32761900726533,0.949503905315395,0.712,0.585,1.57708028907961e-96,3
"MEF2A",0.753181301633316,0.716923425912467,0.219,0.1835,4.2013424567563e-14,2
"MEF2C",2.09559281940832,1.47957558673722,1,0.896,1.804631194344e-283,4
"MEF2D",0.536326294800681,0.47788811480854,0.472,0.447,3.04596781048737e-155,2
"MEGF9",1.50625554316484,0.871500434653319,0.631,0.453666666666667,7.4575092321997e-51,3
"MEI1",2.84536115319307,2.84536115319307,0.712,0.712,8.88239995621541e-129,1
"MERTK",5.481534096899,5.481534096899,0.667,0.667,5.24482654860793e-190,1
"MESD",2.07462822915868,1.24761970985626,0.909,0.5994,1.23276283178735e-95,5
"METAP1",0.682643604528393,0.577537978471236,0.333,0.3055,1.18620794828789e-78,2
"METAP2",1.41465123454321,1.15713612123555,0.917,0.661428571428571,7.42865432010454e-125,7
"METRN",2.50170397793745,1.94022675127781,0.303,0.3025,1.59875520734524e-24,2
"METRNL",1.76115296621126,1.7482063903424,0.833,0.6685,0,2
"METTL13",1.0612881449911,1.0612881449911,0.25,0.25,0.00632992021640879,1
"METTL14",1.2772072391694,0.631268711394318,0.333,0.309666666666667,3.02212979996582e-59,3
"METTL16",0.966552340621263,0.683298804400958,0.361,0.3545,4.68664417110024e-10,2
"METTL17",0.690824562464178,0.664181125772716,0.364,0.335,7.19694480732177e-09,2
"METTL21A",0.894395531001966,0.649010845247971,0.389,0.3215,5.43567108053801e-42,2
"METTL23",1.85509832456889,1.29018991309441,0.636,0.46375,1.11805024434066e-52,4
"METTL26",1.33117376616979,0.763671478875239,0.667,0.4492,3.10476968944657e-75,5
"METTL2A",1.62910662792613,1.62910662792613,0.288,0.288,1.41954376477598e-25,1
"METTL2B",1.33922708152151,1.0820839209352,0.417,0.3825,2.91365831563361e-11,2
"METTL5",1.8547511943947,1.48899407699923,0.758,0.5335,1.55650646017854e-59,4
"METTL7A",2.66288304942091,1.43397448769533,0.944,0.6584,0,5
"METTL8",0.881717839623799,0.881717839623799,0.258,0.258,1.57526746322355e-10,1
"METTL9",1.35091841728287,0.989140835466098,0.936,0.566666666666667,5.75247389527807e-261,3
"MEX3C",2.31073123828027,1.25631723685258,0.348,0.297666666666667,2.16140454264287e-13,3
"MFAP1",1.36722797004394,0.646229804724646,0.409,0.34075,2.21405438620297e-56,4
"MFF",1.72856508257813,1.72856508257813,0.894,0.894,2.68831782975428e-45,1
"MFGE8",1.4909230616902,1.4909230616902,0.25,0.25,9.36085589473906e-05,1
"MFHAS1",3.45228554881792,2.14751005807035,0.368,0.309,3.36010355493511e-22,2
"MFN2",1.37888006413223,1.37888006413223,0.421,0.421,7.78462477306646e-05,1
"MFNG",1.17984527850203,0.869959278631893,0.722,0.4855,4.16911787934669e-127,4
"MFSD1",0.931949503796698,0.840434447084963,1,0.678666666666667,1.3980814472116e-299,3
"MFSD10",2.26253926284209,0.95380380064646,0.639,0.49225,3.37454121178555e-105,4
"MFSD12",1.5656209332132,1.20234106158665,0.409,0.354666666666667,3.05309048556256e-89,3
"MFSD14B",1.49538194585595,1.06910366573381,0.686,0.510666666666667,1.59543012028012e-198,3
"MFSD14C",2.10246064361524,1.72930369561301,0.319,0.312,1.37648949066417e-10,2
"MFSD3",2.51982482750206,2.51982482750206,0.318,0.318,1.53858943003344e-49,1
"MFSD5",1.14757281232669,1.14757281232669,0.361,0.361,1.90892095447922e-10,1
"MFSD8",0.456798507059778,0.456798507059778,0.485,0.485,1.99939279067914e-23,1
"MGA",0.973888210825332,0.770688080576597,0.417,0.388,2.65523969285765e-103,2
"MGAM",1.97902516611392,1.23361656463976,0.359,0.3195,4.6579971377624e-76,2
"MGAT1",1.06527136482886,0.709455867333707,0.944,0.49375,2.25612530176134e-288,4
"MGAT2",1.93994253263724,1.37250965949229,0.652,0.469333333333333,2.5295429428751e-110,3
"MGAT3",3.34902560356692,3.34902560356692,0.258,0.258,2.18081750003105e-106,1
"MGAT4A",1.86242282075805,1.1527863918465,0.584,0.43825,2.35660862160907e-141,4
"MGAT4B",5.15845138434661,5.15845138434661,0.354,0.354,9.06010776678676e-64,1
"MGAT5",1.88796925036125,1.47324893165023,0.269,0.2635,2.96155274223104e-37,2
"MGLL",6.67162138433296,6.67162138433296,0.434,0.434,1.86747716784475e-247,1
"MGME1",0.431597310845287,0.431597310845287,0.256,0.256,0.0303657634658341,1
"MGMT",1.81902888438612,1.31843905921728,0.515,0.437,5.4130000127309e-56,4
"MGST1",3.09815829349218,2.19055620911808,0.861,0.636,0,3
"MGST2",1.98756980185586,1.81805814449707,0.667,0.572,0,2
"MGST3",2.06717222364244,1.29324537656049,0.917,0.5354,8.56245272023674e-288,5
"MIA3",0.613254002310772,0.474673545597348,0.758,0.532666666666667,1.11218750456403e-30,3
"MIAT",1.35076158208727,1.35076158208727,0.349,0.349,4.17625908701563e-43,1
"MIB2",1.95211495455066,1.95211495455066,0.349,0.349,8.52044122443895e-31,1
"MICAL2",1.9338239920183,1.11241883686917,0.491,0.474,1.38481314311555e-232,2
"MICAL3",3.63039112799003,2.41755326911649,0.288,0.279333333333333,1.38864367969613e-157,3
"MICU1",0.51338070895955,0.51338070895955,0.684,0.684,1.06604575670164e-211,1
"MICU2",0.688882898227777,0.485899372090833,0.652,0.492666666666667,2.00751270763365e-96,3
"MID1IP1",0.744308477435584,0.744308477435584,0.277,0.277,0.0167345228811161,1
"MIDN",1.39578515406005,1.08765368417739,0.331,0.261,0.000305227309457312,2
"MIEF1",1.64699041603002,1.31852398130483,0.444,0.407,2.21015028058867e-144,3
"MIEN1",1.27772928261268,0.676526083201226,0.605,0.546333333333333,1.30805805218341e-105,3
"MIER1",1.08219563544188,0.63227171368088,0.442,0.286,1.55125691159969e-15,3
"MIF",2.35676079579453,1.6130451203765,0.939,0.629,6.8294665953579e-120,5
"MIF4GD",1.27092085482423,0.705353839849156,0.349,0.329666666666667,2.68258493712188e-84,3
"MIGA1",0.781172588071699,0.598797994995357,0.338,0.3145,1.660950370467e-72,2
"MIIP",0.303010937055199,0.303010937055199,0.389,0.389,0.000232003177106901,1
"MILR1",2.79361837563202,2.79361837563202,0.5,0.5,6.31743225654554e-40,1
"MINDY3",0.311670795731616,0.311670795731616,0.25,0.25,0.000473056301135902,1
"MINOS1",1.23659790706275,0.955799493938158,1,0.762833333333333,3.27442210088772e-199,6
"MINPP1",4.50849218358235,4.50849218358235,0.281,0.281,8.61343924502651e-18,1
"MIOS",0.987083086363619,0.688306112112241,0.273,0.2615,1.54164792493991e-09,2
"MIR181A1HG",1.83353092317043,1.83353092317043,0.361,0.361,8.1197159355052e-17,1
"MIR193BHG",4.18549942854605,4.18549942854605,0.409,0.409,9.56506887880222e-268,1
"MIR22HG",1.16788625623601,1.00159738143186,0.361,0.3405,8.62610918758365e-191,2
"MIR4435-2HG",0.323157726304286,0.323157726304286,0.43,0.43,2.60694253104506e-15,1
"MIS12",1.61756882880933,1.61756882880933,0.364,0.364,1.41462274501268e-36,1
"MIS18BP1",1.82883298382292,0.96465733103736,0.806,0.63925,1.42763700213628e-188,4
"MITD1",0.787000922043279,0.707261336792991,0.453,0.397,5.38326669566082e-35,2
"MITF",1.9373898205185,1.9373898205185,0.278,0.278,1.4151550706143e-13,1
"MIXL1",6.74125037748198,6.74125037748198,0.303,0.303,4.03638111284328e-292,1
"MKI67",5.46935836322521,3.3115250227694,0.45,0.3615,5.71156213723579e-268,2
"MKKS",0.353621005850356,0.353621005850356,0.25,0.25,0.000468247065297622,1
"MKL1",0.635029062655621,0.628827251738569,0.583,0.4785,6.339211258991e-139,2
"MKLN1",1.23826235253399,1.23826235253399,0.161,0.161,0.720231768093199,1
"MKNK2",0.73945181202901,0.566246972537882,0.516,0.258,4.42356643542912e-57,3
"MKRN1",1.9610672628379,0.966279876134238,0.877,0.384666666666667,1.68863595886741e-20,3
"MKRN2",1.04614707422268,1.04614707422268,0.306,0.306,2.06187291718169e-07,1
"MLC1",4.83650001898386,4.83650001898386,0.301,0.301,5.95282496747332e-185,1
"MLEC",2.65934309838716,1.3350063323012,0.97,0.574,1.92990795283752e-169,6
"MLH1",0.989092589132828,0.989092589132828,0.303,0.303,6.30290063594273e-15,1
"MLH3",5.60249602951891,5.60249602951891,0.382,0.382,2.02943153584607e-96,1
"MLLT10",0.854212641124569,0.569070828504077,0.472,0.39,7.42803634674791e-159,3
"MLLT3",3.30773174650987,2.43705505655071,0.377,0.328,2.8721693718269e-238,2
"MLLT6",0.528466717171108,0.484791354770584,0.593,0.565,6.60651750660338e-83,2
"MLST8",1.69430142606061,1.33093275568412,0.333,0.303,5.21659892052817e-12,2
"MLX",1.00909997087584,0.638130450487522,0.778,0.575333333333333,3.8372169788017e-165,3
"MLXIP",0.591359458964785,0.591359458964785,0.749,0.749,1.45806714751861e-239,1
"MMAB",1.0953546819228,1.0953546819228,0.288,0.288,3.81739224032851e-16,1
"MMD",7.22933178526307,7.22933178526307,0.412,0.412,5.38297206651695e-215,1
"MME",2.74408408201911,2.74408408201911,0.445,0.445,7.65972225129035e-227,1
"MMGT1",1.07595887038963,0.75297922154603,0.389,0.369,2.36592885269784e-146,2
"MMP24OS",0.433195885473491,0.433195885473491,0.722,0.722,1.76904025646988e-11,1
"MMP25",1.94904305630545,1.94904305630545,0.273,0.273,4.79311466592999e-55,1
"MMP8",6.35949158402056,3.81093071907833,0.934,0.6355,0,2
"MMP9",4.15462651753337,2.49767723435581,0.571,0.4195,1.0067297743187e-122,2
"MMS22L",3.54400860912638,3.54400860912638,0.269,0.269,3.6151369042639e-52,1
"MNAT1",1.63129961090613,1.45768401849954,0.485,0.3935,2.80454805765058e-25,2
"MNDA",1.93345363178409,1.28366570025859,0.981,0.979,0,2
"MNT",0.31561788694993,0.31561788694993,0.438,0.438,1.29801222292366e-158,1
"MOAP1",0.702829885037309,0.702829885037309,0.25,0.25,1,1
"MOB1A",0.534877511742779,0.534877511742779,0.302,0.302,0.00621645136726572,1
"MOB1B",4.52619485721882,1.93424662318943,0.583,0.495,4.08207517883358e-218,3
"MOB2",0.584342177459336,0.584342177459336,0.314,0.314,6.4345310820643e-08,1
"MOB3A",1.28206356010902,0.778018049855994,0.181,0.13,3.85353010787616e-20,2
"MOB4",0.358378108367995,0.358378108367995,0.326,0.326,0.0322703158367754,1
"MOCS2",1.35514798581667,1.35514798581667,0.333,0.333,8.54578180066899e-07,1
"MOGS",1.10286976619485,0.687494374997693,0.485,0.342666666666667,4.26460217445596e-56,3
"MORC3",0.687235935841813,0.687235935841813,0.118,0.118,8.94260916663846e-24,1
"MORF4L1",0.671225878497296,0.526929694741085,1,0.75325,5.60948035566473e-95,4
"MORF4L2",1.38658915103106,0.894436790350957,0.682,0.512,1.32608297086201e-92,3
"MOSPD1",3.37100059028807,3.37100059028807,0.263,0.263,5.48692984699116e-18,1
"MOV10",1.63929049493966,1.63929049493966,0.556,0.556,3.93111010471241e-36,1
"MPC1",1.30067840206758,1.1569255605466,0.652,0.565666666666667,5.94137744243648e-164,3
"MPC2",1.16185515531982,0.869340527392904,0.909,0.596333333333333,5.72076025194904e-47,3
"MPDU1",1.86501986426653,1.374903451295,0.5,0.366333333333333,5.1764171409869e-98,3
"MPEG1",4.1123714345938,3.4126190039654,1,0.986,0,2
"MPG",1.66430745273283,1.14303272047291,0.803,0.5404,1.47950853100994e-120,5
"MPHOSPH10",1.29862234585472,0.774076168026917,0.515,0.402,3.50002818438292e-52,5
"MPHOSPH6",1.55428213129184,1.42910023104782,0.409,0.3575,3.5971881365668e-25,2
"MPHOSPH8",0.99108701855331,0.857562017155555,0.798,0.738333333333333,2.71284407969297e-116,3
"MPHOSPH9",3.19546578324162,1.7480795764848,0.5,0.35775,1.74564341865854e-23,4
"MPIG6B",8.63313876083109,8.63313876083109,0.516,0.516,0,1
"MPLKIP",0.42994544217394,0.359528756243878,0.694,0.412333333333333,3.01899713055404e-43,3
"MPND",1.81957999454697,1.81957999454697,0.333,0.333,4.5890015127145e-11,1
"MPO",6.02165268366754,6.02165268366754,0.655,0.655,9.74787236399307e-236,1
"MPP1",4.05213855915527,2.64705517406665,0.702,0.608,8.52300039763783e-85,2
"MPRIP",1.36984998763498,0.987961499562874,0.349,0.300666666666667,1.82373745617919e-46,3
"MPST",1.09741799349069,0.593656070971978,0.439,0.347,6.35973092794865e-106,3
"MPV17",1.3859486194197,0.796370233352005,0.364,0.29875,5.54871257009365e-95,4
"MPV17L2",1.78542279718204,1.78542279718204,0.273,0.273,1.54176252700873e-35,1
"MR1",0.498885661472988,0.428419935243351,0.528,0.4755,3.04067105171435e-138,2
"MRC2",7.8175256411075,7.8175256411075,0.263,0.263,3.94190555797266e-197,1
"MRE11",2.26158953705884,2.26158953705884,0.273,0.273,1.55296913308875e-12,1
"MRFAP1",0.919695385351125,0.592671874390632,0.917,0.6182,2.50577892561881e-111,5
"MRFAP1L1",1.16744197655331,0.930139995856253,0.36,0.3135,8.9645666689566e-33,2
"MRGBP",0.911525352528818,0.911525352528818,0.417,0.417,5.5125267118767e-11,1
"MRI1",1.56889487582215,1.56889487582215,0.258,0.258,2.70345855370457e-08,1
"MRM2",0.909798989709541,0.756877254698854,0.333,0.333,1.30954244885882e-09,2
"MROH1",1.17990758519446,1.17990758519446,0.333,0.333,1.59197194539546e-06,1
"MRPL1",2.31307025532397,1.55409284912959,0.712,0.54825,3.92562318422541e-39,4
"MRPL10",2.2342757214829,1.29305378928074,0.36,0.299333333333333,4.00848790434118e-21,3
"MRPL11",2.01656981137954,1.40804454444576,0.639,0.5174,2.37186439969926e-97,5
"MRPL12",1.87292687941638,1.70913281796425,0.667,0.541,8.81685566909488e-109,3
"MRPL13",1.73328262373455,1.45210728944028,0.722,0.53425,5.72109258646165e-70,4
"MRPL14",1.80468725541503,1.54250859392179,0.806,0.56,5.30186370958245e-99,5
"MRPL15",2.02842381025773,1.65303774200445,0.611,0.4755,4.23313117076035e-112,4
"MRPL16",0.836630046077805,0.666817964031918,0.545,0.424,6.83007077385129e-99,4
"MRPL17",1.6095311817633,1.43034074143472,0.5,0.462,8.18956266669322e-17,2
"MRPL18",1.47266688688196,1.33032546336651,0.773,0.5014,7.3147314136096e-63,5
"MRPL19",1.83406723663615,1.31257162876258,0.682,0.3955,2.98187385825652e-79,4
"MRPL2",1.81783370450188,1.37251706254783,0.576,0.408666666666667,1.7129142273397e-35,3
"MRPL20",1.06607499453878,0.88384931556356,0.944,0.740833333333333,6.17332461963882e-135,6
"MRPL21",1.78184444222689,1.41214154217599,0.697,0.4788,4.56304254141367e-88,5
"MRPL22",2.21343026982382,1.39559694221402,0.818,0.51325,1.17349077399734e-62,4
"MRPL23",1.99005047014426,1.50127973523324,0.864,0.5802,5.3050646617467e-242,5
"MRPL24",1.49337710826355,1.3699175310995,0.5,0.485,1.05476288937572e-27,2
"MRPL27",1.53429172637142,1.4219100431419,0.722,0.543,7.3920595175272e-158,4
"MRPL28",1.08035135558147,0.699480249932563,0.667,0.524333333333333,7.23312087728086e-122,3
"MRPL3",1.94925958750653,1.53409515918714,0.667,0.4444,2.57061244295449e-95,5
"MRPL32",1.51535711319394,1.14276618236623,0.667,0.4088,7.57664913390203e-65,5
"MRPL33",1.19613050940813,0.643124058329307,0.889,0.7434,5.95657334878621e-221,5
"MRPL34",1.88406266399029,1.18613787555257,0.686,0.5595,5.607990816764e-124,6
"MRPL35",1.82846922368215,1.44134867437347,0.611,0.4055,4.92501416747189e-82,4
"MRPL36",1.71380590222632,1.37326055717081,0.742,0.5166,2.32036167694802e-116,5
"MRPL37",1.78439946932891,1.74844187477686,0.576,0.4965,2.99697038560759e-47,2
"MRPL39",2.4374191513031,2.4374191513031,0.439,0.439,1.13118198875476e-53,1
"MRPL4",2.29958823192181,1.70221192364825,0.833,0.538,3.38862460415142e-108,4
"MRPL40",2.1045350866946,1.19245614163256,0.758,0.378166666666667,6.66358229444048e-57,6
"MRPL41",1.74156086758739,1.22869910800584,0.833,0.612333333333333,1.05334336955841e-170,6
"MRPL42",1.55121604374316,0.900067874832068,0.576,0.424166666666667,4.57134882482519e-50,6
"MRPL43",1.77999030675413,1.29222452383767,0.694,0.5074,6.22756017848594e-88,5
"MRPL44",0.743816648733929,0.609227778087928,0.583,0.479666666666667,7.54439552107505e-78,3
"MRPL45",1.86566373908486,1.43013387518182,0.389,0.346,8.43794162950445e-12,2
"MRPL46",1.41757587526118,1.20180324932758,0.5,0.375,1.00432102784513e-31,2
"MRPL47",1.6093964817653,1.16171071810698,0.682,0.4444,3.65695569582697e-111,5
"MRPL48",1.95213617165098,1.75222284047434,0.439,0.3725,9.08315495329956e-40,2
"MRPL49",0.933567325973884,0.933567325973884,0.318,0.318,3.65794139186729e-15,1
"MRPL50",1.61177583080268,1.26192791728728,0.5,0.411333333333333,1.77487337521928e-19,3
"MRPL51",1.94451737939432,0.953985261039168,0.894,0.638571428571429,7.36142054028157e-91,7
"MRPL52",2.47677632520387,1.42741281247788,0.939,0.6695,2.10308717140498e-158,6
"MRPL54",1.75878775566993,1.1641878374947,0.818,0.5855,1.28728811509249e-132,6
"MRPL55",1.59820361258746,0.970251505554437,0.727,0.4202,2.04872020241088e-59,5
"MRPL57",1.55776631104839,1.28651658178635,0.864,0.627333333333333,4.47769533619283e-132,6
"MRPL58",2.05200701680681,1.77363068356236,0.606,0.4695,2.69366631162567e-57,2
"MRPL9",1.75932048824696,1.49155038275914,0.47,0.362,4.85831482164914e-48,3
"MRPS10",1.01878434418207,0.70683741001245,0.621,0.48225,7.42861904137153e-84,4
"MRPS11",1.84345019466842,1.22048065881378,0.545,0.44375,8.26803064427525e-92,4
"MRPS12",2.0459739497862,1.71328092021269,0.889,0.5666,4.43367500275476e-104,5
"MRPS14",2.09314021490617,1.7141168051937,0.788,0.6025,4.64145720479139e-80,2
"MRPS15",1.94725969872946,1.49665072065741,0.818,0.5586,1.39474770425215e-137,5
"MRPS16",1.37839600227881,0.782593838007208,0.803,0.4858,1.01551585558251e-73,5
"MRPS17",1.98676206031961,1.77852883618056,0.288,0.269,3.3088057012009e-18,2
"MRPS18A",1.62650114016444,1.34292918775759,0.576,0.4965,1.04350778456646e-46,2
"MRPS18B",2.09782548050239,1.12841767396891,0.697,0.458666666666667,9.28105436726821e-60,6
"MRPS18C",1.19643174361733,0.874489725411329,0.889,0.617166666666667,4.05199227622848e-100,6
"MRPS2",1.41133771572077,1.24582609383365,0.379,0.3285,6.46967166262623e-20,2
"MRPS21",1.56672945390628,1.08299066766137,0.833,0.675333333333333,2.38608073922704e-102,6
"MRPS22",1.7719459542929,1.35765306844568,0.697,0.444666666666667,5.2657932364125e-58,3
"MRPS23",1.33246712270574,1.13384962330315,0.583,0.4278,4.04641586725296e-85,5
"MRPS25",1.5536183654232,1.32798479400445,0.545,0.39675,5.48427072076035e-88,4
"MRPS26",2.22202740110969,1.43107800211182,0.667,0.428,1.28424721677496e-56,5
"MRPS27",1.42676291534598,1.15289119273594,0.348,0.327,4.55423921218843e-15,2
"MRPS28",1.3010468936292,1.17632448919769,0.409,0.3575,4.66233147335492e-20,2
"MRPS30",1.87653300428948,1.42120015937292,0.472,0.3815,2.53372582013661e-55,4
"MRPS31",1.7243612187282,1.50214445527907,0.788,0.48525,1.58087710529943e-75,4
"MRPS33",2.0900693035363,1.34506937365724,0.864,0.4946,3.02301568550082e-98,5
"MRPS34",1.57520770366128,1.15936972134351,0.909,0.629166666666667,6.46677591064538e-139,6
"MRPS35",1.76449825691931,1.37750505069039,0.556,0.434666666666667,1.14495048540195e-126,3
"MRPS36",1.28989769767159,1.01751394800103,0.818,0.508666666666667,1.69816461629359e-169,6
"MRPS5",1.72704384211058,1.13673468236794,0.861,0.5636,1.46899697430481e-172,5
"MRPS6",1.61282816536978,1.25756697971855,0.742,0.5344,1.09581167808264e-80,5
"MRPS7",1.67540373268233,1.35966679192234,0.788,0.529,2.66933738643843e-102,5
"MRPS9",2.35398260852044,1.5377792299842,0.47,0.377333333333333,8.42685542270363e-25,3
"MRRF",0.798232943465803,0.798232943465803,0.333,0.333,3.32247531347337e-18,1
"MRS2",0.923829501228233,0.819853526466614,0.439,0.386,1.67291974326881e-23,2
"MRTO4",1.6658435304665,1.59692635045984,0.472,0.448,3.41298295394469e-17,2
"MS4A1",6.4434722928684,6.4434722928684,0.954,0.954,0,1
"MS4A3",6.39017430158216,3.72596233667983,0.948,0.6035,0,2
"MS4A4A",3.7280305726412,3.38756856034288,0.556,0.4625,0,2
"MS4A6A",3.08730367491354,2.66947738060986,1,0.9825,0,2
"MS4A7",3.82177916557253,3.48172993939805,0.972,0.8885,0,2
"MSANTD4",0.999131950136142,0.999131950136142,0.258,0.258,4.891885860775e-09,1
"MSH2",0.923652744160164,0.923652744160164,0.288,0.288,5.92504980384042e-13,1
"MSH6",1.1612326315571,0.868666102694843,0.364,0.307,3.98498965404401e-14,2
"MSI2",1.59478598737152,1.27044711383044,0.697,0.453666666666667,1.07209627902679e-76,3
"MSL1",1.55396426520493,1.55396426520493,0.393,0.393,1.3194472749054e-24,1
"MSL3",1.05918204188163,0.719621021337615,0.207,0.158,1.40872385488221e-20,2
"MSMO1",1.23170639045245,1.23170639045245,0.25,0.25,0.00976712125161317,1
"MSN",0.794794112103153,0.643699891038588,1,0.978333333333333,8.040774662729e-98,3
"MSRA",0.91178537806956,0.91178537806956,0.444,0.444,4.48885138673874e-08,1
"MSRB1",2.06533464614525,1.34141951654475,0.558,0.499,9.02853567847036e-67,2
"MSRB3",3.27036929467233,3.27036929467233,0.325,0.325,7.9539183158462e-119,1
"MSTO1",2.29289297246298,2.29289297246298,0.348,0.348,8.13375694848362e-66,1
"MT-ATP6",1.32203243913736,0.708931874772666,1,0.989666666666667,2.19182652752681e-104,9
"MT-ATP8",2.18528824005394,1.14026150370524,0.944,0.76525,2.38652766400078e-220,4
"MT-CO1",1.93120988628477,1.07583974682925,1,0.997285714285714,4.4620581530023e-249,7
"MT-CO2",2.19331514406658,1.02885083687417,1,0.9985,3.56184956915761e-132,6
"MT-CO3",2.39523119844294,0.971674035332592,1,0.998142857142857,1.79249703697029e-161,7
"MT-CYB",1.32462957126985,0.746716918511331,1,0.961888888888889,1.17926602953937e-121,9
"MT-ND1",1.84481893372877,1.03704066742553,1,0.99875,3.03478323660328e-178,4
"MT-ND2",1.74196372137998,1.10696451934177,0.999,0.97725,7.5452615049944e-149,4
"MT-ND3",1.67875223063735,0.838326014772148,1,0.997714285714286,3.19562143149714e-144,7
"MT-ND4",1.85852951655955,0.869124374274919,1,0.9945,4.24838337200267e-184,6
"MT-ND4L",2.19867507008215,1.27642278973065,1,0.929,2.69219388439298e-192,4
"MT-ND5",1.49639517153401,0.800393420934186,1,0.96025,3.06061236421342e-194,8
"MT-ND6",2.07094105659251,1.15630390515661,0.97,0.6054,3.83965001273577e-145,5
"MT1E",4.44645747064699,4.44645747064699,0.488,0.488,6.92728206438912e-85,1
"MT1F",1.93417222755873,1.62218994360338,0.36,0.317666666666667,3.16462144276628e-123,3
"MT1X",1.5336840658261,1.09880959146,0.512,0.441333333333333,6.67956065533935e-99,3
"MT2A",1.9072141271091,1.19446643319516,0.889,0.6588,3.26749640674225e-257,5
"MTA1",1.16494740078275,0.914312374854586,0.306,0.297,4.28235086107197e-10,2
"MTA2",1.03806735818432,1.03806735818432,0.306,0.306,3.93079129125514e-05,1
"MTAP",1.68653472242286,1.39983650244659,0.409,0.356,1.65504419598933e-76,3
"MTCH1",0.75534680390826,0.586769012236267,0.75,0.519,2.65924781808952e-12,2
"MTCH2",2.12314054556024,1.50466122518612,0.53,0.44475,1.02901530160287e-227,4
"MTDH",1.92524977891995,1.19940220809476,1,0.838166666666667,1.33919288566003e-197,6
"MTERF4",1.48814970792231,1.02569976452568,0.411,0.327666666666667,8.63286577898779e-76,3
"MTF1",0.732384624736979,0.732384624736979,0.279,0.279,0.0154458287034107,1
"MTF2",1.52644252383361,1.52644252383361,0.329,0.329,6.0185461661866e-08,1
"MTFR1",2.7478626132104,2.7478626132104,0.25,0.25,2.67860571927759e-15,1
"MTG1",1.99879695986243,1.99879695986243,0.409,0.409,1.516537480907e-48,1
"MTHFD1",1.96879811110428,1.96879811110428,0.455,0.455,4.956451728363e-41,1
"MTHFD2",1.80739036486908,1.44646602762632,0.778,0.593666666666667,7.75845930959713e-166,3
"MTHFR",1.50788156821941,1.29622912271545,0.583,0.5395,2.18630728576518e-230,2
"MTIF2",1.37523248968483,1.12892192477212,0.417,0.4055,1.92441448315858e-16,2
"MTIF3",0.629244803400489,0.554160028501125,0.803,0.5485,5.75506257761009e-142,6
"MTM1",0.670846888572865,0.582604771238083,0.361,0.3245,6.1303652322868e-97,2
"MTMR12",0.821641564147957,0.821641564147957,0.5,0.5,2.45488180682776e-13,1
"MTMR14",0.931858907596376,0.676728535245823,0.694,0.6605,2.84414667647422e-235,2
"MTMR3",0.762801569674566,0.762801569674566,0.336,0.336,1.63693960714906e-05,1
"MTMR9",0.259017032465663,0.259017032465663,0.355,0.355,6.85563156297233e-114,1
"MTO1",0.968025991655098,0.80236937802988,0.364,0.321,6.61242997000637e-13,2
"MTOR",1.06060222527867,1.06060222527867,0.278,0.278,0.00014378001900888,1
"MTPN",2.08671763673792,2.08671763673792,0.635,0.635,1.3205712774203e-33,1
"MTR",0.771988599162367,0.709632702068824,0.409,0.371,5.32816590717596e-12,2
"MTREX",1.47482209849563,0.985775103695004,0.667,0.462333333333333,1.97714387141831e-102,6
"MTRF1L",1.09112811067249,1.09112811067249,0.639,0.639,4.93323498863386e-21,1
"MTRNR2L12",1.39774868481533,0.923218751944552,1,0.966666666666667,4.55732839997535e-184,6
"MTRNR2L8",1.20972532961249,1.20972532961249,0.23,0.23,0.012645295278337,1
"MTRR",1.57763687176146,1.57763687176146,0.333,0.333,1.13472616354557e-25,1
"MTSS1",2.69869071656286,1.97826562440256,0.917,0.548333333333333,2.04051820001745e-151,3
"MTURN",5.79243171716198,5.79243171716198,0.615,0.615,5.57306656825181e-294,1
"MTX2",1.70962343888399,1.70962343888399,0.485,0.485,8.0071242217606e-48,1
"MUC20-OT1",0.269373665358744,0.269373665358744,0.314,0.314,1,1
"MUL1",0.854432290498955,0.854432290498955,0.25,0.25,1.84141295772178e-05,1
"MUM1",1.44753238967888,0.81335815976826,0.318,0.297,2.72408629051589e-08,3
"MUS81",1.07176948906702,1.07176948906702,0.256,0.256,2.04476008042663e-07,1
"MUT",0.339579582718707,0.339579582718707,0.273,0.273,1.63113522416748e-10,1
"MVB12A",1.00528120074325,0.72301067041661,0.444,0.366666666666667,5.87862599145771e-135,3
"MVD",0.915775150220341,0.915775150220341,0.348,0.348,8.41713322310561e-24,1
"MVP",0.463218711998061,0.463218711998061,0.833,0.833,1.9118135593434e-14,1
"MX1",0.539928637166291,0.434435338135302,0.955,0.932666666666667,2.69202384582565e-105,3
"MX2",1.36841430809684,1.29560039085156,0.602,0.527,1.24809392791053e-77,2
"MXD1",1.85814854060072,1.61010314860751,0.738,0.657,1.44415176285542e-229,2
"MXD4",2.24976495248313,1.54183307585661,0.889,0.572166666666667,1.39496588196176e-148,6
"MXI1",3.22133008128273,3.22133008128273,0.86,0.86,6.89235838462629e-51,1
"MYADM",1.75937153989379,1.03081687845962,0.525,0.4705,5.1135292274006e-38,2
"MYB",4.34206547666007,4.34206547666007,0.394,0.394,6.85155384671093e-140,1
"MYBBP1A",1.7460534053207,1.7460534053207,0.278,0.278,7.46690655415242e-10,1
"MYBL1",4.07434457836321,4.07434457836321,0.302,0.302,1.32175296760264e-88,1
"MYBL2",4.30560887087591,4.30560887087591,0.53,0.53,1.40476397971878e-249,1
"MYC",3.05631079200975,1.36782786842716,0.53,0.416,7.20822445113549e-201,3
"MYCBP",0.537941608803302,0.470220375612423,0.5,0.4325,3.5511577918958e-120,2
"MYCBP2",0.788353039851044,0.628420353086018,0.944,0.822666666666667,1.19417208543519e-149,3
"MYCL",3.28563458998704,3.28563458998704,0.389,0.389,4.28565405234159e-28,1
"MYD88",0.538379848321967,0.469148204416392,0.944,0.8965,1.21483990192885e-238,2
"MYDGF",4.37517558807026,1.90165406557761,0.97,0.6582,1.43005313482011e-178,5
"MYH9",1.76997566868049,0.988558801876156,0.721,0.556666666666667,1.78040064501015e-22,3
"MYL12A",2.69261751992975,1.23960877412812,1,0.953,6.90734810085131e-123,3
"MYL12B",1.05192194373163,0.62275534645272,0.977,0.746333333333333,9.20040833719428e-46,3
"MYL6",2.81183013188936,1.45411818816036,0.93,0.899333333333333,8.29549288965642e-92,3
"MYL6B",1.98213509891714,1.70514065532508,0.485,0.339666666666667,8.48809050345077e-47,3
"MYL9",8.13608880596806,8.13608880596806,0.703,0.703,0,1
"MYO18A",0.297792506557205,0.297792506557205,0.25,0.25,9.37707806232684e-05,1
"MYO1D",5.48512934061539,5.48512934061539,0.424,0.424,2.93588194262551e-261,1
"MYO1E",2.43651038470833,2.43651038470833,0.361,0.361,3.04228729567399e-15,1
"MYO1F",1.46544340567076,1.31782544569848,0.717,0.6865,2.33366369391815e-124,2
"MYO1G",1.86953851552808,1.65263411449504,0.861,0.822,0,3
"MYO9A",1.39032553016506,1.39032553016506,0.361,0.361,1.18425414011249e-06,1
"MYO9B",1.15533824366188,0.996936453039791,0.221,0.203,0.343306656756311,2
"MYOF",3.7435468842785,3.62615478142267,0.639,0.499,0,2
"MYSM1",0.561008233281623,0.561008233281623,0.395,0.395,2.75146098887787e-07,1
"MZB1",6.60800133241007,3.63610924132708,1,0.6575,2.10468542321528e-196,2
"MZT1",1.38946378062193,1.18473780600319,0.485,0.422,8.05862261370284e-22,3
"MZT2A",1.98096810529874,1.58867551923186,0.894,0.6134,3.11433632253064e-159,5
"MZT2B",1.87786401184083,1.20234797776637,0.97,0.766,9.29159330973318e-180,7
"N4BP1",1.00789730253106,1.00789730253106,0.14,0.14,0.000364470579556016,1
"N4BP2",1.42205424370521,1.14259625804135,0.409,0.3675,2.11282836846065e-13,2
"N4BP2L1",0.453929933048672,0.453929933048672,0.472,0.472,7.97861156058719e-06,1
"NAA10",1.21093443701394,0.812902128022965,0.742,0.5106,2.93247846510036e-86,5
"NAA15",1.24507329595924,1.00992257965277,0.583,0.3964,5.75069879870475e-98,5
"NAA20",1.67542187893957,1.32798769322367,0.639,0.44,1.43411172840919e-92,5
"NAA25",1.33183278621739,1.33183278621739,0.389,0.389,1.25932267644813e-07,1
"NAA38",3.60959297753339,1.95847498238474,0.744,0.6125,3.40689287842429e-34,2
"NAA50",0.435923179758288,0.435923179758288,0.722,0.722,1.37213221994477e-08,1
"NAA60",0.414820353835393,0.414820353835393,0.388,0.388,1.0449038649066e-117,1
"NAAA",2.87860691824492,2.45085678454686,0.833,0.646,1.74053156846305e-226,2
"NABP1",2.18780645696539,1.6425523746746,0.514,0.4795,1.52900480972297e-53,2
"NABP2",1.78294308282755,1.76459595958831,0.364,0.3485,6.85877569718685e-30,2
"NACA",1.48923024879464,0.908393334245969,1,0.985333333333333,1.91594516002314e-199,6
"NACC1",1.21838720887766,1.21838720887766,0.278,0.278,0.000196759452806097,1
"NADK",1.40441666756455,0.867449039760149,0.389,0.280666666666667,4.42970556834638e-07,3
"NAE1",1.87829420803537,1.50515156465651,0.455,0.387333333333333,1.70088157151136e-67,3
"NAF1",2.44040370906896,2.44040370906896,0.333,0.333,2.10960678505868e-17,1
"NAGA",3.2815759873386,2.94343972902929,0.75,0.6265,0,2
"NAGK",1.04064752713109,0.714723097890137,1,0.5975,2.21116560759952e-09,2
"NAGLU",1.00004085732193,0.943531731560365,0.348,0.299,1.94411820091845e-23,2
"NAGPA",2.03159125913108,1.83756543380244,0.444,0.3495,1.13743021797365e-91,2
"NAIP",1.76064181385191,1.4177362127497,0.392,0.384,2.57101207985352e-19,2
"NAMPT",1.80487175362063,1.73961490398031,0.974,0.9655,0,2
"NANS",2.93658143963208,1.95060872577562,0.848,0.582,6.0727032127016e-129,3
"NAP1L1",3.76637516411343,1.47833476570906,0.867,0.736333333333333,3.01326154349287e-103,3
"NAP1L4",1.72545630450393,1.17561982052065,0.758,0.66625,1.00526885182725e-167,4
"NAPA",0.48530726966158,0.481240822359022,0.124,0.0985,4.92225901704865e-18,2
"NAPRT",1.48511656572251,1.21830172022006,0.528,0.5095,1.27670566250973e-293,2
"NARF",1.57303520177157,1.57303520177157,0.456,0.456,7.30894290611277e-06,1
"NARFL",1.2676323684904,1.2676323684904,0.394,0.394,5.01317174351431e-27,1
"NARS",1.68110681261512,0.977069835916266,0.889,0.61825,1.1551560207305e-284,4
"NASP",1.57447199195671,1.11034381703802,0.682,0.5234,1.21895401085879e-81,5
"NAT10",1.30749153641721,1.30749153641721,0.278,0.278,1.55328022294103e-05,1
"NAT9",1.42166410497578,1.42166410497578,0.306,0.306,8.39353509238018e-10,1
"NATD1",2.99842721005153,2.99842721005153,0.404,0.404,1.07529852829096e-24,1
"NAV1",3.08134329988871,3.08134329988871,0.611,0.611,6.05046560980209e-57,1
"NAXE",1.90283456252603,1.49809929243082,0.47,0.36975,1.04763226923676e-56,4
"NBAS",1.02634129652167,1.00746844810516,0.364,0.335,4.46134049713372e-15,2
"NBDY",2.10660031378992,1.37522221548788,0.528,0.40475,1.2579285265749e-129,4
"NBEAL1",0.899802512737504,0.777600682065986,0.417,0.352333333333333,1.96362770527546e-70,3
"NBEAL2",0.757374122895333,0.757374122895333,0.392,0.392,6.08865187666263e-10,1
"NBPF10",0.34563677521981,0.34563677521981,0.25,0.25,0.000103050348362196,1
"NBPF19",0.844633195061137,0.737730068321056,0.806,0.713,9.21372642544472e-300,2
"NCALD",5.59654939209824,5.59654939209824,0.267,0.267,1.57720517984923e-134,1
"NCAPD2",2.95488940227478,1.67546629819182,0.379,0.326,9.21248043030732e-33,2
"NCAPD3",1.13572083510846,1.13572083510846,0.288,0.288,6.63443121826149e-19,1
"NCAPH2",1.18727407598646,1.18727407598646,0.288,0.288,1.63659795846535e-18,1
"NCBP1",0.944745952087753,0.696002072347806,0.306,0.284,2.02782207149031e-85,2
"NCBP2",1.54021922064223,1.02183358754643,0.75,0.518333333333333,8.81358333083731e-82,6
"NCBP2-AS2",1.64910755424229,1.09488758318223,0.611,0.43725,1.01086908235424e-65,4
"NCBP3",1.62900630825602,1.4558942379004,0.382,0.319,2.08938123966505e-16,2
"NCEH1",5.38733455765518,2.99658815481841,0.333,0.317666666666667,2.69141494781731e-231,3
"NCF1",1.35064542127905,1.11347402037835,0.846,0.771,3.79152892009428e-203,2
"NCF2",1.81914942010382,1.81914942010382,0.628,0.628,2.14579863219945e-157,1
"NCF4",1.37672191638836,0.894655262734398,0.532,0.36275,3.35393651565989e-21,4
"NCK1",1.84285127752081,0.872717120518665,0.547,0.43675,1.51937363499828e-67,4
"NCK2",3.49720624425915,3.49720624425915,0.379,0.379,6.58356489282789e-32,1
"NCKAP1L",0.863138748018702,0.644146136498063,1,0.5676,9.52928903352235e-188,5
"NCKAP5L",1.52452147389177,1.24950228195337,0.306,0.2935,1.6973607631768e-183,2
"NCL",1.72901302281088,1.20895321507249,1,0.861428571428571,4.97106940236122e-164,7
"NCLN",0.868804666668305,0.626510721536677,0.561,0.485333333333333,1.97969972976387e-111,3
"NCOA1",1.68118961994625,1.20359620796616,0.266,0.2,3.17206297004587e-05,2
"NCOA2",0.795967791765126,0.75714467686351,0.326,0.222,4.8821431408934e-07,2
"NCOA3",1.5870357306821,1.5870357306821,0.924,0.924,4.52863416080132e-30,1
"NCOA4",2.31869959558791,1.44190321924532,0.842,0.642,3.11815188161203e-47,3
"NCOA5",1.66635358940846,1.66635358940846,0.389,0.389,1.07431645797939e-15,1
"NCOA6",0.402727517544783,0.402727517544783,0.368,0.368,6.08751371652853e-106,1
"NCOA7",1.89861499041952,0.993703834434042,0.639,0.52875,2.77264653958752e-146,4
"NCOR1",0.329987320752622,0.329987320752622,0.175,0.175,6.2341653855371e-37,1
"NCOR2",2.10670746659296,1.57865666953796,0.639,0.490333333333333,1.08250798104886e-273,3
"NCSTN",0.560835130651691,0.530306633874017,0.667,0.584,1.65507490553218e-190,2
"NDFIP1",1.18566841544352,0.728268746926641,0.833,0.737666666666667,2.80008694959292e-151,3
"NDUFA1",1.27799283905941,0.842988336906535,1,0.9328,4.84894107540598e-153,5
"NDUFA10",1.01013979208038,0.776100868956225,0.803,0.5912,2.86155430658831e-160,5
"NDUFA11",1.26706933975882,0.840003617980216,0.939,0.774833333333333,9.45794656046857e-162,6
"NDUFA12",2.01701700748518,1.32138414712323,0.889,0.7215,5.86369506247527e-152,6
"NDUFA13",1.92107553842305,1.16342589598862,0.972,0.85,8.12668350112673e-148,6
"NDUFA2",1.09862896424926,0.709446378269393,0.972,0.710166666666667,1.99034180663115e-142,6
"NDUFA3",1.34182224372777,0.937739126467886,0.955,0.776333333333333,4.39013175312105e-120,6
"NDUFA4",2.43589832462268,1.03566365957612,1,0.829142857142857,5.47601489391665e-113,7
"NDUFA5",2.81237894011185,1.00274932381058,0.758,0.4766,2.87667282392049e-50,5
"NDUFA6",3.92536107770005,1.48631291687424,0.889,0.6505,1.42199392367744e-30,4
"NDUFA7",1.70478354864734,1.33404803466214,0.742,0.47175,1.25117745842391e-89,4
"NDUFA8",1.98649154536215,1.55945565479799,0.606,0.49125,2.12883979263803e-101,4
"NDUFA9",1.83976126219758,1.4782299924566,0.694,0.54525,3.746198090618e-114,4
"NDUFAB1",1.86480491169316,1.32970084408691,0.894,0.662,2.30156824455765e-191,6
"NDUFAF1",1.12526558151155,1.12526558151155,0.424,0.424,3.70440588956113e-35,1
"NDUFAF2",2.08261875303353,1.50398418359478,0.556,0.411,5.30546961616935e-73,4
"NDUFAF3",4.24293339204248,4.24293339204248,0.44,0.44,3.3634579820794e-46,1
"NDUFAF4",1.51601225486601,1.40209254787736,0.394,0.322,1.20344262201555e-21,2
"NDUFAF6",0.641609851204026,0.641609851204026,0.348,0.348,8.02413963751217e-18,1
"NDUFAF7",0.619218318727049,0.619218318727049,0.25,0.25,0.00571480859478337,1
"NDUFAF8",1.7924603821153,1.25861017623193,0.818,0.582166666666667,2.9516019428156e-78,6
"NDUFB1",0.858139902755248,0.661615049794825,1,0.7505,6.69891436553977e-169,4
"NDUFB10",1.20283670902949,0.762911944196626,0.944,0.7892,9.55643689794848e-159,5
"NDUFB11",1.78865951465573,1.33991694178605,1,0.806666666666667,2.98644042979807e-184,6
"NDUFB2",1.89582157133662,1.36862901781511,0.93,0.813666666666667,9.7449863972812e-240,6
"NDUFB3",1.41814005720794,0.860110249243501,0.894,0.7022,4.73574440326529e-149,5
"NDUFB4",1.85222865632278,1.00398479161145,1,0.773333333333333,2.80661299349439e-136,6
"NDUFB5",1.77170450381785,1.11843008399094,0.909,0.609666666666667,2.98526445554235e-243,6
"NDUFB6",1.50127993115986,0.923090075110077,0.864,0.621666666666667,4.98114970964468e-109,3
"NDUFB7",1.47715998515318,1.10036042033048,0.972,0.754666666666667,1.15231727816134e-197,6
"NDUFB8",1.88150995255723,1.33813716611992,0.944,0.779666666666667,1.92473913620356e-132,6
"NDUFB9",1.57491943363378,0.924011935547043,0.917,0.641666666666667,1.86554946151849e-267,6
"NDUFC1",1.43841705329874,0.980467866959956,0.806,0.607571428571429,1.06213307519077e-91,7
"NDUFC2",2.03609156798323,1.23903283858798,0.972,0.8012,1.28862347836971e-155,5
"NDUFS1",0.631454278027388,0.448212709517682,0.538,0.4665,1.6082191323949e-165,2
"NDUFS2",0.868682133749967,0.704029506396249,0.889,0.721,7.49637488081327e-179,4
"NDUFS3",1.706286259242,1.31758805825459,0.758,0.5062,2.7865759041225e-136,5
"NDUFS4",1.18270261607949,0.94171733644366,0.758,0.5314,1.33113610082692e-165,5
"NDUFS5",3.90338672275671,1.6361136549028,0.924,0.757333333333333,4.37544718191245e-55,3
"NDUFS6",1.59750230807277,1.27670355453219,0.972,0.8432,2.81835830772587e-249,5
"NDUFS7",1.71916776416128,1.03530383369051,0.972,0.5975,9.25079357399225e-202,6
"NDUFS8",1.47819680085817,1.14852804498537,0.864,0.6556,2.73826459977208e-199,5
"NDUFV1",1.20385516494817,0.903698183952751,0.697,0.48325,2.13845192157364e-96,4
"NDUFV2",1.98582803222898,1.0776676495865,0.972,0.736833333333333,1.74019590355322e-111,6
"NDUFV3",1.53974469295859,0.913266270297239,0.778,0.5396,6.2460169699223e-219,5
"NEAT1",2.32924404872633,1.69793823507322,0.999,0.999,0,2
"NECAP2",1.19229526493979,0.726149354885395,0.75,0.518,6.62147278569913e-91,4
"NEDD8",1.18412276299438,0.637747351025965,0.972,0.8215,7.22024909321057e-126,6
"NEK1",0.92992299983843,0.92992299983843,0.288,0.288,1.71597212534199e-18,1
"NEK3",2.39338469628228,2.39338469628228,0.288,0.288,4.55148968211427e-31,1
"NEK4",2.5364925506346,1.85234547803911,0.409,0.3575,8.45500964275799e-290,2
"NEK6",0.321551871356167,0.321551871356167,0.361,0.361,2.95506745828509e-09,1
"NEK9",0.602815918535831,0.602815918535831,0.278,0.278,4.04044563208679e-89,1
"NELFA",0.611004226715366,0.611004226715366,0.278,0.278,0.00678382476718659,1
"NELFB",1.17518925970155,0.938611759296899,0.389,0.3695,4.96529301410587e-127,2
"NELFCD",1.68914881019949,1.02687861049856,0.606,0.42775,2.87755725193111e-49,4
"NELFE",1.01252695482593,0.858537972924659,0.778,0.59475,9.03027314089889e-175,4
"NEMF",0.738901613710999,0.578089036012416,0.833,0.597,1.52414333209082e-102,5
"NENF",4.28291815371803,1.37286293884832,0.611,0.36325,1.35387103163708e-27,4
"NEPRO",0.657175798583511,0.652657804597768,0.409,0.371,2.10027461273005e-17,2
"NEU1",1.00997730394293,0.724861841887127,0.556,0.469333333333333,1.23063098693189e-140,3
"NEU3",1.61612424777606,1.61612424777606,0.273,0.273,4.83093340664718e-24,1
"NEXN",6.19677303049197,6.19677303049197,0.387,0.387,9.92603671549222e-98,1
"NF2",1.55938341760409,1.3951303351804,0.318,0.298,3.04493554599849e-20,2
"NFAM1",0.293287199405331,0.293287199405331,0.276,0.276,1,1
"NFATC1",0.518679270663849,0.518679270663849,0.306,0.306,0.00599102873081132,1
"NFATC2",4.21735439513955,4.21735439513955,0.535,0.535,1.7244781376256e-116,1
"NFATC2IP",2.21776622232114,0.827586858522947,0.712,0.509,4.6691055687621e-98,5
"NFATC3",0.926220073990224,0.926220073990224,0.651,0.651,4.37678733191957e-19,1
"NFE2",1.74504582072187,0.858225128966767,0.649,0.382666666666667,5.99051994530363e-30,3
"NFE2L1",0.880335212329276,0.840403639438142,0.5,0.4115,1.69252042306036e-115,2
"NFE2L2",1.15631160235327,0.868870842033344,0.202,0.1575,1.61065718592017e-13,2
"NFE2L3",3.75271054780539,3.75271054780539,0.444,0.444,4.58172554492019e-48,1
"NFIA",3.38728506115765,2.58731499920782,0.417,0.401,5.33296260472518e-315,2
"NFIC",1.31648090920962,1.16680234585388,0.833,0.718,1.10059276910388e-245,2
"NFIX",6.50648111834196,6.50648111834196,0.684,0.684,9.80027480337052e-156,1
"NFKB1",1.001646573303,0.754974061294943,0.188,0.1455,2.36794202151658e-18,2
"NFKBIA",1.37817289885007,0.829781522147753,0.972,0.7305,1.88920070107836e-23,2
"NFKBIB",0.868749240721783,0.587780819023275,0.556,0.49,1.10122777285977e-20,2
"NFKBIE",2.00876844510361,2.00876844510361,0.333,0.333,7.84504122942789e-16,1
"NFKBIL1",0.959231690336145,0.959231690336145,0.278,0.278,0.000142552986681481,1
"NFU1",1.14370224791008,1.14370224791008,0.485,0.485,3.06432385767217e-31,1
"NFX1",0.71576027290221,0.570359689166157,0.53,0.4735,6.82509422374322e-20,2
"NFXL1",1.02205338897095,0.662863064956742,0.417,0.3505,9.69988991253516e-87,2
"NFYB",1.39402875183211,1.39402875183211,0.279,0.279,5.70266959563729e-07,1
"NGDN",0.336133531033956,0.336133531033956,0.278,0.278,1,1
"NGLY1",0.85509847848219,0.673771444508305,0.788,0.5525,4.97829586870356e-34,2
"NHLRC2",0.949325445688218,0.655718888852168,0.528,0.404,2.05022726494664e-73,2
"NHLRC3",3.05110191818441,1.26510009415797,0.454,0.399333333333333,1.2992990032107e-81,3
"NHP2",1.66175585351153,1.47880692463003,0.722,0.505666666666667,5.1867906706143e-95,6
"NID1",5.2805288252735,5.2805288252735,0.389,0.389,1.68679459211459e-85,1
"NIFK",1.69605573229808,1.22389191388471,0.722,0.477166666666667,7.6274145276063e-77,6
"NIN",1.29664264953564,1.0217120818939,0.383,0.3075,3.37041711184828e-05,2
"NIP7",1.45221630738471,1.10027898432797,0.528,0.349333333333333,1.10461532772471e-61,3
"NIPA2",0.890614453205953,0.527966490188798,0.621,0.534666666666667,9.574954412134e-84,3
"NIPAL3",1.8365250626156,1.24576266916873,0.455,0.356666666666667,1.94032279132026e-101,3
"NIPBL",0.652523088122061,0.652523088122061,0.191,0.191,2.7540085980671e-12,1
"NIPSNAP1",0.928579928010765,0.928579928010765,0.278,0.278,7.46996600423589e-06,1
"NIPSNAP2",1.7308034537077,1.14990222843924,0.694,0.531333333333333,5.50568167465971e-283,3
"NIPSNAP3A",1.68863330523445,1.49170305244718,0.444,0.3975,4.1076059795913e-190,2
"NISCH",1.32377471043698,1.05589525660124,0.611,0.479,1.54409458093084e-114,2
"NIT2",1.59814763828753,1.59814763828753,0.545,0.545,6.35382966330088e-40,1
"NKAPD1",1.2375931190816,0.966543004994553,0.5,0.353666666666667,1.71995192757866e-62,3
"NKG7",6.05105653529797,3.25926162339743,1,0.728666666666667,2.02399756887143e-196,3
"NKIRAS2",0.653431179163313,0.639710186455414,0.583,0.52,4.93129747841533e-186,2
"NKTR",0.74901387677498,0.518750802991838,0.733,0.50225,5.80606780297502e-54,4
"NLN",2.17383363671697,2.17383363671697,0.417,0.417,3.59442374307691e-22,1
"NLRC3",3.6525931350469,3.6525931350469,0.395,0.395,2.34702853810001e-78,1
"NLRC4",2.78699173284765,2.78699173284765,0.355,0.355,2.49415084765992e-44,1
"NLRC5",0.554962099321775,0.554306231711094,0.259,0.1915,2.84256250650603e-15,2
"NLRP1",1.38376406267894,1.38376406267894,0.157,0.157,1,1
"NLRP12",0.427645823585499,0.427645823585499,0.549,0.549,1.55801306155569e-260,1
"NLRP3",1.64565137552608,1.11613326364088,0.48,0.476,0,2
"NMD3",0.826988576612474,0.728669218295221,0.333,0.2915,1.34826139725823e-10,2
"NME1",3.20443410214545,2.64651544319363,0.758,0.554333333333333,2.12520338370476e-93,3
"NME2",1.98402556358297,1.98402556358297,0.258,0.258,8.23584387189424e-16,1
"NME3",1.90706216638347,0.961835513547225,0.583,0.4476,2.44326988674236e-78,5
"NME4",0.305159695678448,0.305159695678448,0.306,0.306,0.0389060972977297,1
"NME6",0.289182642279149,0.289182642279149,0.306,0.306,0.287629451704157,1
"NMI",1.76417339500965,1.76417339500965,0.285,0.285,1,1
"NMRAL1",1.23076163356921,0.832263863239298,0.361,0.355,5.44235566044852e-13,2
"NMT1",1.11174683683806,0.708554682732827,0.879,0.6758,5.88693812977887e-80,5
"NMT2",4.30872338979278,3.26455335815379,0.306,0.2865,1.32813815194232e-204,2
"NNT",1.45780119128346,1.04497853722392,0.441,0.377333333333333,7.5181407846984e-170,3
"NOA1",1.16172560344841,1.12965132424084,0.439,0.4,1.65658203786005e-25,2
"NOB1",1.86827611306996,1.37078562541206,0.5,0.36275,1.29422785759381e-47,4
"NOC2L",1.65233537586014,1.07273842161597,0.5,0.401,2.57387051174136e-45,4
"NOC3L",1.72970615143476,1.2973087280407,0.472,0.422666666666667,8.62907895845621e-18,3
"NOC4L",1.79372184744467,1.52240156496197,0.472,0.3875,4.43997381780116e-22,2
"NOL10",1.59692802526809,1.40117684225301,0.379,0.3145,1.13881855905471e-22,2
"NOL11",1.53827917682223,0.881054032016405,0.444,0.332666666666667,2.75484877837895e-52,3
"NOL12",0.917664894189102,0.917664894189102,0.444,0.444,4.26870349272739e-11,1
"NOL7",1.54944335187572,1.1194484995581,0.944,0.727333333333333,5.02083275877554e-86,6
"NOL8",1.1031156405853,0.602074916259536,0.5,0.3934,1.28509080140845e-56,5
"NOL9",1.0877635313992,1.00578692593914,0.333,0.303,0.0033310171041135,2
"NOLC1",1.91413285717934,1.34809446582691,0.5,0.376,2.39042874372534e-79,3
"NOM1",1.78655880322228,1.66048953282109,0.528,0.423,5.58376690447429e-21,2
"NOMO1",2.5378020709545,1.95558953003829,0.576,0.441,8.72171397332519e-91,2
"NONO",1.28657552881883,0.798477807197976,0.889,0.558714285714286,3.34421772272294e-157,7
"NOP10",1.14841602378459,0.630412884020875,0.944,0.711666666666667,1.30637453582707e-10,3
"NOP14",2.10385664717049,1.68927484633401,0.583,0.448,4.90159555079058e-21,3
"NOP16",1.92969781011397,1.92969781011397,0.361,0.361,4.89534826888719e-15,1
"NOP53",2.61502686136517,1.81542382473618,0.934,0.920333333333333,0,3
"NOP56",1.62703875823918,1.20371009894939,0.742,0.521166666666667,7.54960233919569e-78,6
"NOP58",1.75792887459706,1.19296995960462,0.742,0.4185,4.43970897397765e-75,6
"NOP9",2.73620265782668,2.73620265782668,0.306,0.306,1.83038925326443e-15,1
"NORAD",2.09464926220664,0.958548954620065,0.846,0.49175,2.16470395586033e-168,4
"NOSIP",2.33717839712468,1.36506391083822,0.78,0.646,1.26368242527569e-259,2
"NOTCH2",0.843773888885079,0.843773888885079,0.134,0.134,0.000126983096147519,1
"NPAT",0.766663773453551,0.616078293449923,0.279,0.2675,1.44879254368348e-22,2
"NPC2",2.50062404999501,2.31938518116091,1,0.9475,0,2
"NPDC1",3.55805705711684,3.55805705711684,0.349,0.349,8.44524449169984e-57,1
"NPEPL1",0.407341748881715,0.407341748881715,0.326,0.326,1.00017439137773e-136,1
"NPEPPS",1.12762361802867,0.625228847639096,0.365,0.27075,0.0110722137803013,4
"NPIPB15",3.54207437372349,3.54207437372349,0.394,0.394,2.06708582938269e-115,1
"NPIPB2",4.80589053405606,4.80589053405606,0.288,0.288,3.43373789709002e-174,1
"NPIPB5",1.69456453821629,1.69456453821629,0.298,0.298,1,1
"NPLOC4",1.20512414304782,0.775279690427089,0.528,0.521,5.79694409410087e-217,2
"NPM1",2.48168507596536,1.43121518254504,1,0.9572,7.60304614002381e-282,5
"NPM3",2.02649994935373,2.02649994935373,0.273,0.273,6.70198256213459e-37,1
"NPRL2",1.83802057708428,1.83802057708428,0.314,0.314,4.61808257459658e-20,1
"NPRL3",1.91946783151688,1.91946783151688,0.386,0.386,4.45266471272061e-15,1
"NPTN",0.622796381776475,0.493318031965106,0.778,0.7355,4.59267248016707e-247,2
"NQO2",1.37817527500135,1.37817527500135,0.166,0.166,1,1
"NR1H2",0.509399603372883,0.496470799020041,0.667,0.469,4.50943797999497e-16,2
"NR3C1",0.935983501096139,0.864782873567302,0.232,0.1985,5.19010136104319e-09,2
"NRAS",0.990185640128884,0.83525554163194,0.444,0.401,3.28199629029705e-123,2
"NRBF2",2.30760968093351,2.30760968093351,0.405,0.405,4.62282656545946e-50,1
"NRBP1",0.46657521660574,0.46657521660574,0.778,0.778,4.38382364258745e-12,1
"NRDC",1.11538611370671,0.72385366351126,0.185,0.17,7.56744037129183e-09,3
"NRG1",5.83230456455972,4.23476404867215,0.389,0.3825,0,2
"NRGN",7.93256206124291,7.93256206124291,0.929,0.929,0,1
"NRIP1",2.21752662540388,1.54369608025108,0.667,0.515333333333333,1.79695276382482e-224,3
"NRROS",3.39144016487774,2.72718568658282,0.722,0.493,8.41051053398575e-136,2
"NSA2",1.68904111446493,1.09064840447612,1,0.882333333333333,1.62774241883813e-157,6
"NSD1",0.51555898060152,0.475186280788869,0.833,0.4525,1.37970293186845e-25,2
"NSD2",4.14190336154467,1.8116165048377,0.47,0.347,5.17345732412668e-52,3
"NSD3",0.543472151744035,0.435418226982329,0.816,0.459,1.87630188819916e-64,3
"NSF",0.850244526616088,0.68406379400764,0.833,0.578333333333333,7.87952081276011e-173,3
"NSL1",0.909724692392259,0.645597897927618,0.722,0.5635,6.52530376033463e-99,2
"NSMCE1",1.84015271206745,1.15316146684141,0.444,0.3358,3.30258561864367e-57,5
"NSMCE2",0.891254839750353,0.731369603153361,0.472,0.365,1.31592760366039e-61,2
"NSMCE3",1.87827865230515,1.34162762125637,0.455,0.35625,1.43132874819502e-89,4
"NSMCE4A",1.31567159277613,1.12820545039433,0.606,0.40625,6.18867472992806e-29,4
"NSRP1",0.531434762005284,0.336210815670301,0.639,0.4188,8.7764880879496e-91,5
"NSUN2",1.3254036149184,0.946714544558286,0.389,0.344333333333333,9.72106760083944e-113,3
"NSUN4",1.60710481476205,1.60710481476205,0.361,0.361,1.37013670457093e-14,1
"NSUN5",2.73395819372974,1.57745420506229,0.514,0.376666666666667,4.68055934394305e-56,3
"NSUN6",0.831707984387155,0.831707984387155,0.326,0.326,1.0816336729875e-06,1
"NT5C",2.34706520006687,1.32466563802781,0.727,0.462,1.20037682265921e-114,5
"NT5C2",0.557279825046725,0.460590282664394,0.301,0.29,0.186682627332616,2
"NT5C3A",3.08626816670972,1.75597921032105,0.484,0.348,6.96509338240784e-38,2
"NT5DC1",0.336606249099268,0.336606249099268,0.439,0.439,5.99848824053289e-15,1
"NT5DC2",4.33002747678728,4.33002747678728,0.53,0.53,9.70203787087792e-142,1
"NT5M",8.2039190679262,8.2039190679262,0.313,0.313,9.18314557910658e-249,1
"NTAN1",1.29308182656324,0.838020299174488,0.667,0.486666666666667,3.06623523520434e-38,3
"NTHL1",2.64284110876615,2.23739847503697,0.485,0.3955,1.0100864714943e-51,2
"NTMT1",1.35175397608873,1.20605579281787,0.591,0.5455,1.24232855907214e-40,2
"NTNG2",1.30966476729778,1.01462598687064,0.478,0.456,1.64210128468372e-35,2
"NTPCR",0.656152020615764,0.656152020615764,0.25,0.25,0.171806379710854,1
"NUB1",1.06325020600019,0.592695261580629,0.861,0.5218,2.05290400509659e-39,5
"NUBP1",1.90948415131953,1.41118422378022,0.556,0.44825,3.00480539560338e-174,4
"NUBP2",1.64915188409519,1.00268455092811,0.515,0.40125,3.6967284934312e-47,4
"NUCB1",1.33771378536008,0.987139061522171,0.833,0.67925,1.35669429024999e-196,4
"NUCB2",3.93693694335331,1.68455077621589,0.833,0.6275,6.83828948894256e-141,4
"NUCKS1",1.75091639989903,1.17785986797458,0.791,0.595166666666667,2.91728796102945e-135,6
"NUDC",1.35506682687346,0.969239521769616,0.758,0.574,1.44963625749917e-93,6
"NUDCD1",1.04380841897868,1.04380841897868,0.273,0.273,6.31441409644804e-13,1
"NUDCD2",2.05362023798701,1.40837318039393,0.742,0.4752,9.25472775070156e-69,5
"NUDCD3",1.279031162621,0.794646350282835,0.361,0.3155,4.35571792281045e-40,2
"NUDT1",2.17711989543437,1.23325375778161,0.611,0.43225,2.86730917443075e-66,4
"NUDT14",2.1264474071292,2.1264474071292,0.278,0.278,1.82662302503865e-07,1
"NUDT16",1.31400766410473,1.28231300014142,0.806,0.695,2.19616752357056e-305,2
"NUDT16L1",1.47713703324326,1.47713703324326,0.349,0.349,1.49798592954921e-11,1
"NUDT19",1.42417724229322,1.42417724229322,0.361,0.361,8.76213965422199e-13,1
"NUDT2",1.58441704020584,1.22877922528374,0.576,0.381,2.21864919757643e-51,4
"NUDT21",1.69734348717936,0.796267709401285,0.583,0.4168,1.26332244911817e-127,5
"NUDT22",1.2189331542342,0.940936416010209,0.697,0.51825,9.51568956854258e-85,4
"NUDT3",1.57299742668803,0.769413413583277,0.889,0.469,1.10108562338895e-187,5
"NUDT4",2.25099472336794,2.25099472336794,0.596,0.596,1.04006098457731e-13,1
"NUDT5",0.596020790539325,0.500781757552022,0.773,0.6655,3.14310141916448e-32,2
"NUDT9",2.02299701460467,2.02299701460467,0.361,0.361,1.19908514760732e-16,1
"NUFIP1",1.667060405553,1.667060405553,0.25,0.25,3.09991247411891e-09,1
"NUFIP2",1.28664086450019,0.990759739317649,0.222,0.2135,1.5216517450259e-06,2
"NUGGC",6.24756210077948,6.24756210077948,0.636,0.636,0,1
"NUMA1",1.00502090138806,0.682403725970252,0.556,0.421,5.64296185119532e-38,4
"NUMB",1.45786945352372,1.45786945352372,0.493,0.493,4.51935762156667e-48,1
"NUP107",0.521752944633671,0.521752944633671,0.306,0.306,0.0350166972404997,1
"NUP133",1.41537513374708,1.41537513374708,0.25,0.25,0.00164746861878512,1
"NUP155",1.77859143735786,1.77859143735786,0.389,0.389,1.87276967366333e-15,1
"NUP188",1.8423598439619,1.27995634256463,0.389,0.3235,8.89592138694817e-13,2
"NUP205",1.03233320332626,1.03233320332626,0.333,0.333,1.04793140657034e-07,1
"NUP210",1.6515271214554,1.11400299004877,0.682,0.461666666666667,9.32554021034097e-59,3
"NUP214",1.83179743400534,0.869608870607544,0.972,0.739,4.72427707487997e-194,3
"NUP37",1.78646924246067,1.48523422848104,0.424,0.34,3.01823941770371e-28,2
"NUP50",0.949160299765303,0.822128702029503,0.153,0.121,3.04697208351922e-13,2
"NUP50-DT",1.21297112959483,1.21297112959483,0.25,0.25,1.5584040868665e-09,1
"NUP54",1.08589346589555,0.904943096990075,0.472,0.3825,2.30456216433339e-79,2
"NUP62",1.73969713388131,1.49096367265411,0.75,0.615,1.65460932784943e-175,2
"NUP85",0.621766051181791,0.621766051181791,0.361,0.361,2.63953338056219e-06,1
"NUP88",2.7800883439901,2.7800883439901,0.266,0.266,2.75298510085166e-78,1
"NUP93",1.75058903847289,1.75058903847289,0.417,0.417,1.39977759982265e-13,1
"NUPL2",1.37551828836401,0.893857710531658,0.636,0.46425,5.63125213150425e-53,4
"NUS1",1.94307339792967,1.74532827520889,0.652,0.581333333333333,5.64805451017789e-210,3
"NUSAP1",1.96473638564973,1.96473638564973,0.303,0.303,1.60385306963579e-29,1
"NUTF2",1.04292962829877,0.723313463086097,0.576,0.478,1.98600095041737e-24,3
"NUTM2A-AS1",0.629314421714311,0.629314421714311,0.389,0.389,1.31217607323337e-07,1
"NUTM2B-AS1",0.91138571620731,0.597575779869636,0.512,0.297,4.53841922629874e-16,2
"NVL",1.46588624416221,1.46588624416221,0.409,0.409,3.77534499041881e-27,1
"NXF1",1.29550373329603,1.29550373329603,0.526,0.526,3.88932906376794e-249,1
"NXF3",8.74237911284442,8.74237911284442,0.604,0.604,0,1
"NXPE3",1.73596779941144,1.47231677767283,0.818,0.535,1.96494993260676e-39,2
"NXT1",1.38339621943034,0.898765337763444,0.389,0.3235,1.66661770638402e-08,2
"NXT2",1.45902770087578,1.45902770087578,0.278,0.278,1.07863838181309e-11,1
"OAF",4.71587123978266,3.64418235163409,0.472,0.3975,1.91886035778644e-294,2
"OARD1",1.44622770088994,1.32143973213513,0.333,0.3055,5.76319204084655e-48,2
"OAS1",0.875791466321226,0.57846401164837,0.972,0.5715,4.39740194068645e-07,2
"OAS2",0.935357183906911,0.731661753855704,0.972,0.54125,2.09572823619241e-233,4
"OAS3",0.88054047379818,0.64496821968476,0.889,0.5065,3.47744272689406e-12,2
"OAT",3.05285220414097,1.45989466899895,0.378,0.33825,2.01945070339793e-187,4
"OAZ1",3.1163057049143,3.1163057049143,0.962,0.962,1.87045543222087e-164,1
"OAZ2",1.49646712241403,1.49646712241403,0.264,0.264,0.000912743495209538,1
"OCEL1",1.31965788876083,0.946868215401839,0.361,0.307333333333333,8.54169736546083e-100,3
"OCIAD1",0.828243974654174,0.675116255696388,0.628,0.5545,1.07315829681075e-88,4
"OCIAD2",2.83555204614168,1.91490303077868,0.591,0.48125,3.64878881665588e-241,4
"ODC1",6.477744108083,6.477744108083,0.665,0.665,8.46445820724451e-233,1
"ODF2",1.94944833280708,1.94944833280708,0.306,0.306,2.56551735761812e-10,1
"ODF2L",1.47793677542861,1.05985658781196,0.535,0.464666666666667,1.38706381083471e-148,3
"ODF3B",0.705166578956664,0.705166578956664,0.833,0.833,8.88935364045734e-29,1
"ODR4",0.84756588705721,0.800722664644291,0.455,0.377,3.9728887316145e-114,3
"OFD1",2.17063918669012,1.35221784899044,0.512,0.472666666666667,1.81249219417313e-154,3
"OGA",1.55663441617651,1.55663441617651,0.37,0.37,1,1
"OGDH",0.97291717775092,0.68430297395122,0.806,0.531,1.83923650529258e-183,3
"OGFOD1",0.716737955783423,0.716737955783423,0.333,0.333,1.04280715960735e-18,1
"OGFOD2",1.7522083852646,1.7522083852646,0.379,0.379,3.62861644787102e-54,1
"OGFOD3",1.84613604904722,1.70526234123881,0.439,0.3725,3.18011853502226e-32,2
"OGFR",0.879967086319761,0.731427349296735,0.889,0.575666666666667,3.5141356315913e-221,3
"OGFRL1",1.16792651960867,0.672143072291903,0.972,0.60525,1.86961984417192e-190,4
"OGG1",0.314184345130237,0.314184345130237,0.278,0.278,0.035715770996327,1
"OGT",1.1780489384079,0.851975088762169,0.518,0.360666666666667,2.68983474852522e-10,3
"OLA1",1.80251350450103,1.28488630824929,0.556,0.4518,5.98435123593097e-126,5
"OLFM4",4.27626025699826,4.18901898158487,0.598,0.596,4.09265799019206e-266,2
"OLIG1",2.35762086516116,2.35762086516116,0.345,0.345,2.64464999292494e-293,1
"OLR1",6.70702615781478,6.70702615781478,0.435,0.435,0,1
"OPA1",2.82360209025901,1.62289354833326,0.583,0.466333333333333,1.29174956297191e-167,3
"OPN3",1.30932050264594,1.30932050264594,0.361,0.361,1.43096213648015e-07,1
"OPTN",2.42900632543359,1.81081594148983,0.802,0.604,1.1058663119767e-113,3
"ORAI1",0.978510494394048,0.68402131588664,0.616,0.4805,4.93758333109145e-25,2
"ORAI2",0.472392607424808,0.467389195195515,0.53,0.516,1.84967125153875e-06,2
"ORAOV1",1.58754758194522,1.58754758194522,0.306,0.306,1.81011782504929e-10,1
"ORC3",0.962529072304907,0.962529072304907,0.424,0.424,6.83515663062155e-24,1
"ORM1",3.92178524898264,3.92178524898264,0.432,0.432,1.78803115629489e-238,1
"ORMDL1",0.9966759667007,0.801430949924959,0.756,0.6955,7.77019896891189e-103,4
"ORMDL2",1.28007269556289,0.936141452607894,0.621,0.49225,6.19988599545101e-87,4
"ORMDL3",1.80712768571446,1.4316131465947,0.561,0.436666666666667,1.73904154996368e-87,3
"OS9",0.778845071824695,0.720132177673722,0.917,0.61,4.13386881626248e-233,3
"OSBP",1.04900175616098,0.743289490438105,0.576,0.402,6.45617881008815e-76,3
"OSBP2",5.15048831512802,5.15048831512802,0.702,0.702,0,1
"OSBPL10",5.83154569867278,3.53360823894775,0.424,0.3745,1.11412345010097e-280,2
"OSBPL11",1.0278979623487,0.728386718323762,0.754,0.4535,1.501820277618e-232,2
"OSBPL1A",0.461514013020406,0.461514013020406,0.361,0.361,1.09326659746339e-10,1
"OSBPL3",2.11930800178112,2.11930800178112,0.394,0.394,1.27622348642951e-47,1
"OSBPL8",1.64042146526132,1.05717869946017,0.538,0.4105,2.08379133674361e-53,2
"OSCAR",1.32355102805443,0.98914881754869,0.607,0.4295,5.1167342813458e-289,2
"OST4",4.4904229381629,2.48689895037912,0.955,0.9485,1.29392188187479e-209,2
"OSTC",3.30987535768152,1.52592763004135,0.939,0.59,7.21969941068824e-111,6
"OSTF1",1.01372943227063,0.62736893664131,0.382,0.283,1,3
"OTUB1",0.618297206128052,0.518481526532783,0.806,0.601666666666667,7.57114376491156e-134,3
"OTUD4",1.22235961681049,1.20891469141677,0.444,0.383,1.51491391352862e-113,2
"OTUD6B",1.41045221839139,1.41045221839139,0.417,0.417,7.96647756647006e-13,1
"OTUD6B-AS1",1.3991409805339,0.918225396517804,0.561,0.39525,4.33005577030939e-51,4
"OTULIN",0.947427870041487,0.947427870041487,0.43,0.43,6.18183493466184e-10,1
"OTULINL",2.18347113811574,1.62632123129704,0.806,0.571666666666667,1.08710252185741e-318,3
"OXA1L",1.04863554180494,0.875628571128405,0.778,0.71,1.34998671285962e-208,2
"OXCT1",2.59839103469841,2.3460013968642,0.439,0.365,8.55026137103745e-55,2
"OXLD1",1.58360111025612,1.05094915140022,0.379,0.316333333333333,9.57717264781282e-55,3
"OXNAD1",4.93111874426968,3.05223371746471,0.631,0.455,0,2
"OXR1",1.08454124900305,0.790325818948926,0.778,0.553,1.16478554180207e-184,3
"OXSM",2.13384683670694,2.13384683670694,0.273,0.273,3.15144936296931e-42,1
"OXSR1",0.547286062003673,0.422935149685153,0.667,0.561,6.61835127114641e-130,2
"P2RX1",2.24925739930028,2.24925739930028,0.294,0.294,1.93473162021622e-18,1
"P2RX4",1.59486957236035,1.54689294421055,0.694,0.5935,5.6812472304175e-285,2
"P2RX5",5.40724758378669,3.00140605726169,0.667,0.6605,0,2
"P2RX7",3.89111548360714,3.30504997984574,0.556,0.5035,0,2
"P2RY10",4.39310336450966,4.39310336450966,0.301,0.301,1.48839665707376e-188,1
"P2RY13",1.74363413994685,1.48667070801655,0.548,0.418,2.75069729108315e-35,2
"P2RY8",1.26698674381236,0.932119506099948,0.453,0.3625,4.10558711964617e-21,2
"P3H1",1.11108453888975,1.11108453888975,0.258,0.258,7.77284725855508e-14,1
"P4HA1",1.57853924977231,1.36167833057134,0.472,0.3915,6.50247746090593e-125,2
"P4HB",2.28219238027048,1.49274047039065,0.955,0.729,8.69328975515316e-267,5
"PA2G4",1.76915359382668,1.08212025805362,0.894,0.687285714285714,4.81539192248509e-138,7
"PAAF1",1.49558393701028,1.49558393701028,0.258,0.258,1.09338520862296e-12,1
"PABPC1",1.41363014226793,0.887862083902548,1,0.9478,7.47582506764135e-250,5
"PABPC4",2.46510565375304,1.41408898414458,0.955,0.574166666666667,7.70421740834611e-101,6
"PABPN1",0.714219502104724,0.563872398912572,0.972,0.503666666666667,6.38442391733499e-33,3
"PADI4",3.22529305880537,3.22529305880537,0.814,0.814,1.14265248394755e-187,1
"PAFAH1B1",0.477335307744914,0.392715462686265,0.733,0.321333333333333,2.37239242041939e-29,3
"PAFAH1B2",0.709068666322926,0.709068666322926,0.133,0.133,1.78083864110026e-12,1
"PAFAH1B3",1.61606186443879,1.61606186443879,0.424,0.424,1.18473638168705e-31,1
"PAG1",1.69586032846962,1.24286397257121,0.734,0.467,5.04212444372025e-64,2
"PAICS",2.2819059019041,1.77869454441605,0.591,0.462,8.9348128372831e-63,2
"PAIP1",1.39800915683644,1.29056311813261,0.545,0.477333333333333,5.57924493885015e-117,3
"PAIP2",0.502731775955176,0.502731775955176,0.227,0.227,1.6490019019065e-20,1
"PAK1",0.453471747233738,0.453471747233738,0.312,0.312,0.0649832776186809,1
"PAK1IP1",1.92332733620732,1.30847810111406,0.472,0.4025,3.47387184039728e-15,2
"PAK2",1.126290496284,0.792948204690235,0.441,0.347,6.32864558471569e-12,2
"PANK3",1.94929266651802,1.50570111458463,0.778,0.525333333333333,1.49071824792987e-227,3
"PAOX",2.96237713122704,2.96237713122704,0.409,0.409,1.84356659462689e-92,1
"PAPOLA",0.714510408855064,0.648018744017149,0.297,0.2455,2.0020745119726e-17,2
"PAPSS1",0.284918871982075,0.284918871982075,0.694,0.694,6.65111646340976e-15,1
"PAPSS2",1.51797217461701,1.51797217461701,0.278,0.278,3.54769085414344e-16,1
"PARG",0.955250780022491,0.955250780022491,0.361,0.361,0.000137686432569479,1
"PARK7",2.93834996366167,0.904047734064944,1,0.781285714285714,2.46005575388016e-114,7
"PARL",1.16297474994416,1.0416381175463,0.528,0.468666666666667,2.61456352158249e-113,3
"PARM1",6.13988982693086,6.13988982693086,0.364,0.364,4.41307934090258e-299,1
"PARN",0.799235960501494,0.687253292566683,0.394,0.3635,3.13343424006491e-16,2
"PARP1",2.90672815305555,1.52929988829695,0.955,0.6812,7.82123602243969e-246,5
"PARP14",0.916861334872281,0.916861334872281,0.444,0.444,0.00020647231223967,1
"PARP15",3.72428181447828,2.67308426969476,0.328,0.315,3.30106723137705e-203,2
"PARP2",1.84920023107877,1.84920023107877,0.273,0.273,1.31151415681005e-39,1
"PARP4",0.751784995778182,0.478417382631517,0.889,0.554333333333333,2.43939126301461e-147,3
"PARP8",1.27698084064102,1.27698084064102,0.332,0.332,0.00098635369823453,1
"PARP9",1.44859979459705,1.1832530342208,0.394,0.3225,7.06889388492538e-17,2
"PARVB",5.71602004302937,5.71602004302937,0.426,0.426,3.13741492310806e-100,1
"PARVG",0.60330851513925,0.479613721501422,0.917,0.577,1.57672671175445e-187,3
"PAWR",3.37451863851812,3.37451863851812,0.295,0.295,8.3735385475188e-205,1
"PAX5",6.44710926189027,6.44710926189027,0.598,0.598,0,1
"PAXBP1",2.53748074466232,2.33664130280442,0.462,0.369,1.2137861180928e-44,2
"PAXX",2.93439483751571,1.28275162471552,0.767,0.47375,5.00846554756668e-66,4
"PBDC1",1.78783838187303,1.31013151268056,0.611,0.4066,4.31595924385394e-40,5
"PBRM1",0.952107485247855,0.812469706051259,0.889,0.639666666666667,4.86985215010876e-246,3
"PBX1",4.7159687101034,4.7159687101034,0.281,0.281,3.00895384370258e-69,1
"PBX2",1.27280659113927,1.27280659113927,0.157,0.157,1,1
"PBX3",1.33221967672142,1.33221967672142,0.389,0.389,2.48674576960051e-13,1
"PBXIP1",1.07643181606112,1.07643181606112,0.505,0.505,5.37943072171801e-128,1
"PCBD1",2.50804514131753,2.18882139746758,0.364,0.3155,1.91186969733922e-27,2
"PCBD2",0.964534319042817,0.743989768025553,0.333,0.2915,5.00052109762864e-18,2
"PCBP1",0.778869608162,0.701172874300342,1,0.769333333333333,4.97359407100725e-127,3
"PCBP2",0.566615017531271,0.478287215602554,1,0.76425,2.39822773676653e-103,4
"PCCA",2.38897290243069,2.38897290243069,0.306,0.306,1.10319458741396e-20,1
"PCCB",1.68246935143775,1.68246935143775,0.273,0.273,5.17519993655834e-21,1
"PCED1B",3.87683115745624,3.87683115745624,0.497,0.497,0,1
"PCF11",0.782172645402569,0.600464430315492,0.155,0.1215,4.57303839070871e-21,2
"PCGF3",0.550043106976903,0.545923594955589,0.444,0.3605,7.23346343321247e-102,2
"PCGF5",0.591964446975543,0.58139920657762,0.449,0.444,1.46494667529554e-55,2
"PCID2",2.03622434473035,1.59181469011905,0.417,0.35975,1.80241816018184e-42,4
"PCIF1",0.621226139823611,0.621226139823611,0.5,0.5,4.19721020025758e-12,1
"PCK2",1.8658383964474,1.8658383964474,0.306,0.306,4.45880088643605e-09,1
"PCLAF",5.21919118584282,3.71408669191842,0.365,0.319,6.20485220298874e-207,2
"PCM1",1.06333730772549,0.50877215811081,0.889,0.6285,1.18875769771342e-95,6
"PCMT1",1.31815035755339,0.932825234443384,0.379,0.354,5.59333760151026e-08,2
"PCMTD1",0.700282451945217,0.406949336403727,0.312,0.193,2.33014070725643e-20,3
"PCMTD2",1.66702880569981,1.04379629029257,0.611,0.4635,2.83490104686388e-11,2
"PCNA",4.70730188127333,2.12798160222858,0.442,0.393333333333333,2.22425689465687e-91,3
"PCNT",3.61231856643276,2.00661969487817,0.314,0.285,6.29419631033813e-17,3
"PCNX1",1.57435855573976,1.39862514954095,0.363,0.341,3.2100851332406e-11,2
"PCNX4",1.04231805665398,0.641364298544197,0.5,0.430666666666667,1.51743130274634e-97,3
"PCSK7",1.71882864160222,0.961462155778205,0.86,0.639,6.31005379040537e-100,4
"PDAP1",1.10291832748683,0.737854701472381,0.803,0.55775,2.19215448616876e-39,4
"PDCD1",6.04211213279271,6.04211213279271,0.267,0.267,7.41157882060118e-164,1
"PDCD10",2.40132968392909,2.40132968392909,0.335,0.335,0.094242799279918,1
"PDCD11",1.67520091720916,1.58251429424503,0.5,0.485,2.89437092713799e-24,2
"PDCD2",1.43675695518732,1.03049819773981,0.742,0.508,3.91785588562619e-72,6
"PDCD2L",2.0036917257506,2.0036917257506,0.273,0.273,6.19193421476821e-37,1
"PDCD4",0.841615339956344,0.484419185310128,0.679,0.504,3.39437710682284e-81,4
"PDCD5",2.09796240887642,1.35352779291087,0.894,0.581666666666667,8.01004669148276e-94,6
"PDCD6",1.00200267737681,0.780024135318286,0.944,0.6705,8.05624968527687e-67,4
"PDCD6IP",0.728034291183309,0.649119086955947,0.917,0.834,2.1708705052516e-176,2
"PDCD7",1.82401985860085,1.05331850284407,0.697,0.4775,1.00990561467415e-54,6
"PDCL",0.673337267750288,0.673337267750288,0.333,0.333,0.000257480710045583,1
"PDCL3",2.24343029760907,1.63324853346474,0.667,0.3815,3.96915885592329e-56,4
"PDE12",1.12370031659005,1.03673309792175,0.528,0.418,1.39495939381549e-102,2
"PDE3B",1.2833612494389,1.2833612494389,0.508,0.508,2.30612320488411e-189,1
"PDE4A",3.15097174157197,3.15097174157197,0.389,0.389,4.35488734130979e-29,1
"PDE4B",0.805815036161837,0.793214657595541,0.386,0.3515,1.34019041583311e-66,2
"PDE4D",2.91907662815033,2.91907662815033,0.289,0.289,1.05190860632519e-33,1
"PDE4DIP",0.48267622899111,0.432177352209883,0.389,0.3275,5.95497531019342e-64,2
"PDE6D",0.780150213376705,0.546108610275594,0.278,0.2755,7.16453701376915e-11,2
"PDE8A",1.50908195124209,1.50908195124209,0.25,0.25,2.95914772067515e-05,1
"PDGFC",1.89029475957038,1.89029475957038,0.278,0.278,2.30071462783573e-32,1
"PDHA1",1.46253669394886,0.961441327539734,0.697,0.50425,3.50540967556294e-68,4
"PDHB",1.39523844200876,1.18431382944334,0.694,0.497,5.64129851919423e-107,5
"PDHX",2.08702863540159,2.08702863540159,0.5,0.5,9.50172941939614e-23,1
"PDIA3",1.64124476845518,1.06874684473636,0.924,0.626428571428571,7.92805765600118e-172,7
"PDIA4",4.94239515199092,2.11654884896858,0.97,0.55825,8.49727748999812e-133,4
"PDIA5",4.63185541030149,4.63185541030149,0.576,0.576,4.13213225679579e-197,1
"PDIA6",3.63045592184654,1.48753343079426,0.97,0.6655,3.97866656713874e-171,6
"PDIK1L",1.75305007602609,1.75305007602609,0.288,0.288,9.63599461132295e-26,1
"PDK1",1.20905130392622,1.20905130392622,0.727,0.727,6.91338456006407e-54,1
"PDK2",1.16232160560496,1.16232160560496,0.303,0.303,9.56041544153377e-27,1
"PDK4",4.6214934665197,4.32671423827899,0.806,0.6035,0,2
"PDLIM1",5.48970909504094,2.90919439473126,0.508,0.4615,3.54219317605123e-160,2
"PDLIM2",1.218564390815,0.818398620652414,0.667,0.614,3.00851353922241e-167,3
"PDLIM5",0.956907883086335,0.788030743838259,0.778,0.6435,5.05406405265565e-194,2
"PDP1",2.14518732789118,1.08886272693818,0.389,0.342666666666667,5.45645156321434e-219,3
"PDPK1",0.334424005849451,0.334424005849451,0.543,0.543,2.50897374051046e-162,1
"PDPR",1.05494641850723,0.854435010525827,0.472,0.3905,2.6772963852743e-108,2
"PDRG1",0.51888930934692,0.51888930934692,0.288,0.288,4.762322448124e-13,1
"PDS5A",0.918984399810769,0.669798790597718,0.694,0.47725,9.15467464737817e-149,4
"PDS5B",1.27524634999364,1.27524634999364,0.341,0.341,4.62647320166723e-07,1
"PDXDC1",1.03982465442713,0.678982642899422,0.727,0.498,8.5173809417815e-80,4
"PDXK",1.62601648239968,0.931056612981025,0.848,0.55125,3.70778490217377e-214,4
"PDZD11",1.18902527694562,1.18902527694562,0.348,0.348,7.97385885072868e-29,1
"PDZD8",2.23625066947811,1.9784870448624,0.502,0.4455,3.14452725000289e-57,2
"PDZK1IP1",3.91127833292786,3.91127833292786,0.316,0.316,1.73021569771948e-134,1
"PEA15",2.39730086123506,2.39730086123506,0.556,0.556,3.66200811757803e-36,1
"PEBP1",3.09788031829195,2.05151278579845,0.955,0.71475,5.58805159337239e-238,4
"PECAM1",1.19578605448942,0.719014841908372,0.903,0.443,3.32650840570927e-230,3
"PEF1",1.15414693045917,0.848131419765446,0.444,0.3965,1.29926800067015e-10,2
"PELI1",1.50757693290394,1.48136550028981,0.334,0.302,1.58578118639905e-17,2
"PELO",0.38859855116022,0.38859855116022,0.25,0.25,8.22606087321219e-05,1
"PELP1",1.10077896439415,0.977548850324718,0.333,0.3255,9.12455877512424e-12,2
"PEMT",2.79399941562238,2.79399941562238,0.25,0.25,1.11894589256828e-16,1
"PEPD",2.83241991846035,1.46765474935197,0.778,0.5495,0,4
"PER1",1.13971608147569,0.765667977241172,0.385,0.373,8.00136543082828e-239,2
"PERP",3.74508659443505,3.74508659443505,0.333,0.333,2.20156536919135e-157,1
"PES1",2.44084499117187,2.189325877225,0.556,0.403,8.38726660969115e-111,2
"PET100",1.0395859848189,0.543847906387722,0.972,0.699714285714286,3.8427306709423e-120,7
"PET117",1.66358185741258,1.42547540827156,0.273,0.2615,3.40899664253597e-12,2
"PEX1",1.02540400902125,1.02540400902125,0.333,0.333,4.32597855742297e-17,1
"PEX11B",0.831833420567188,0.831833420567188,0.25,0.25,0.00123131907222706,1
"PEX16",1.30200925626207,1.30200925626207,0.326,0.326,5.44381810500269e-08,1
"PEX2",0.92104122698098,0.585731956403879,0.5,0.363333333333333,1.99491922470853e-80,3
"PEX26",1.09289412909996,0.842135770081763,0.417,0.347666666666667,2.88437010313182e-111,3
"PF4",8.94856599370144,8.94856599370144,0.959,0.959,0,1
"PFDN1",1.69461925352997,1.10708877689962,0.667,0.481166666666667,5.06901821435156e-60,6
"PFDN2",1.360586651905,0.953684913173336,0.889,0.6135,8.5232218507866e-103,6
"PFDN4",1.99826363313024,1.39351524524063,0.606,0.4604,3.77766419459501e-84,5
"PFDN5",1.17078752789515,1.06667678680875,1,0.97675,1.90242464744535e-147,4
"PFDN6",1.44789293798468,1.02236824315011,0.53,0.448666666666667,2.20815286697359e-18,3
"PFKFB2",3.40257556504726,3.40257556504726,0.362,0.362,9.81009179128171e-136,1
"PFKL",0.836919762793161,0.787473937255184,0.556,0.5045,4.45941278542521e-124,2
"PFKP",1.86401257139521,1.25935591324662,0.314,0.282,1.0316757669368e-17,2
"PFN1",1.99271790903239,1.12438078861231,1,0.9022,1.36431304637528e-130,5
"PGAM1",1.43429322768363,0.715281601723005,1,0.5716,1.42437665860546e-299,5
"PGAM5",1.9877792757326,1.9877792757326,0.25,0.25,1.87367138419992e-08,1
"PGD",1.97014685534785,1.36204584045868,0.718,0.538,2.5191680533871e-72,3
"PGK1",1.06623346351084,0.877869504583073,1,0.7725,2.59733243656384e-196,4
"PGLS",1.42851497911964,1.21394522162766,0.972,0.731666666666667,1.46958388779224e-289,3
"PGLYRP1",4.96749004623639,3.2275151061635,0.94,0.731,0,2
"PGM1",0.483728026703455,0.483728026703455,0.299,0.299,1.7884192259186e-95,1
"PGM3",2.5227026618041,1.8651995436829,0.606,0.442,2.52233708789326e-101,2
"PGP",1.39429435523302,0.951307276451916,0.652,0.5168,1.67409991629076e-137,5
"PGPEP1",0.672032905539923,0.672032905539923,0.318,0.318,1.4905327186256e-94,1
"PGRMC1",6.55884888546771,6.55884888546771,0.637,0.637,2.85435439828587e-265,1
"PGRMC2",1.77079645838878,1.07451047703721,0.697,0.4205,1.12532603471133e-48,4
"PHACTR2",2.07205554584041,0.974688018994535,0.722,0.534,4.85941165691503e-193,5
"PHACTR4",1.23008735683252,0.850583294581767,0.778,0.5056,4.40434565379415e-137,5
"PHAX",1.59071599151547,1.10141401860875,0.667,0.4474,1.52914315774818e-39,5
"PHB",1.7794805114175,1.38057215303017,0.742,0.534666666666667,1.56920510396038e-63,6
"PHB2",1.24204419259418,0.972393041746546,0.833,0.6475,2.54039021264439e-151,6
"PHC2",1.97744137020968,1.20346022844912,0.313,0.225,1.82347876672387e-19,2
"PHC3",1.40731592236587,1.10910262189724,0.357,0.262666666666667,1.86255991589927e-15,3
"PHF1",1.45007539961567,1.45007539961567,0.297,0.297,2.67623498017578e-72,1
"PHF10",0.874802619331126,0.874526649692412,0.361,0.3165,6.2033910671184e-61,2
"PHF11",0.614021061915308,0.548104938272936,0.628,0.3765,1.59291834556315e-25,2
"PHF14",1.58404291260831,1.10733381993171,0.694,0.4768,1.36134284151493e-75,5
"PHF19",2.45825403631462,1.93528088213911,0.288,0.281666666666667,2.34076934118697e-16,3
"PHF20",0.531781700133959,0.413332814273552,0.547,0.317,1.20022351085242e-41,2
"PHF20L1",0.944739219820402,0.598278353636531,0.351,0.302,1,2
"PHF21A",1.45156519894177,1.45156519894177,0.306,0.306,5.09559853568652e-11,1
"PHF23",0.760280942357123,0.62148815248381,0.694,0.4805,1.17742785056088e-20,2
"PHF3",0.747169537116566,0.529258953791398,0.182,0.14,1.28668025540153e-28,2
"PHF5A",1.0473260581171,0.854779460212379,0.349,0.3205,7.73991513682012e-29,2
"PHF6",1.10522042661047,0.809422877424388,0.561,0.402,1.51030494011934e-55,4
"PHF8",0.465164525843448,0.465164525843448,0.25,0.25,1.73890287385012e-78,1
"PHGDH",2.60073868862645,2.60073868862645,0.273,0.273,1.72442605126278e-76,1
"PHIP",1.03571368459271,0.713855101777091,0.462,0.284333333333333,6.0930585806615e-14,3
"PHKB",0.895800885762583,0.551798593368958,0.4,0.258333333333333,9.43161307340557e-30,3
"PHKG2",0.940058994558344,0.940058994558344,0.256,0.256,5.38890145795643e-07,1
"PHLPP2",6.0202242385052,6.0202242385052,0.263,0.263,5.14917146205168e-45,1
"PHPT1",2.39315843871452,1.62278568668098,0.909,0.6614,2.24430158241035e-164,5
"PHRF1",0.839706577622411,0.833351224364645,0.455,0.422,7.47702092111363e-22,2
"PHYKPL",0.563995704496977,0.470243018225673,0.326,0.288,3.74545194260756e-12,2
"PI4K2B",1.71944369813104,1.71944369813104,0.258,0.258,2.96152184005866e-17,1
"PI4KA",1.08525655438689,0.928659275991344,0.556,0.468,1.24460141322499e-139,2
"PI4KB",0.41777707992806,0.338348593877632,0.417,0.3675,4.29334772618547e-78,2
"PIAS1",0.801417831993495,0.574636678819691,0.414,0.2955,6.91763684365973e-10,4
"PIAS4",0.264220876272127,0.264220876272127,0.389,0.389,2.14305779492004e-05,1
"PICALM",1.44193324111455,1.44193324111455,0.393,0.393,7.36643558080387e-23,1
"PICK1",1.25195633943845,1.25195633943845,0.333,0.333,3.97674314210925e-10,1
"PID1",6.69330870230523,6.69330870230523,0.528,0.528,9.5809839824953e-257,1
"PIEZO1",2.42790772780618,2.12592518224368,0.556,0.492333333333333,2.70249002892535e-185,3
"PIGBOS1",0.544120104878151,0.442285351700204,0.556,0.5165,1.89387118824421e-103,2
"PIGF",0.700790712385609,0.565913591178169,0.439,0.3445,1.02675243974954e-20,2
"PIGH",0.899706362801202,0.899706362801202,0.348,0.348,1.76167532743221e-20,1
"PIGK",0.892418217409482,0.892418217409482,0.394,0.394,3.75490118906809e-29,1
"PIGP",1.42293391944317,1.09827584286142,0.545,0.4115,2.85962817892305e-38,2
"PIGQ",4.50007987244514,4.50007987244514,0.333,0.333,2.37187437841027e-35,1
"PIGS",0.922467140156494,0.625236266573194,0.38,0.3565,2.65944366257226e-134,2
"PIGT",0.99899474063152,0.742906684259806,0.722,0.49675,6.71533478001311e-157,4
"PIH1D1",0.948529554404665,0.714891924085568,0.639,0.4448,4.02757215511685e-79,5
"PIK3AP1",1.74150376021078,1.02228411499668,0.354,0.2495,1.34178365279543e-16,2
"PIK3C2A",0.968717602371363,0.745551405542296,0.697,0.499,6.95929547344868e-164,3
"PIK3CB",1.33066388735811,1.33066388735811,0.305,0.305,7.77609777201514e-11,1
"PIK3CD",0.817353837487276,0.549286432117671,0.319,0.2275,3.56911222906985e-05,2
"PIK3IP1",3.23356988049636,1.64530039427593,0.798,0.522,0,3
"PIK3R1",1.4519711856971,1.10933468731203,0.744,0.6655,1.32656968481574e-73,2
"PIK3R4",0.603323220317528,0.603323220317528,0.25,0.25,0.000470044266254176,1
"PIK3R5",0.256894384177551,0.254509523660397,0.694,0.5215,3.76685448227377e-17,2
"PIKFYVE",0.844396721961009,0.844396721961009,0.257,0.257,1,1
"PILRA",0.778566778804893,0.668972211175007,0.917,0.8025,1.26828627550031e-318,2
"PILRB",2.28027053376567,1.40838535307812,0.326,0.291,1.18213977365941e-21,2
"PIM1",3.35103351162612,2.35335948477919,0.807,0.774,5.53325558720631e-220,2
"PIM2",1.86472468065991,1.38752163699627,0.788,0.511333333333333,1.78372089446493e-159,3
"PIM3",0.263364734690969,0.263364734690969,0.722,0.722,1.03480263784983e-09,1
"PIN1",1.87865314155096,0.97111038169671,0.778,0.5508,1.16923215278067e-85,5
"PIN4",1.45231675787506,0.91883390698824,0.667,0.4795,4.61221017926862e-86,6
"PINK1",1.02438255333545,1.02438255333545,0.526,0.526,2.5883533315865e-18,1
"PIP4K2A",2.89201584468508,1.41231224548459,0.861,0.69575,5.44070811122005e-35,4
"PIP4P2",1.46245297162839,0.92202769858682,0.721,0.45275,4.44769420577253e-61,4
"PIP5K1A",0.408099328856935,0.408099328856935,0.278,0.278,0.0829202676558039,1
"PIP5K1B",0.786065986248186,0.786065986248186,0.318,0.318,2.15853950334674e-27,1
"PIP5K1C",1.54026269654907,1.54026269654907,0.556,0.556,6.34160413889073e-28,1
"PITHD1",2.30229355941172,1.3591765537792,0.509,0.361,2.6412671773353e-54,4
"PITPNA",0.399086622843466,0.399086622843466,0.611,0.611,3.06790269875997e-12,1
"PITPNA-AS1",1.8623834752239,1.8623834752239,0.439,0.439,4.30063209432394e-48,1
"PITPNB",0.795132994951707,0.596446524864853,0.667,0.466666666666667,1.12259798635835e-19,3
"PITPNC1",2.24170166587857,1.74784674917364,0.453,0.334666666666667,3.96915489961889e-93,3
"PITPNM1",0.836093587369819,0.646614978782978,0.361,0.3095,2.10975002032506e-80,2
"PJA2",0.705056799199454,0.584098654808367,0.498,0.3365,3.00802943129499e-20,2
"PKD1",1.12683637630255,1.12683637630255,0.258,0.258,3.04836392711077e-09,1
"PKHD1L1",2.8163198188094,2.8163198188094,0.682,0.682,1.84647182317813e-276,1
"PKIG",3.21911875946608,3.21911875946608,0.336,0.336,2.37150006194323e-257,1
"PKM",2.58020337425087,1.24817673556384,1,0.7014,3.32246017528625e-304,5
"PKN1",0.514492850987036,0.43898913267556,0.833,0.671,1.47523206166475e-144,3
"PLA2G15",2.06260660568763,2.06260660568763,0.278,0.278,4.55924327688007e-14,1
"PLA2G16",3.54248293991934,2.75888343497984,0.47,0.4465,1.27182111607594e-302,4
"PLA2G4A",2.02749040207686,2.02749040207686,0.278,0.278,6.8544942367986e-17,1
"PLAA",0.546082118314804,0.455930176695323,0.333,0.3005,8.05484380762332e-102,2
"PLAC8",2.47524234598455,1.45856116922815,0.833,0.745,7.63024749971085e-138,4
"PLAGL2",1.55031514752619,1.12096110212552,0.556,0.4395,1.31957534451201e-126,2
"PLBD1",3.00707388884768,2.56072965789144,0.946,0.8515,0,2
"PLBD2",2.68744330802248,2.68744330802248,0.444,0.444,6.94508836103148e-30,1
"PLCB1",2.05583626860496,1.64270146462562,0.417,0.399,1.17758422723272e-257,2
"PLCB3",3.20546585887784,3.20546585887784,0.417,0.417,6.41424564069144e-62,1
"PLCG2",1.27762081223007,0.660346813539971,0.916,0.78575,1.4019058780061e-35,4
"PLCL2",0.484890410107076,0.484890410107076,0.351,0.351,1,1
"PLD3",3.41070152551786,2.94970541214072,0.917,0.854,0,2
"PLD6",1.28703756623313,1.28703756623313,0.273,0.273,1.84975908740162e-30,1
"PLEC",1.59961582305405,1.14856943611608,0.816,0.769,0,2
"PLEK",1.55548650984993,1.3048070780537,0.475,0.4465,1.29531015200199e-09,2
"PLEKHA1",2.50869114029,2.36225031503382,0.384,0.3435,6.6491687716482e-84,2
"PLEKHA2",1.33431816444766,0.955161075214579,0.514,0.472,8.39283813536184e-50,3
"PLEKHA3",1.52964893694052,0.931899076487849,0.611,0.438,1.40279923937968e-06,2
"PLEKHA8",1.44106775836279,1.44106775836279,0.273,0.273,4.56341669176386e-16,1
"PLEKHB2",1.28464809140123,1.21411610455976,0.778,0.747,6.17027407973427e-303,2
"PLEKHF1",5.3080443567362,5.3080443567362,0.5,0.5,4.8951476424213e-231,1
"PLEKHF2",1.43705243019138,0.899034557714716,0.778,0.6155,5.7542696325512e-108,2
"PLEKHJ1",1.03586189484382,0.782402989404537,0.697,0.445,8.71515716818749e-25,5
"PLEKHM2",1.16812958831269,0.927114642900295,0.417,0.381,7.15017279496195e-125,2
"PLEKHO1",3.20833247566455,1.56651579138028,1,0.752,2.69339255022408e-196,3
"PLEKHO2",0.357589271143556,0.357589271143556,0.75,0.75,2.56086268194682e-17,1
"PLGRKT",1.62730273829481,1.62730273829481,0.314,0.314,2.25030922234087e-15,1
"PLIN2",2.73588796775726,2.18741913733585,0.806,0.552666666666667,1.02655716442241e-252,3
"PLIN3",0.350129783266346,0.33207643099298,0.806,0.5315,5.0325509592745e-12,2
"PLOD3",2.19993440365936,2.19903835201908,0.389,0.3765,5.4178926744328e-27,2
"PLP2",1.12610330330796,0.832650167186291,0.861,0.699,1.02027191598797e-202,3
"PLPBP",1.2805869504812,1.18430420239553,0.667,0.5475,3.17629801947345e-151,2
"PLPP5",3.28854820100716,2.49622653259068,0.879,0.7055,6.34143137750157e-318,2
"PLRG1",1.42912607122498,1.0061440397109,0.361,0.323666666666667,2.45759775850377e-58,3
"PLSCR1",1.20630453587844,0.80259684587161,0.591,0.5145,8.8125781922808e-27,2
"PLXDC2",1.35844275991824,0.927355237857545,0.914,0.6215,1.15013017302418e-250,2
"PLXNB2",3.49597956249763,3.11031877031056,0.778,0.723,0,2
"PLXNC1",1.91588723367086,1.91588723367086,0.51,0.51,1.01633957107671e-93,1
"PLXND1",3.13143502592199,3.04711335769781,0.528,0.398,1.33649390642593e-222,2
"PMEPA1",0.844359814642143,0.844359814642143,0.258,0.258,2.51648055496226e-15,1
"PMF1",0.923060315456937,0.641727426623682,0.652,0.52775,5.63997964685368e-109,4
"PML",0.827269948714408,0.827269948714408,0.722,0.722,1.36876199834867e-15,1
"PMM1",0.688846426101455,0.688846426101455,0.273,0.273,2.23257330476829e-16,1
"PMM2",2.58978187428533,1.63612509816067,0.803,0.467666666666667,2.14395878105983e-88,3
"PMPCA",0.783868063540581,0.676535723846617,0.439,0.3725,1.15407500598839e-19,2
"PMPCB",0.93283145366876,0.712190111214899,0.636,0.4476,1.72583576486482e-109,5
"PMS1",2.0953425495587,1.47960298014207,0.318,0.2925,6.11932088318879e-17,2
"PMVK",2.12165797637077,1.90960355228943,0.652,0.521666666666667,4.93574207931906e-52,3
"PNISR",0.77403123232877,0.638994837639929,0.861,0.57,5.71657546382967e-75,2
"PNKD",1.2013382771103,1.06398333624466,0.778,0.5215,2.93994879472906e-146,4
"PNKP",0.417982087969994,0.404585898832321,0.652,0.429333333333333,1.91744129531236e-18,3
"PNN",1.23080203538255,0.787012455312801,0.837,0.6415,1.9709464256258e-120,4
"PNO1",2.19190764431859,1.76734698597843,0.528,0.461,3.68086176648308e-27,2
"PNOC",2.5242394246306,2.5242394246306,0.439,0.439,1.11360727747259e-69,1
"PNP",2.57939294565609,1.43692065535086,0.5,0.442666666666667,4.38273065940633e-120,3
"PNPLA2",1.29456072187061,0.805232252508663,0.564,0.408,2.29568538015821e-155,2
"PNPLA4",2.55004923054313,2.55004923054313,0.455,0.455,9.34437799912527e-70,1
"PNPLA6",1.11632597436213,0.997794433516831,0.611,0.4845,6.86909459924297e-156,2
"PNPLA8",0.801269738068728,0.502964572653164,0.778,0.558,2.48124455899119e-184,3
"PNPO",2.41909687342285,2.41909687342285,0.417,0.417,5.81681925928325e-24,1
"PNPT1",0.93507743382608,0.864642720513761,0.611,0.454,9.98333813630638e-142,3
"PNRC1",1.60479686909887,1.60479686909887,0.668,0.668,4.08000269535187e-112,1
"PNRC2",0.931378967192372,0.489422729692469,0.778,0.611,9.73855710532308e-113,5
"POC1B",0.620763121062525,0.620763121062525,0.389,0.389,2.44979896906604e-08,1
"POGK",0.734254123145495,0.717730193848866,0.528,0.4415,4.65764977458869e-101,2
"POGLUT1",2.01869214886033,1.86732327492384,0.5,0.382,3.93102638051218e-96,2
"POLA2",1.21475669369778,1.21475669369778,0.25,0.25,3.50304125657742e-10,1
"POLD2",1.95094860843212,1.95094860843212,0.455,0.455,5.9009445775976e-33,1
"POLD3",0.749378892468898,0.575059189103648,0.361,0.3335,2.4860705281931e-149,2
"POLDIP2",0.85915819600868,0.841726115113635,0.409,0.349333333333333,2.49326752829497e-86,3
"POLDIP3",0.76408828009638,0.591434777533654,0.444,0.403666666666667,2.79363993399364e-143,3
"POLE",3.97619721417707,3.97619721417707,0.269,0.269,4.18291109942511e-73,1
"POLE3",1.39073884836275,0.987674779582163,0.611,0.424,5.02767522104983e-78,6
"POLE4",1.6139361865947,1.02811659902728,0.833,0.5124,1.68457225533061e-222,5
"POLG",0.661694085562039,0.532758246521058,0.333,0.3235,2.88556110851626e-120,2
"POLK",1.15418592186202,0.965460596079798,0.75,0.7,1.03287094473131e-237,2
"POLR1B",2.0111548454839,2.0111548454839,0.25,0.25,3.32627330990407e-06,1
"POLR1D",1.25384945277259,0.831136626235832,0.889,0.714,1.44506929733279e-201,6
"POLR2B",1.06523453791136,0.543759764827659,0.75,0.5735,2.77756512366864e-120,4
"POLR2C",0.807423171640966,0.741071797957193,0.326,0.31,2.39658079992756e-37,2
"POLR2D",1.48795653559553,1.2191817746479,0.424,0.365,2.3108330007118e-27,2
"POLR2E",1.05484914653303,0.743121751429624,0.861,0.607666666666667,5.54205712784423e-160,3
"POLR2F",1.04185461709181,0.626188336824227,0.667,0.4736,4.48677372672019e-75,5
"POLR2G",1.11330407795623,0.678816090807667,0.583,0.502333333333333,9.55396933004027e-112,3
"POLR2H",1.98054620428162,1.6494614382544,0.515,0.437,1.72897769296402e-28,3
"POLR2I",1.62299279543907,1.25158032031358,0.712,0.4648,1.54969404203757e-72,5
"POLR2J",0.616868722450639,0.443426186328602,0.778,0.5125,6.47017510991351e-112,4
"POLR2J3.1",1.06590821702831,0.793500935872661,0.514,0.3605,1.75490181022931e-08,2
"POLR2K",1.39696478319751,0.966906466314933,0.727,0.495,4.14047227509239e-53,6
"POLR2L",1.62190159179565,1.21380288069008,0.972,0.775333333333333,1.26204814181631e-220,6
"POLR2M",1.33761021796047,1.13461756838641,0.306,0.2825,9.71946926614011e-87,2
"POLR3A",0.674746440836946,0.674746440836946,0.361,0.361,5.60083429212711e-07,1
"POLR3C",0.952430707063436,0.952430707063436,0.25,0.25,0.00132394774860317,1
"POLR3D",1.87333135645061,1.71534054950114,0.439,0.414,2.88115896915417e-32,2
"POLR3E",1.32665025502584,1.25208384757063,0.306,0.3045,1.02674092185186e-14,2
"POLR3GL",1.06914601943899,0.952621663770254,0.488,0.409,4.45837031216937e-65,3
"POLR3H",1.9413769863321,1.85669165209641,0.394,0.336,2.7434679493269e-45,2
"POLR3K",1.08931015617719,1.05146587749969,0.485,0.409,2.59117242242355e-24,2
"POM121",0.812827724593278,0.640153013777089,0.528,0.418666666666667,7.01651022539914e-104,3
"POM121C",0.362105214367102,0.362105214367102,0.314,0.314,0.00121120358658934,1
"POMP",1.10419704910142,0.712085072305938,1,0.779,6.5359215360983e-127,5
"POP4",1.43553722236552,1.22203801126783,0.576,0.4105,3.0294974202191e-86,4
"POP5",1.57964809644594,1.30586057255598,0.576,0.40675,1.16609603410952e-35,4
"POP7",1.81668940423875,1.50360738698485,0.621,0.458333333333333,3.42254683754919e-45,3
"POR",0.406942193505984,0.406942193505984,0.417,0.417,3.02398994952297e-06,1
"POU2AF1",4.38476519229643,3.92861094479589,0.864,0.616,7.78247590319324e-298,2
"POU2F2",0.989124419214758,0.885583476708996,1,0.743,7.11114968128977e-181,4
"PPA1",2.68898273297697,1.55445118910558,0.894,0.543,2.32776521773942e-150,5
"PPA2",1.01344836972268,0.897641187862197,0.515,0.425666666666667,1.78015301029126e-107,3
"PPAN",1.26215516652433,1.21262816671672,0.288,0.269,3.38091321942558e-12,2
"PPARA",1.52358715362469,1.52358715362469,0.25,0.25,0.00256574699734998,1
"PPARGC1B",3.36735725291765,3.2274711776732,0.5,0.3775,1.04314577877061e-179,2
"PPAT",1.80514532626992,1.80514532626992,0.273,0.273,1.23823186857188e-26,1
"PPBP",9.42723870689626,9.42723870689626,0.951,0.951,0,1
"PPCDC",0.416477358497749,0.416477358497749,0.439,0.439,1.86586992414342e-48,1
"PPCS",0.404356934802648,0.360710513503058,0.75,0.6615,2.9467751231408e-119,2
"PPDPF",3.48967620563784,1.39089852295273,0.744,0.593,9.56349898303573e-96,4
"PPHLN1",1.29005071408225,0.975454688985454,0.697,0.5115,8.78315103387804e-49,4
"PPIA",1.54197407915729,1.07788971145069,1,0.900285714285714,6.45148853200875e-126,7
"PPIB",4.4488627485837,1.43781049456086,0.985,0.824833333333333,1.5256151068052e-118,6
"PPID",1.09839245040807,0.769739078472589,0.5,0.436,9.17920665896541e-11,2
"PPIE",1.47728025694382,1.082382883019,0.545,0.419,8.49652853134943e-47,3
"PPIF",0.346164281627387,0.346164281627387,0.556,0.556,1.20371058378816e-11,1
"PPIG",0.677094172510799,0.550916035699522,0.651,0.577,9.455119381412e-42,2
"PPIH",1.91929590618164,1.43654346799929,0.303,0.3025,3.90110179634849e-15,2
"PPIL1",2.12977746563992,2.12977746563992,0.25,0.25,3.10716898837259e-11,1
"PPIL2",0.548626926577419,0.461163084372956,0.444,0.3705,4.22147518889469e-61,2
"PPIL3",1.30671051358235,1.26048056869113,0.485,0.451,1.60469669731571e-25,2
"PPIL4",0.907489267254681,0.659053662521718,0.472,0.3695,4.51368541835376e-28,2
"PPIP5K2",1.65647249925436,0.910526869951005,0.639,0.4985,2.71047114951193e-152,4
"PPM1B",0.997802220808258,0.739504843445669,0.359,0.2285,6.50863145247423e-18,4
"PPM1G",1.43109760948206,0.86626041091085,0.917,0.622,3.19477454599133e-108,7
"PPM1K",2.49865941852447,1.15652960375264,0.619,0.501,4.63763158472582e-229,3
"PPM1L",1.86145307421,1.86145307421,0.306,0.306,1.48208351362792e-09,1
"PPME1",4.72295887055898,4.72295887055898,0.351,0.351,8.25904850717243e-31,1
"PPOX",4.3175579955965,4.3175579955965,0.263,0.263,1.6482916787598e-25,1
"PPP1CA",1.09649727407241,0.54905785762755,0.972,0.704,6.34864925540478e-131,5
"PPP1CB",0.968399571861268,0.63349946297719,0.244,0.18,8.18084409350418e-28,2
"PPP1CC",0.687279283218736,0.65074539203031,0.889,0.8115,7.99901847956027e-169,2
"PPP1R10",0.774375391622344,0.692811335704998,0.145,0.125,5.52879943221206e-18,2
"PPP1R11",0.557000060618116,0.493694491963214,0.667,0.5255,1.38794609144524e-99,2
"PPP1R12A",0.617777076960394,0.617777076960394,0.215,0.215,2.02911986911504e-11,1
"PPP1R14A",2.63815594125387,1.62202746454295,0.294,0.2835,1.82412928485887e-199,2
"PPP1R14B",0.874414499149062,0.748743319467827,0.889,0.576666666666667,9.00008704627598e-62,3
"PPP1R15A",1.02287448883206,0.746042382322781,0.439,0.2815,3.26419925787395e-14,2
"PPP1R18",1.40757602585409,1.40757602585409,0.412,0.412,3.13568913825858e-09,1
"PPP1R2",0.579605812721914,0.456150072709284,0.894,0.634,1.93720894641881e-61,3
"PPP1R35",1.20079976990571,1.09403197697162,0.407,0.3925,4.85245568709811e-68,2
"PPP1R7",1.55111519532122,1.03057396473338,0.833,0.5035,1.06939726248e-97,6
"PPP1R8",1.17926764676957,1.17926764676957,0.417,0.417,1.30536726724358e-09,1
"PPP1R9B",0.780572922430137,0.710409957816448,0.75,0.669,5.77139946190991e-209,2
"PPP2CA",0.976766886337444,0.658366079568456,0.692,0.403,6.91795478770565e-190,2
"PPP2CB",1.29531737319587,1.21928154183378,0.556,0.4765,6.26881842935207e-176,2
"PPP2R1A",1.25767923660956,0.886653801623831,0.722,0.539333333333333,3.38299377531812e-159,3
"PPP2R2A",0.737165216025471,0.624865556485637,0.309,0.172666666666667,7.41731269844571e-16,3
"PPP2R2B",6.87477834533047,6.87477834533047,0.256,0.256,4.03817914520417e-250,1
"PPP2R3C",0.304518395285475,0.304518395285475,0.442,0.442,5.86935149195415e-07,1
"PPP2R5A",1.72812290983957,1.23072116585806,0.445,0.374,3.50871995659634e-08,2
"PPP2R5B",1.95049717968577,1.95049717968577,0.278,0.278,2.45661265822508e-15,1
"PPP2R5C",0.836781839309897,0.752885459254514,0.907,0.451,5.2405060929279e-18,3
"PPP2R5E",0.507014137814392,0.453669609333333,0.75,0.596,2.66552059088462e-153,3
"PPP3CA",1.21413971301845,0.888559397111433,0.232,0.183,1.74061040835877e-13,2
"PPP3CB",0.337918505011657,0.337918505011657,0.411,0.411,3.67308231003979e-119,1
"PPP3CC",2.31413570540167,2.05929450241907,0.606,0.5125,2.12615978962214e-48,2
"PPP4C",0.596426190841909,0.554376655997423,0.133,0.1105,6.00002373752894e-26,2
"PPP4R2",0.765774096200098,0.765774096200098,0.128,0.128,1.70082184976568e-07,1
"PPP4R3A",0.356964872910843,0.334347790623727,0.116,0.092,4.81051126192886e-39,2
"PPP4R3B",0.413953909449641,0.413953909449641,0.092,0.092,2.14901372877768e-42,1
"PPP5C",1.62637801689806,1.62637801689806,0.364,0.364,1.3687014954566e-25,1
"PPP6C",0.889584520752413,0.770565312715219,0.75,0.6025,1.77616858690172e-157,2
"PPP6R1",1.0993750089167,1.0993750089167,0.593,0.593,6.15289981235189e-20,1
"PPRC1",1.97396841362075,1.97396841362075,0.333,0.333,8.76117490395038e-16,1
"PPT1",1.16967320635108,1.02797772255351,1,0.681666666666667,2.1917223854605e-310,3
"PPWD1",1.24196374892828,1.14097204086274,0.419,0.3745,3.05356375401641e-51,2
"PQBP1",1.2088375049096,0.811833335650633,0.591,0.4156,3.96311071030311e-115,5
"PQLC1",1.01575503100834,0.806216637906074,0.667,0.516,1.62580011531182e-107,2
"PQLC3",1.79542286791925,1.61679311678993,0.472,0.436,8.65783283557023e-190,2
"PRADC1",2.50048325969792,2.50048325969792,0.364,0.364,4.0410877903536e-67,1
"PRAM1",1.78580277816442,1.33052028114004,0.784,0.597,1.09872496683372e-276,3
"PRCC",0.288699617007144,0.288699617007144,0.295,0.295,5.48100064496594e-73,1
"PRCP",0.325712628004807,0.325712628004807,0.591,0.591,6.26564311546717e-193,1
"PRDM1",2.53143558437217,2.08895401026345,0.909,0.597666666666667,1.85898912674184e-118,3
"PRDM15",2.42055744221093,2.42055744221093,0.288,0.288,2.92855725765775e-41,1
"PRDM2",0.623936702684737,0.441270151124602,0.345,0.202,6.90500940900053e-36,3
"PRDX1",2.33301988789605,1.51986752998062,1,0.763,1.954484087144e-267,6
"PRDX2",3.72940955461627,2.50268520932688,0.924,0.72475,1.78479235871426e-234,4
"PRDX3",1.50813573492917,1.09579325832049,0.861,0.719666666666667,8.0205304356837e-292,3
"PRDX4",4.53841278663213,2.75158551418405,0.939,0.664,4.32883267716952e-164,2
"PRDX5",0.905018471389515,0.650788652643664,0.924,0.537666666666667,9.30290744658945e-30,3
"PRDX6",4.30119521790253,2.48802313142033,0.719,0.6725,1.08237036720519e-90,2
"PREB",2.70379278486136,1.98198239724834,0.712,0.5365,1.44135401680548e-103,2
"PRELID1",1.83832673376446,1.28966902717625,1,0.922,1.10595070889872e-232,4
"PRELID3B",0.539946773677509,0.515263458755305,0.561,0.414,1.64128092320486e-23,2
"PREP",1.78132238999303,1.78132238999303,0.278,0.278,2.19891138444174e-07,1
"PREPL",0.427356652867826,0.427356652867826,0.361,0.361,0.003387930208161,1
"PREX1",1.73352576781703,1.19176058652493,0.37,0.281,7.41703015980007e-18,2
"PRF1",7.48487853065451,7.48487853065451,0.977,0.977,0,1
"PRH1",0.614645221590493,0.614645221590493,0.318,0.318,2.84291087923329e-10,1
"PRKAA1",2.00386635382236,1.82552220709772,0.454,0.393,1.52973207730013e-34,2
"PRKACA",0.649591031097654,0.623973612500485,0.778,0.755,7.46771379398039e-281,2
"PRKACB",2.75739823658499,1.56811630853295,0.686,0.412,4.37792719550331e-76,4
"PRKAG1",0.378171540283111,0.378171540283111,0.389,0.389,0.000681581093460179,1
"PRKAG2",0.489372339177858,0.425504999219548,0.694,0.6585,1.63246557102667e-188,2
"PRKAR1A",0.393568902805463,0.393568902805463,0.419,0.419,1,1
"PRKAR2A",0.908630942660571,0.861686210234706,0.75,0.6525,7.78026674489973e-191,2
"PRKAR2B",7.97255582899928,7.97255582899928,0.736,0.736,0,1
"PRKCA",3.70065372985736,3.70065372985736,0.456,0.456,2.07240793853085e-284,1
"PRKCB",0.792541453830333,0.792541453830333,0.45,0.45,0.142488434112534,1
"PRKCD",0.41454194335098,0.41454194335098,0.746,0.746,3.12897559135943e-236,1
"PRKCH",4.09843889102863,3.57189846347794,0.744,0.5575,7.32000926127076e-207,2
"PRKCI",0.382046601613202,0.382046601613202,0.333,0.333,9.62533739975551e-18,1
"PRKCQ",4.21626405050629,3.73954723218541,0.384,0.3405,8.53283146331145e-240,2
"PRKCSH",1.08652483365531,0.784493568582798,0.861,0.65875,4.17690558428848e-170,4
"PRKD3",1.50022968870052,1.01078548427649,0.611,0.46075,8.8200268634669e-160,4
"PRKDC",1.84705001232117,0.879438952140808,0.833,0.587,2.17078506083276e-92,7
"PRKRA",1.19505362738395,1.13894725216809,0.439,0.3725,3.15845054814534e-29,2
"PRKX",2.05220441289684,1.54651634122407,0.722,0.49675,3.86791244563626e-248,4
"PRMT1",2.16070216140073,1.46710755989954,0.864,0.5378,1.35356539198651e-68,5
"PRMT2",1.76940171506271,1.19627061286121,0.895,0.55775,1.52712632773737e-158,4
"PRMT3",1.78471193330601,1.78471193330601,0.25,0.25,4.07384756022057e-08,1
"PRMT5",0.462303268212851,0.44803113302322,0.379,0.3425,1.32297701532824e-32,2
"PRNP",2.68241727908447,2.21703393662015,0.806,0.7185,0,2
"PROK2",2.23025298779248,2.23025298779248,0.425,0.425,1.13209190307208e-123,1
"PROSER1",0.876838543468033,0.876838543468033,0.361,0.361,4.38237871406385e-09,1
"PRPF19",1.76495164953098,1.76495164953098,0.361,0.361,8.80485884635791e-09,1
"PRPF31",1.72068475053737,1.16499224228462,0.652,0.477,3.02920727899997e-67,4
"PRPF38A",0.414237410191339,0.414237410191339,0.465,0.465,7.5880417731049e-08,1
"PRPF38B",0.843285747099949,0.637833718446861,0.201,0.1785,1.30440267284184e-18,2
"PRPF4",0.863761703803276,0.842796845662627,0.389,0.3255,2.65942109296615e-72,2
"PRPF40A",0.662869922537908,0.472568317032206,0.917,0.56575,1.71726848292782e-148,4
"PRPF4B",0.620348716362856,0.455568300622614,0.972,0.633,5.33956346492027e-119,5
"PRPF6",1.05094669057474,0.728175612321486,0.806,0.556,1.70376700374784e-48,5
"PRPF8",0.658998345284112,0.504444691516719,0.861,0.4934,1.21554249727704e-115,5
"PRPS1",1.08939278481174,0.995677837337327,0.409,0.3575,3.81146301322178e-25,2
"PRPSAP2",1.282729266896,1.13864633869651,0.561,0.475,4.79325642959514e-35,2
"PRR11",1.72454355768072,1.72454355768072,0.306,0.306,6.56138372117504e-17,1
"PRR13",0.32770935136609,0.32770935136609,0.528,0.528,0.358700723019909,1
"PRR5",4.02312750753426,2.84896120569114,0.547,0.392,3.88434746978097e-122,3
"PRR5L",4.31695496798088,4.31695496798088,0.395,0.395,1.55138301667486e-181,1
"PRRC1",1.14827544510307,1.13281319755551,0.53,0.469333333333333,3.72407399871191e-131,3
"PRRC2B",0.942561118074851,0.618615651423373,0.833,0.53025,1.04633270526703e-133,4
"PRRC2C",0.297986709539756,0.297986709539756,0.919,0.919,3.05533690185376e-05,1
"PRSS21",2.27259098120024,2.27259098120024,0.333,0.333,1.03981381678118e-31,1
"PRSS23",6.96783315265719,6.96783315265719,0.279,0.279,2.22487103063149e-268,1
"PRTN3",5.90138621101294,5.90138621101294,0.269,0.269,4.63316547393647e-109,1
"PSAP",1.9592040002358,1.94071713486707,1,0.998,1.91235105654579e-296,2
"PSEN1",1.00870487405452,0.979571056715137,0.177,0.148,9.00765512368622e-06,2
"PSENEN",1.17482958827249,0.772751457655176,0.682,0.460333333333333,9.70023828769495e-74,3
"PSIP1",1.25126348323704,0.893153674133834,0.712,0.605333333333333,5.97651767252828e-145,3
"PSMA1",1.13139859290383,0.840799601412316,0.917,0.734,8.04979912522789e-191,5
"PSMA2",1.65416898609935,0.996396810694065,0.917,0.727833333333333,1.15802771006575e-125,6
"PSMA3",1.58385492891461,0.912155971638628,0.924,0.6986,4.96372846841665e-155,5
"PSMA3-AS1",1.2638351203514,0.979044303978943,0.268,0.25,0.0706852627330015,2
"PSMA4",1.36013390970488,0.943022397696052,1,0.738,9.07511649794191e-220,5
"PSMA5",1.94362210245842,1.19922137060264,0.939,0.653333333333333,6.13587428744321e-92,6
"PSMA6",0.280926466081602,0.280926466081602,0.373,0.373,1.11870269158491e-120,1
"PSMA7",1.05152456463902,0.748717118189998,1,0.876833333333333,1.26121539718894e-132,6
"PSMB1",1.50382176253426,1.05294911773191,1,0.8105,7.90257628885436e-139,6
"PSMB10",1.5640946578669,0.853908172550841,0.697,0.5062,1.28879217841661e-116,5
"PSMB2",1.78077992105422,1.43492481397035,0.955,0.79075,1.88100701346781e-190,4
"PSMB3",0.69363382924266,0.62925810707264,0.972,0.7016,1.64303780360665e-161,5
"PSMB4",1.18084207289648,0.91713249648714,0.944,0.7905,1.06780668231998e-187,4
"PSMB5",1.67968730637236,1.22514286687909,0.697,0.47875,2.1830726108186e-93,4
"PSMB6",2.00404653635424,1.28406611876588,0.894,0.652166666666667,2.83919399107213e-141,6
"PSMB7",2.29787014176934,1.06176679529672,0.861,0.572428571428571,2.10006979442787e-140,7
"PSMB8",1.61427510581553,0.772031658193099,1,0.8395,7.61915862465525e-100,6
"PSMB8-AS1",0.596062390561155,0.596062390561155,0.098,0.098,2.70506683665068e-28,1
"PSMB9",1.05172811844078,1.05172811844078,0.953,0.953,1.33525532556737e-22,1
"PSMC1",0.612481970297841,0.46089247639127,0.667,0.50075,1.0867078321432e-144,4
"PSMC2",1.41251157167288,1.29296097063893,0.606,0.4415,3.06921770935684e-103,4
"PSMC3",1.73256593145919,1.25168380899451,0.833,0.5704,1.49343212582743e-110,5
"PSMC4",1.77943069321784,0.979669759172359,0.833,0.5225,9.79430717689473e-79,6
"PSMC5",1.52103924305719,1.0584237805958,0.972,0.672666666666667,4.44194751118014e-106,6
"PSMC6",0.479404919032046,0.479404919032046,0.709,0.709,2.51843041123236e-139,1
"PSMD1",1.50469183429223,1.0187663218075,0.667,0.5725,3.63183391262962e-239,4
"PSMD10",1.09889474674451,1.00659002983752,0.485,0.3815,7.81033004011914e-35,2
"PSMD11",0.994828877497646,0.809597609923577,0.806,0.642,1.54256447131895e-104,4
"PSMD12",1.08509743115581,0.741645545169648,0.742,0.526,1.46043586175428e-179,5
"PSMD13",0.953208956389266,0.552580244983031,0.778,0.691333333333333,1.68581688585622e-126,3
"PSMD14",1.92097951374094,1.2089149893191,0.742,0.4502,2.47493457644588e-71,5
"PSMD2",1.08597883154629,0.957729459760563,0.833,0.6985,4.30518674163219e-179,4
"PSMD3",1.84490355862105,1.29565412628177,0.583,0.458,1.83116521707955e-96,4
"PSMD4",0.943028572105778,0.943028572105778,0.153,0.153,7.36303531076546e-19,1
"PSMD5",0.485559897647841,0.485559897647841,0.348,0.348,1.82360992837572e-13,1
"PSMD6",0.57354552529485,0.433406207357315,0.758,0.58725,1.02423715288758e-93,4
"PSMD7",0.800567146481787,0.586376924406869,0.894,0.6382,3.31115809852792e-132,5
"PSMD8",1.86185353663036,1.20168396223037,0.972,0.7285,3.18326749126503e-124,6
"PSMD9",1.40190543863174,0.835472212975699,0.652,0.4402,1.59163396290408e-86,5
"PSME1",1.28531324902418,0.75074976623028,1,0.80325,1.19601954921003e-21,4
"PSME2",2.50705723448598,1.47451343163739,0.972,0.784833333333333,2.69856421422913e-139,6
"PSME3",0.832557339528369,0.705799210446529,0.667,0.545,4.23264229285027e-141,2
"PSME4",1.91158318876147,1.91158318876147,0.351,0.351,0.000808432600656217,1
"PSMF1",1.61128208810047,0.997616041127248,0.591,0.4816,2.49808223893023e-113,5
"PSMG1",1.36137486322336,1.23498501042672,0.361,0.332,1.16326751861878e-12,2
"PSMG2",1.33247035291035,0.957103668320523,0.861,0.545166666666667,1.09009871943098e-150,6
"PSMG3",1.80670617223771,1.15961364889549,0.424,0.334666666666667,1.55412342998747e-21,3
"PSMG4",1.86472566260296,1.21973459504908,0.417,0.313,9.34253745317452e-48,4
"PSPC1",0.491605340522095,0.469151885106144,0.591,0.518,7.8283145524241e-101,3
"PSTPIP1",0.953502444625391,0.940414649906705,0.361,0.3335,2.22533985469136e-07,2
"PSTPIP2",0.842424355403749,0.842424355403749,0.329,0.329,1.08846359807153e-08,1
"PTAR1",0.633747993593561,0.633747993593561,0.281,0.281,0.507595527611554,1
"PTBP1",1.26820640990425,0.869249505652099,0.778,0.58775,3.03036843633934e-190,4
"PTBP3",1.25667274057118,0.78364395954034,0.631,0.437666666666667,6.67182886399455e-11,3
"PTCD3",1.33696956559347,0.838578595846379,0.556,0.4406,1.04290864892646e-74,5
"PTCRA",9.89734587027085,9.89734587027085,0.602,0.602,0,1
"PTDSS1",2.51399816202637,1.47859921001536,0.556,0.422666666666667,1.45372962652435e-168,3
"PTEN",1.61464261494346,1.61464261494346,0.562,0.562,7.38518751629479e-74,1
"PTGDR",4.84787495289927,4.84787495289927,0.314,0.314,4.68971619277797e-195,1
"PTGER2",2.83828168138329,1.56477054981388,0.477,0.40425,4.94858383645779e-157,4
"PTGER4",1.74030268874573,1.17300678336765,0.444,0.3965,1.92683992312822e-17,2
"PTGES2",1.84554130213939,1.42045336111562,0.485,0.418333333333333,2.67891653940134e-24,3
"PTGES3",0.883836243141389,0.66773737680615,0.944,0.804333333333333,3.75522982688835e-86,6
"PTGIR",2.29664512629794,2.29664512629794,0.611,0.611,2.16385867225661e-60,1
"PTGS1",6.91843528076627,6.91843528076627,0.327,0.327,6.15768845551853e-194,1
"PTK2B",1.04656394818986,0.713323170960759,0.454,0.32775,9.23966025146788e-05,4
"PTMA",1.47916616272374,0.977325236407284,1,0.94575,7.65890007281699e-245,8
"PTMS",3.27745370264225,2.22205763213597,0.395,0.364,3.88399668512768e-56,2
"PTP4A2",0.384330523183125,0.320573075836536,1,0.70175,1.41054620548242e-12,4
"PTPA",1.41285486819434,1.31739767058245,0.389,0.3635,1.008429745464e-145,2
"PTPMT1",1.67661884222504,1.48866662092342,0.652,0.43575,6.65641747254474e-75,4
"PTPN1",0.881014896351942,0.801950225545859,0.848,0.631666666666667,1.85414862554928e-45,3
"PTPN11",1.14871989797673,1.01305914639479,0.639,0.528,1.06168914580443e-183,3
"PTPN12",1.68813180096033,1.68813180096033,0.343,0.343,0.0026416381851803,1
"PTPN18",3.81679814748353,3.81679814748353,0.401,0.401,2.07814536281621e-28,1
"PTPN2",0.852749328524555,0.521920372568607,0.833,0.53875,8.5942286019625e-183,4
"PTPN22",2.17594416354795,1.79234012059638,0.558,0.395333333333333,9.31961089035206e-20,3
"PTPN23",1.33093904205588,1.33093904205588,0.278,0.278,1.63627033946249e-05,1
"PTPN4",3.07598603076261,2.67894012589732,0.721,0.5805,3.25785142109319e-153,2
"PTPN6",0.352837007519388,0.333992456377253,0.611,0.4305,2.56867072226003e-14,2
"PTPN7",2.976186108456,1.79276075132401,0.616,0.433666666666667,1.25250636188722e-62,3
"PTPN9",1.80435987678208,1.56962686680176,0.583,0.4235,5.42801108715692e-115,2
"PTPRA",0.844927608505968,0.547556922715495,0.833,0.700333333333333,1.19944475116433e-112,3
"PTPRC",1.32683239929407,1.06601433009737,0.943,0.876,4.1201634030061e-302,2
"PTPRE",1.31814025669009,1.21541226940928,0.503,0.4615,3.83118598452119e-44,2
"PTPRJ",1.02767638875536,0.67182672908642,0.425,0.308333333333333,6.44146458835047e-14,3
"PTPRO",2.9713261995091,2.9713261995091,0.389,0.389,3.06263943321883e-37,1
"PTRH1",2.59432221600831,2.59432221600831,0.361,0.361,6.27741234756339e-22,1
"PTRH2",0.84391692225255,0.84391692225255,0.303,0.303,5.53213626061751e-14,1
"PTRHD1",1.81503302664208,1.29213457673789,0.722,0.55025,6.98288657278909e-194,4
"PTS",0.942860232427862,0.942860232427862,0.394,0.394,2.29563284824534e-33,1
"PTTG1",3.77527891834353,3.48983605071246,0.53,0.451,3.14292568114505e-97,2
"PTTG1IP",0.504907906899554,0.489993493830434,0.944,0.604333333333333,1.10264779960843e-228,3
"PTX3",5.22636010810725,5.22636010810725,0.525,0.525,1.69330893507183e-232,1
"PUDP",2.06319742070088,1.75034801218549,0.444,0.3945,1.93817198981662e-215,2
"PUF60",1.5892400162079,0.905362711355909,0.712,0.488833333333333,1.35025540250835e-95,6
"PUM1",1.03752947846546,0.72719288725653,0.917,0.6055,1.61454411002007e-218,4
"PUM2",0.699966083662986,0.699966083662986,0.124,0.124,1.34589472472337e-17,1
"PUM3",1.77949551097154,1.37759208648225,0.472,0.405,1.49623739269133e-10,3
"PURA",1.01996370817577,0.681309956851906,0.488,0.397,2.54154992694444e-61,3
"PUS3",0.919664988796653,0.919664988796653,0.288,0.288,4.06914529838949e-13,1
"PUS7L",0.903154644242222,0.772269448787241,0.652,0.4055,6.79767687856546e-71,4
"PVT1",1.16601496712125,1.00967158851779,0.273,0.2615,4.14650961185278e-10,2
"PWP1",1.9395338400363,1.16749100578524,0.652,0.4322,1.21830065568629e-44,5
"PWWP2A",0.519901994195396,0.519901994195396,0.472,0.472,1.643393680108e-140,1
"PXMP2",2.2759343245594,2.2759343245594,0.273,0.273,3.67554294559059e-34,1
"PXN",0.257906983250264,0.257906983250264,0.523,0.523,6.87055083401959e-11,1
"PYCARD",1.41756913838991,1.21288214495666,1,0.730333333333333,2.08613112538605e-241,3
"PYCR1",6.14177651754746,6.14177651754746,0.364,0.364,2.57119056581432e-299,1
"PYGB",0.716140658348338,0.601984879068441,0.303,0.2765,1.04172908305487e-13,2
"PYGL",1.7369911991193,1.43244544043637,0.711,0.5165,4.57835075999027e-71,2
"PYHIN1",5.54441868108631,5.54441868108631,0.767,0.767,6.86338067330258e-284,1
"PYM1",1.45743411247222,1.09298434963755,0.528,0.3755,3.46283654780308e-81,4
"PYROXD1",1.44260843290406,1.10669265070191,0.5,0.405,3.59215073693416e-138,4
"PYURF",1.46735790580358,1.09327912373992,0.861,0.592166666666667,3.63384197439926e-152,6
"QARS",1.59629830718497,1.127959444704,0.667,0.4885,1.11493354814502e-188,4
"QDPR",1.57670198371377,1.57670198371377,0.303,0.303,9.82898599432276e-16,1
"QKI",1.12562982488304,0.743384034267245,1,0.696,6.15558304934307e-09,2
"QRICH1",0.871449885834564,0.622098514108293,0.409,0.359666666666667,2.51962126964776e-77,3
"QRSL1",4.04174058553072,2.4914339701617,0.497,0.4605,3.29471929163297e-284,2
"QSER1",2.7013044840684,2.42438239728106,0.472,0.432,5.35148840072723e-268,2
"QSOX1",2.40591911698252,1.58974706030081,0.493,0.360666666666667,6.99925257131241e-200,3
"QTRT2",0.924004321617403,0.817960432145143,0.444,0.3875,7.46330928767272e-120,2
"R3HCC1",1.83178772900469,1.44624732000206,0.591,0.375,9.09744062804166e-54,3
"R3HCC1L",0.456159715377136,0.456159715377136,0.361,0.361,2.09207158927051e-06,1
"R3HDM1",1.80816180488651,1.08401662394302,0.5,0.362333333333333,4.68068712488192e-83,3
"R3HDM2",0.39150587948265,0.349431728106769,0.363,0.229,7.29984420387892e-35,2
"R3HDM4",1.74495619484502,1.74495619484502,0.493,0.493,4.6864819335294e-64,1
"RAB10",0.67691664466686,0.575672026344586,1,0.589,5.47571298295185e-184,4
"RAB11A",2.94869813661882,2.94869813661882,0.429,0.429,2.70678000776111e-22,1
"RAB11B",0.438297745056752,0.438297745056752,0.43,0.43,1.12914273868926e-08,1
"RAB11FIP1",1.48835844703233,1.38361792343171,0.63,0.548,9.29950327011463e-111,2
"RAB11FIP2",2.29856685206899,2.29856685206899,0.345,0.345,3.32864075937616e-29,1
"RAB12",0.841570839304752,0.841570839304752,0.306,0.306,1.26331812198621e-05,1
"RAB13",3.47906844355279,1.70927210574469,0.556,0.463,9.34732783211055e-125,3
"RAB14",0.684326268426884,0.573037166177208,0.944,0.555,1.41141642611337e-21,2
"RAB18",0.999616747474921,0.820327383009414,0.262,0.203,2.57258267869422e-07,2
"RAB1A",0.638355943506912,0.556115505936572,0.75,0.7115,1.39910550613412e-211,2
"RAB1B",2.41403521048402,2.41403521048402,0.275,0.275,0.0761717447714184,1
"RAB21",0.727375559470619,0.703486349031313,0.355,0.212333333333333,6.93071012179582e-16,3
"RAB22A",0.474708356889866,0.463815283300953,0.556,0.435,3.88291818410643e-10,2
"RAB27A",1.93078499267625,1.10066710383726,0.797,0.546666666666667,8.17310518662596e-84,3
"RAB27B",8.80381830204674,8.80381830204674,0.385,0.385,0,1
"RAB29",2.00789017406554,1.14343729274015,0.593,0.505,1.29768519031357e-35,2
"RAB2A",0.552763259540842,0.399076806723053,0.917,0.627,3.11435865827548e-165,3
"RAB2B",2.47074946572418,1.28769486252493,0.318,0.286333333333333,4.76575334452991e-10,3
"RAB30",3.08272198204123,3.08272198204123,0.697,0.697,4.12112996258974e-118,1
"RAB30-AS1",1.02700954236333,0.869997594881354,0.409,0.3575,3.84963248801348e-22,2
"RAB31",1.21524031339767,0.925506533663427,0.783,0.5425,4.05034368585808e-43,4
"RAB32",4.65234443398318,2.48491526805563,0.533,0.4695,3.53503157260303e-87,2
"RAB34",2.71201156153657,2.61263928143867,0.583,0.4745,2.44928639723479e-227,2
"RAB35",0.783610762377684,0.519464771380662,0.528,0.43,7.80445665148433e-118,2
"RAB37",2.32145899987617,2.32145899987617,0.275,0.275,4.01972128626504e-17,1
"RAB39A",3.01188979947854,3.01188979947854,0.278,0.278,3.85179316145907e-30,1
"RAB3D",0.894675749106961,0.780014589666743,0.758,0.5085,8.03905611114671e-313,2
"RAB3GAP1",0.837620220343731,0.624264962498603,0.472,0.4145,5.68536146517497e-97,2
"RAB3GAP2",0.334487022896352,0.334487022896352,0.478,0.478,6.12164943245957e-111,1
"RAB3IP",1.84241058046654,1.84241058046654,0.317,0.317,3.9203595971373e-23,1
"RAB40C",0.588063473432186,0.588063473432186,0.25,0.25,3.12758608006413e-05,1
"RAB4A",4.71025030222315,4.71025030222315,0.335,0.335,7.9733642397013e-38,1
"RAB5B",2.00573482953856,2.00573482953856,0.365,0.365,1.22457107670021e-20,1
"RAB5C",0.896006130935037,0.709534030563691,0.972,0.650666666666667,3.09392339652739e-188,3
"RAB5IF",1.06114777965425,0.740339840698433,0.917,0.635333333333333,4.08519037426081e-263,3
"RAB6A",0.516916048852921,0.516916048852921,0.524,0.524,4.05348235488335e-149,1
"RAB7A",1.59160067134805,1.59160067134805,0.303,0.303,1,1
"RAB8A",0.907285103170395,0.589152160451388,0.972,0.777,5.25430908401831e-147,3
"RAB8B",1.03031963016274,0.569292305828368,0.779,0.379,2.5658095446348e-23,3
"RAB9A",1.59825290846913,0.943054203927257,0.5,0.41325,1.26566337432947e-82,4
"RABAC1",1.97543049849944,1.02661353597317,0.924,0.63025,2.21969273950595e-128,4
"RABEP1",1.38705362907227,0.84113276134724,0.591,0.47,3.00540493013457e-76,3
"RABEP2",3.50095523962586,2.37321207776345,0.409,0.3445,3.47280419873813e-124,2
"RABEPK",1.36996241855864,1.36996241855864,0.273,0.273,5.38683409684769e-21,1
"RABGAP1",0.626494709160222,0.539899314946096,0.722,0.592,1.43548303272798e-137,2
"RABGGTB",0.779987189219703,0.57322524238805,0.365,0.354333333333333,1.13254630103461e-87,3
"RABIF",0.642571961046218,0.569231895322978,0.439,0.358,1.29418059122699e-87,2
"RABL3",0.883241322185574,0.883241322185574,0.306,0.306,4.7026423906989e-05,1
"RABL6",1.98332219852709,1.21134976903363,0.722,0.5144,5.46776301488488e-141,5
"RAC1",1.18087853237133,0.742504474071364,0.653,0.5125,8.35586214175279e-72,2
"RAC2",0.819734483101003,0.553937488820045,0.919,0.679333333333333,6.13311050278761e-13,3
"RACK1",1.79847720391166,1.13402486896779,1,0.986333333333333,1.59492617188614e-291,6
"RAD1",1.07894299036289,1.07894299036289,0.25,0.25,0.000844110659790912,1
"RAD17",1.99866814515426,1.49424623187656,0.591,0.4205,7.75779479083277e-56,2
"RAD21",1.11408801640728,0.717090766226246,0.28,0.2115,3.85265422472564e-24,2
"RAD23A",2.89773060874574,1.35910789160472,0.806,0.583,2.14667248591022e-147,7
"RAD23B",1.05280051619828,0.715986507617545,0.165,0.1255,2.75956581215002e-19,2
"RAD51C",1.09906852708214,1.07680771040767,0.379,0.356,9.99202433277576e-18,2
"RAD51D",3.59574904570307,3.59574904570307,0.281,0.281,5.60017076334883e-51,1
"RAD54L2",1.20512016510855,1.20512016510855,0.389,0.389,4.10796300324817e-10,1
"RAD9A",0.767914361929106,0.767914361929106,0.515,0.515,1.39636482608053e-38,1
"RAE1",0.25515321956147,0.25515321956147,0.251,0.251,8.11717713684473e-57,1
"RAF1",1.67037551667421,1.40159939403165,0.391,0.365,7.67514592637171e-12,2
"RALA",1.37042442081412,0.932124507001503,0.636,0.447,7.23584914783706e-72,5
"RALGAPA1",1.00278788673935,0.772566175558036,0.5,0.383,4.7302810615007e-54,2
"RALGAPA2",0.70793862804726,0.548370127874023,0.442,0.377,4.32823575951526e-11,2
"RALGDS",2.1386757951092,2.1386757951092,0.279,0.279,6.82410011273646e-17,1
"RALGPS2",4.45780484957822,4.45780484957822,0.882,0.882,0,1
"RALY",0.815059585323869,0.784836471033218,0.864,0.711,8.69169405574566e-27,2
"RAMMET",1.36540895924867,1.36540895924867,0.558,0.558,1.83591326781848e-25,1
"RAN",1.99158401961297,1.40465405958427,0.909,0.794,9.83294536350629e-155,6
"RANBP1",1.57476297424076,1.22006333495552,0.833,0.5465,8.59714417275253e-61,6
"RANBP10",3.99791342089334,3.99791342089334,0.386,0.386,5.59135796828821e-25,1
"RANBP2",0.762251459494022,0.579841635359186,0.806,0.6115,3.53871196675272e-137,4
"RANBP3",0.770849927464095,0.58089823591512,0.409,0.371,1.53182514513303e-17,2
"RANBP6",0.941864315408516,0.941864315408516,0.361,0.361,2.60738659540235e-06,1
"RANGAP1",0.977787031602276,0.977787031602276,0.306,0.306,0.000319119142205682,1
"RANGRF",1.93881043002946,1.3816276359465,0.318,0.316,6.73496750450861e-15,2
"RAP1A",1.36122443336875,1.36122443336875,0.351,0.351,1,1
"RAP1B",2.81062735265526,1.66961575646084,0.988,0.8485,2.17028586912669e-62,2
"RAP1GAP2",0.88684007608231,0.88684007608231,0.326,0.326,1.02350710043237e-09,1
"RAP1GDS1",1.37080825908887,0.978601012461074,0.5,0.4045,2.12726301816654e-75,4
"RAP2A",2.18765164400203,1.72039520106749,0.5,0.4165,1.36300218292835e-32,2
"RAP2B",1.08718903254505,0.687663108038074,0.917,0.721666666666667,1.17843438073455e-218,3
"RAPGEF1",0.910820944823514,0.663139865423568,0.611,0.4326,6.07168536235023e-99,5
"RAPGEF2",2.15509002510367,2.15509002510367,0.333,0.333,0.00108207387046717,1
"RAPH1",3.43571960453886,3.43571960453886,0.278,0.278,7.32305655219937e-36,1
"RARRES3",4.03610664356368,2.66480828334287,0.907,0.760333333333333,5.38659299580347e-316,3
"RARS",1.11107426218579,1.00787976057905,0.556,0.481666666666667,1.84053521986442e-133,3
"RARS2",0.463447444613882,0.392261191634302,0.47,0.366,5.26832763092153e-59,2
"RASA1",0.646279085347519,0.540836679807885,0.472,0.401,7.54514866766843e-90,2
"RASA3",1.89594764870309,1.49746634980897,0.611,0.535333333333333,3.96859629048026e-98,3
"RASA4",1.32646064388543,1.32646064388543,0.278,0.278,1.71673398927572e-09,1
"RASAL3",2.13331149739298,1.44257983065481,0.616,0.462,6.41633429908778e-42,2
"RASGEF1B",2.99484775799638,2.56808624639491,0.75,0.617,9.4215551894309e-318,2
"RASGRP1",3.64673132204261,2.46946814124202,0.64,0.586,0,3
"RASGRP2",3.16543924719447,3.16543924719447,0.396,0.396,7.08997981488609e-13,1
"RASGRP3",2.99150189877757,2.99150189877757,0.591,0.591,1.04175297430824e-95,1
"RASSF1",1.27049645500032,1.27049645500032,0.442,0.442,1.04273802399121e-16,1
"RASSF2",1.17751951341919,0.798539693927853,0.485,0.347333333333333,0.000138964361890707,3
"RASSF3",1.94214203417769,1.29868480290874,0.432,0.3195,5.4959134804111e-50,2
"RASSF4",3.720775809872,3.11409707565437,0.833,0.7505,0,2
"RASSF5",0.413715758077011,0.393931494208656,0.319,0.211,6.68509624132639e-16,2
"RB1",0.850514992074791,0.71224392452313,0.833,0.628666666666667,9.19173884706765e-154,3
"RB1CC1",0.614246045225167,0.614246045225167,0.148,0.148,2.11784547827923e-09,1
"RBAK-RBAKDN",0.892639458134553,0.892639458134553,0.273,0.273,4.34891746857018e-12,1
"RBBP4",1.273590210133,0.821718385700293,0.879,0.647166666666667,4.74820065685715e-191,6
"RBBP6",3.62622632367185,3.62622632367185,0.393,0.393,8.33785715932307e-26,1
"RBBP7",1.3977977383637,0.960591774111304,0.712,0.4698,2.89551154601882e-28,5
"RBBP8",1.40461460312886,1.40461460312886,0.424,0.424,9.88030649329601e-47,1
"RBCK1",0.722227394250387,0.530327674070545,0.616,0.353,4.12157750927174e-31,2
"RBFA",1.60974348643761,1.60974348643761,0.47,0.47,3.55727010091665e-44,1
"RBL2",0.786154818053133,0.736064961433895,0.276,0.197,3.41884279772444e-25,2
"RBM12",0.666937783604234,0.474504519883927,0.639,0.52,6.87484573017458e-112,2
"RBM15",0.563104115817799,0.563104115817799,0.273,0.273,6.06813190002417e-07,1
"RBM15B",1.28420027394116,1.11425229781225,0.444,0.363666666666667,9.94323048276968e-90,3
"RBM17",1.50660133929182,0.802327666927728,0.944,0.58975,1.37759979853088e-101,4
"RBM18",0.614802042826398,0.614802042826398,0.328,0.328,2.50521483914723e-113,1
"RBM19",1.35497617797185,1.35497617797185,0.278,0.278,7.87231478754472e-06,1
"RBM23",1.30505991594088,0.963100455825917,0.204,0.196,6.13112329315633e-07,2
"RBM25",0.693732902877624,0.690590611423672,0.49,0.3275,3.94757467325273e-20,2
"RBM26",0.76092705377215,0.58600554308612,0.674,0.459,3.95262698035839e-26,3
"RBM27",0.264872543589909,0.264872543589909,0.472,0.472,1.01293205398223e-08,1
"RBM28",1.45650883478006,1.15212572379104,0.556,0.454333333333333,2.55823550162183e-16,3
"RBM3",1.27466913876322,0.822290337896465,0.972,0.754285714285714,6.59386170833483e-204,7
"RBM33",1.05306999953265,0.808288046845659,0.142,0.1255,3.43297122828304e-16,2
"RBM38",3.73361570806649,2.08288386438361,0.789,0.534,1.46756811660934e-49,2
"RBM39",0.538709222238106,0.538709222238106,0.243,0.243,1.4275567181293e-16,1
"RBM4",0.556043241465968,0.482579389414343,0.472,0.345,1.13700518123299e-22,3
"RBM41",1.38378995123225,0.948099181674112,0.5,0.368666666666667,2.94563311484382e-102,3
"RBM42",1.27827727661042,0.890190702920322,0.472,0.381,1.00382660504826e-89,3
"RBM43",1.18058263752922,1.18058263752922,0.268,0.268,8.28242153582127e-54,1
"RBM47",1.5337016043,1.5337016043,0.345,0.345,1.06844783333577e-22,1
"RBM5",0.993812434013631,0.601797301804683,0.414,0.264,1.68474005868815e-17,3
"RBM6",0.906991780740753,0.906991780740753,0.502,0.502,1.51333679050855e-65,1
"RBM8A",1.28348858421455,0.628876111022515,0.944,0.764,1.84552908257426e-41,5
"RBMS1",1.07825894057516,0.702807447120427,0.472,0.323333333333333,6.78117950764732e-08,3
"RBMS2",2.47138622145531,2.47138622145531,0.25,0.25,2.89308901763559e-13,1
"RBMX",1.23371267333935,0.733437369312256,0.85,0.7448,5.82630956786625e-135,5
"RBMX2",1.17864884360817,0.90005548374969,0.53,0.357,3.10544710580373e-91,5
"RBMXL1",0.388079821124737,0.388079821124737,0.333,0.333,0.000459725902889046,1
"RBP7",1.66458065962344,1.2588206668936,0.778,0.776,0,2
"RBPJ",0.842026513370782,0.686407147821114,0.462,0.3285,1.83155396461827e-05,2
"RBX1",2.96521353703539,1.08705851427177,1,0.68,4.99226665733795e-14,4
"RC3H1",1.20245519406061,1.20245519406061,0.211,0.211,1,1
"RCAN1",2.60046776065629,2.60046776065629,0.389,0.389,2.55558756183794e-27,1
"RCAN3",4.16317110131866,4.16317110131866,0.766,0.766,0,1
"RCBTB2",0.757223979510693,0.66935625265792,0.528,0.5105,2.88902997552614e-227,2
"RCC1L",1.52140183333091,1.38600677267342,0.364,0.3485,4.92033023837917e-20,2
"RCC2",1.86204307835884,1.39199571519062,0.889,0.55975,6.82949443238066e-145,4
"RCE1",1.3172800111348,1.3172800111348,0.25,0.25,6.71460913948474e-06,1
"RCN1",3.03510897002619,3.03510897002619,0.333,0.333,3.7818967231991e-21,1
"RCN2",1.75474735264718,1.23967338099364,0.591,0.39,6.00535475636058e-45,4
"RCOR1",1.541203715316,1.39327606124744,0.422,0.412,5.04975010756312e-19,2
"RCSD1",1.19678102450625,1.19678102450625,0.796,0.796,1.36406421702249e-135,1
"RDH11",4.61654186388963,4.61654186388963,0.332,0.332,4.40788498758991e-41,1
"RDH14",0.932187186225248,0.881959495027675,0.515,0.438,2.12685979286542e-27,2
"RDX",1.12301641763033,1.0688097310094,0.636,0.453,1.75864424123709e-109,3
"RECQL",1.27763469718464,0.818417486409105,0.591,0.462333333333333,1.96268966981167e-116,6
"REEP3",1.21078494517699,0.982279479300236,0.667,0.5245,2.56766757812412e-134,2
"REEP4",2.0920232415797,1.89246983057911,0.5,0.465,1.95287530179144e-300,2
"REEP5",1.22339098583094,0.895133108106657,1,0.88425,1.99399905514986e-180,4
"REL",0.768894337209879,0.675336090377023,0.286,0.2485,3.22550597616662e-08,2
"RELA",0.541482005549374,0.541482005549374,0.722,0.722,3.73177797761282e-15,1
"RELT",0.470481666967251,0.470481666967251,0.75,0.75,6.35681763405632e-22,1
"RENBP",0.313783598356853,0.313783598356853,0.333,0.333,1.17401116069204e-06,1
"REPIN1",0.550850621818277,0.500321185521971,0.444,0.389666666666667,5.14337375035423e-59,3
"REPS1",1.77506210099817,1.77506210099817,0.5,0.5,7.24281461999209e-21,1
"REPS2",1.63929801926395,1.63929801926395,0.253,0.253,5.51830532736066e-46,1
"RER1",1.23494130886208,0.863928111311176,0.894,0.77275,1.61035871536602e-108,4
"RERE",0.532618309960405,0.418978003250478,0.469,0.220333333333333,6.78366662777447e-53,3
"REST",0.985067997987375,0.560125099545174,0.57,0.402333333333333,8.05138996762716e-18,3
"RETN",4.84047765355471,3.85339482191277,0.804,0.7675,2.74561704952683e-257,2
"RETREG1",2.76636659633428,2.76636659633428,0.268,0.268,4.22069520701255e-172,1
"RETREG2",0.621209702398428,0.621209702398428,0.316,0.316,1,1
"RETREG3",0.588345284623659,0.588345284623659,0.611,0.611,1.11595496681387e-12,1
"REV1",0.331729265403417,0.331729265403417,0.297,0.297,1.71569181404742e-69,1
"REV3L",0.485073478903369,0.415807948825578,0.528,0.421,2.22105776097774e-08,2
"REX1BD",1.2310490665718,0.866916246909022,0.889,0.656833333333333,3.51949259791704e-118,6
"REXO1",1.46554229058472,1.07791478555583,0.278,0.267,2.14361810871255e-08,2
"REXO2",2.63141843204081,2.03569864825808,0.682,0.48075,5.74966582173768e-152,4
"REXO4",2.23522419227091,1.26410710084086,0.515,0.3592,6.78077910992874e-47,5
"RFC1",1.43808765456073,1.13826282006333,0.833,0.5884,4.00696100563165e-59,5
"RFC4",2.15797280731294,2.15797280731294,0.318,0.318,6.81186838069328e-32,1
"RFESD",5.30655781057006,5.30655781057006,0.298,0.298,3.34521970106551e-70,1
"RFK",1.62998494601809,1.44040801380504,0.417,0.362,3.16496274437725e-124,2
"RFLNB",2.86953767696392,2.49438793129312,0.821,0.794,3.49503630574925e-145,2
"RFT1",2.02799775492883,2.02799775492883,0.424,0.424,2.6106942813472e-56,1
"RFTN1",1.62087366718908,1.62087366718908,0.288,0.288,1.01722124569249e-15,1
"RFWD3",0.439242669065901,0.439242669065901,0.306,0.306,1.76399237495276e-05,1
"RFX5",1.05557414555803,1.05557414555803,0.278,0.278,0.00365219912748638,1
"RFX7",1.83283928086928,1.83283928086928,0.333,0.333,6.29299453981575e-10,1
"RGCC",3.28488766220296,1.78698311682562,0.478,0.387666666666667,2.34771533944373e-109,3
"RGL1",6.42079971506166,6.42079971506166,0.611,0.611,1.0129664665623e-251,1
"RGL4",2.78096875373086,2.59405227645471,0.548,0.529,9.32343236875035e-130,2
"RGS10",5.86413003163869,5.86413003163869,0.879,0.879,9.39704287354828e-248,1
"RGS12",4.29542477276266,4.29542477276266,0.25,0.25,2.58916580068664e-31,1
"RGS18",3.4519891766891,1.99950302798666,0.838,0.7015,1.0837714320609e-141,2
"RGS19",1.21605267214966,0.900322522186081,0.465,0.359,2.46635402678217e-05,2
"RGS2",2.48134291029342,1.59146976365126,0.721,0.571,8.81769503603237e-293,2
"RHAG",7.63683571663708,7.63683571663708,0.386,0.386,6.48565609590476e-284,1
"RHBDD1",1.59894642401323,1.59894642401323,0.409,0.409,2.1327574603364e-42,1
"RHBDF2",1.12258632375505,0.843787442421735,0.75,0.5,3.46261952271726e-49,3
"RHCE",6.46370195782452,6.46370195782452,0.351,0.351,2.56500245054007e-272,1
"RHD",4.74024203253674,4.74024203253674,0.333,0.333,4.31157613864823e-93,1
"RHEB",0.860143746853945,0.552984593213369,0.639,0.574333333333333,3.82892756155132e-103,3
"RHEX",4.25795606263743,4.25795606263743,0.333,0.333,1.31685904236121e-105,1
"RHOA",0.835178001085497,0.550674646178225,1,0.754333333333333,5.1286421953075e-08,3
"RHOB",0.843493520467116,0.843493520467116,0.778,0.778,4.82084950489272e-24,1
"RHOC",2.37886034702341,1.56311910139114,0.75,0.454333333333333,3.88626559210153e-107,3
"RHOF",1.77615099387375,1.35359468428501,0.581,0.459,1.97615486074763e-66,2
"RHOG",1.4829767976515,1.119245957668,0.638,0.542,9.36353959112235e-25,2
"RHOH",2.43573363564705,1.92383210263518,0.614,0.525666666666667,7.78504243855121e-212,3
"RHOQ",0.728847164111368,0.633100606294943,0.944,0.5265,3.73555589665328e-14,2
"RHOT1",0.660370926141907,0.660370926141907,0.293,0.293,0.0243540794748923,1
"RHOT2",0.816828402141477,0.528022098553254,0.389,0.306,8.07705457093609e-61,3
"RHOU",2.59264937123246,2.39116826256756,0.417,0.347,2.20769111374015e-194,2
"RIC1",0.971655381932581,0.897710145153973,0.5,0.4475,4.57059378580348e-157,2
"RIC3",2.68977301826763,2.67117724220742,0.341,0.3165,1.34999976772959e-117,2
"RIC8A",1.28783022448846,1.13249370067835,0.444,0.343333333333333,2.85131648014182e-88,3
"RICTOR",1.61548507223271,1.40924856611345,0.456,0.4275,3.1980791874552e-21,2
"RIDA",1.4360904588189,1.4360904588189,0.288,0.288,2.7767649857742e-31,1
"RIF1",1.41854793112844,0.861558526237495,0.75,0.586,8.23418895860898e-17,2
"RILP",3.27822002189856,2.97342619386262,0.472,0.3765,3.20472709203169e-37,2
"RILPL2",0.746389241226139,0.55216130252946,0.866,0.5475,4.96401908969486e-146,2
"RIN1",2.75709628469841,2.75709628469841,0.361,0.361,3.0907935741287e-22,1
"RIN2",5.0692858489076,4.1732064204995,0.722,0.588,0,2
"RING1",1.3737919779299,1.3737919779299,0.556,0.556,2.88727345347046e-22,1
"RINL",1.46672786810713,1.46672786810713,0.337,0.337,9.51858485588392e-19,1
"RINT1",1.42963087488942,1.42963087488942,0.318,0.318,1.0414559298128e-35,1
"RIOK1",2.32138834203713,1.55563395700178,0.444,0.3585,9.11631201142146e-19,2
"RIOK2",1.8255860203978,1.70220869187188,0.5,0.403,1.36466882349778e-42,2
"RIOK3",1.75427942217593,1.16445549308993,0.754,0.495,2.87352917656048e-16,4
"RIOX2",1.64828851493217,1.56036988066978,0.348,0.3405,3.65845979374043e-21,2
"RIPK1",1.04974925784154,0.814395266883653,0.583,0.437,9.522391640396e-20,2
"RIPK2",0.939325758368341,0.939325758368341,0.389,0.389,8.27525339556102e-11,1
"RIPOR1",1.01942453704974,0.713551155376832,0.611,0.471,1.04327350895388e-112,2
"RIPOR2",1.40862012046832,1.30001469550235,0.945,0.9055,0,2
"RIPOR3",6.75910337423683,6.75910337423683,0.333,0.333,2.82236471847415e-137,1
"RMDN1",0.846339156685158,0.551728994255,0.556,0.48675,6.20972402276721e-124,4
"RMND1",0.738210384721897,0.738210384721897,0.273,0.273,3.11519693466353e-09,1
"RMND5B",0.426218466489587,0.418765631073076,0.394,0.322,2.5338210392457e-16,2
"RNASE1",4.63478948095138,4.63478948095138,0.5,0.5,1.09551031458346e-48,1
"RNASE2",4.02590111555661,1.9295954501811,0.944,0.75325,0,4
"RNASE3",6.49010425813639,6.49010425813639,0.695,0.695,0,1
"RNASE6",1.42409980698139,0.938342462886923,0.778,0.6385,0,4
"RNASEH1",2.05882334185393,1.78962827136946,0.667,0.5835,1.70736844872463e-59,2
"RNASEH2B",2.41617383553913,1.33588063808507,0.758,0.533,1.75849728723356e-166,5
"RNASEH2C",1.8854511359246,0.975903813665858,0.879,0.567166666666667,5.2642077104906e-113,6
"RNASET2",1.10493197075876,0.98511657583342,0.463,0.3945,3.99650554812159e-07,2
"RNF10",2.03952449328786,1.00285330208138,0.93,0.342,5.08581078052803e-32,4
"RNF11",3.12046388043481,2.1047064499246,0.439,0.372,7.58874801005278e-25,2
"RNF113A",1.65823345005218,1.21281458332991,0.455,0.402,7.04299196542643e-16,2
"RNF115",0.598202882205102,0.43583966050261,0.419,0.3925,9.97786050918926e-34,2
"RNF123",2.94561649505349,2.94561649505349,0.316,0.316,2.76163982340777e-15,1
"RNF125",2.70338971427622,1.62475890292498,0.639,0.5065,2.25332044923859e-153,4
"RNF126",2.05495639479714,1.18221987845295,0.758,0.4685,1.54534187368845e-60,6
"RNF13",1.64649812121087,1.04728030491497,0.286,0.207,7.63918413279038e-13,2
"RNF130",1.5404594589992,0.790689901515555,1,0.761,9.58689782492028e-215,3
"RNF135",1.12423722550887,0.852151413537514,0.694,0.5735,1.17134683623118e-219,2
"RNF139",0.822835904321992,0.625021557227819,0.389,0.321,9.88674681598592e-77,2
"RNF14",3.49396429555962,2.49041027061334,0.361,0.312,1.64779181048482e-12,2
"RNF145",0.969133196060269,0.812070705671706,0.468,0.281666666666667,4.89413453320913e-15,3
"RNF146",0.573106414753163,0.573106414753163,0.424,0.424,2.65515628133773e-181,1
"RNF149",1.71915375186088,1.48216255443008,0.735,0.6445,6.28516943572962e-195,2
"RNF157",4.70617913321511,4.70617913321511,0.315,0.315,5.18007163142783e-275,1
"RNF166",0.37643919754636,0.349156580847033,0.694,0.6435,7.83464729591218e-175,2
"RNF167",0.782027771439301,0.782027771439301,0.535,0.535,2.2068448354499e-18,1
"RNF168",0.654627970001149,0.459418870890356,0.583,0.470666666666667,6.82703330106594e-12,3
"RNF170",1.05453576752826,0.969982793180926,0.389,0.322,7.24997277760541e-71,2
"RNF181",0.9723596265069,0.845908730326069,0.917,0.75525,4.19091509472268e-170,4
"RNF185",0.370986208105232,0.370986208105232,0.25,0.25,0.000679958904706178,1
"RNF187",1.49621232546617,0.9450823658077,0.5,0.4355,1.93010959178559e-89,4
"RNF19A",1.13588291076424,0.614176925622799,0.535,0.28825,2.0871378139984e-26,4
"RNF2",0.343159159541803,0.343159159541803,0.361,0.361,4.12792596497916e-06,1
"RNF20",0.59378590656603,0.433880276399555,0.5,0.407,5.40471206694941e-06,2
"RNF213",1.3298832047798,1.05716691753938,0.643,0.61,9.00220105609575e-43,2
"RNF214",0.399937882206748,0.399937882206748,0.288,0.288,4.3591363954393e-09,1
"RNF216",0.552445789009807,0.499354993775351,0.639,0.495,1.38495611827317e-32,2
"RNF217",1.06606873944321,0.852046553527098,0.251,0.2505,4.60363842109192e-134,2
"RNF220",1.09877699121444,0.910783681546426,0.556,0.394,7.02397555627306e-116,3
"RNF24",1.58013109476983,1.36583187681898,0.451,0.4325,4.84673942973576e-32,2
"RNF34",0.549693356153626,0.481656562150543,0.515,0.4085,5.66792416964753e-23,2
"RNF4",0.966221476858063,0.559670986849267,0.583,0.39725,1.38328921052509e-73,4
"RNF40",0.44556692387765,0.410294369751853,0.333,0.307,2.86845750036006e-92,2
"RNF5",0.411865919533361,0.411865919533361,0.364,0.364,9.30577802469962e-09,1
"RNF6",0.575456091426167,0.548025771476028,0.583,0.437666666666667,4.07415960579879e-112,3
"RNF7",1.63534925796593,0.950545484210892,0.972,0.6825,7.51117087708069e-228,6
"RNF8",0.920437797777132,0.920437797777132,0.361,0.361,3.25130130657615e-05,1
"RNGTT",1.97839753300759,1.97839753300759,0.33,0.33,1.20647761513198e-80,1
"RNH1",1.99899647681175,1.17000570704548,1,0.7288,0,5
"RNMT",1.3715495092273,0.769481160002878,0.722,0.4984,8.99888952554797e-77,5
"RNPEP",1.48789053549873,1.35658577000723,0.694,0.6605,0,2
"RNPEPL1",0.8013854833869,0.616551045095392,0.684,0.627,9.8670259280306e-164,2
"RNPS1",1.33787027245571,0.738676289866262,0.778,0.537,2.40412555782338e-104,6
"ROCK1",1.03156526025382,0.598047512636045,0.591,0.419333333333333,1.50754025424283e-10,3
"ROGDI",1.27895624045702,1.27895624045702,0.303,0.303,3.69880639231379e-145,1
"ROMO1",1.60467714361311,0.894723945802356,0.924,0.661333333333333,1.12616970909365e-130,6
"RORA",4.088645802651,3.97837990901147,0.767,0.614,0,2
"RP2",0.478559119900379,0.478559119900379,0.296,0.296,0.316951835686259,1
"RPA1",0.57687369899992,0.57687369899992,0.472,0.472,1.19059010277479e-08,1
"RPA2",1.7663035581927,1.22719791773359,0.545,0.4325,2.64369815670094e-76,4
"RPA3",1.62922661570425,1.3943930112434,0.697,0.431,1.78982463229914e-43,4
"RPAIN",2.0976205716744,1.01432855266515,0.576,0.435833333333333,2.44350796093632e-67,6
"RPAP2",1.62854230112899,1.05325195328188,0.439,0.3785,2.22209097772981e-65,4
"RPAP3",0.66222631511675,0.485716145814404,0.667,0.46975,1.84870481554876e-21,4
"RPE",1.79992564462297,1.23136083621746,0.389,0.344666666666667,1.66695352220492e-105,3
"RPF1",1.00746826834116,0.734206183668004,0.389,0.35175,2.38115059664174e-78,4
"RPF2",1.88243071709645,1.41043109844154,0.389,0.3235,2.80630562380381e-10,2
"RPIA",2.11832277356259,1.2152449957107,0.456,0.3675,9.31010825263237e-12,2
"RPL10",2.27655489003042,1.24043303262754,1,0.9958,3.26133677893267e-298,5
"RPL10A",2.11185595516932,1.29149508547891,1,0.9906,0,5
"RPL11",2.01328617527216,0.956345512274625,1,0.995166666666667,0,6
"RPL12",1.96166491342483,0.989717854277224,1,0.985166666666667,5.77944032732246e-303,6
"RPL13",2.10276351315234,1.04525208693581,0.992,0.988,0,5
"RPL13A",2.36649677425095,1.34387732969003,1,0.99025,0,4
"RPL14",2.34865033795053,1.45489952544936,1,0.9925,2.66418967410944e-299,4
"RPL15",1.92910075767386,1.11214745129326,1,0.991666666666667,0,6
"RPL17",1.95544282922403,1.07936897254922,0.972,0.892166666666667,9.53534858985007e-215,6
"RPL18",2.04981213647499,1.02396456030309,1,0.991333333333333,0,6
"RPL18A",2.20587827025416,1.07003416114196,1,0.991666666666667,0,6
"RPL19",1.97950741519639,1.01756938503193,1,0.993833333333333,0,6
"RPL21",2.25966571804734,1.53171727841842,0.992,0.985,0,3
"RPL22",1.93157343820483,0.951499983206029,1,0.981833333333333,1.9614417293309e-272,6
"RPL22L1",2.77432065148589,1.36970014159447,0.955,0.6422,4.36867118140659e-173,5
"RPL23",1.7185956888297,1.27334896140392,1,0.9855,2.83323654947089e-220,4
"RPL23A",2.29301012079786,1.49233543587912,0.988,0.9855,0,4
"RPL24",2.10750262312431,1.09850525588658,1,0.983,1.62773282363653e-284,6
"RPL26",1.9767271986915,1.09376294775055,1,0.987,0,6
"RPL26L1",1.4538274238615,1.36394495831919,0.583,0.46075,1.40898616383998e-137,4
"RPL27",1.88000893295726,0.951586586548279,1,0.983666666666667,3.08880619283963e-299,6
"RPL27A",2.08582296276702,1.39280099832981,0.988,0.9825,3.80522119400823e-315,4
"RPL28",1.56199499140074,0.98614418852436,1,0.991833333333333,1.31583643166529e-234,6
"RPL29",1.96178970313725,1.03976718484621,1,0.989,0,6
"RPL3",2.28490562150852,1.5359345662819,1,0.989,1.40598592826892e-316,4
"RPL30",2.20097238374231,1.60186012400397,1,0.992666666666667,2.48755853267374e-298,3
"RPL31",2.04519268654888,1.15466003081517,1,0.9744,2.53378737843609e-285,5
"RPL32",2.15758872216102,1.06553178489522,1,0.9922,1.03141716537391e-298,5
"RPL34",2.07236470914233,1.03406661020467,1,0.9928,1.21388433372768e-293,5
"RPL35",2.20896674455515,1.10771034474642,1,0.985,0,6
"RPL35A",1.91980761338318,0.944724509650185,1,0.9875,2.72451254996695e-295,6
"RPL36",2.02261989113072,1.10053968051734,1,0.9884,5.43551260928706e-319,5
"RPL36A",2.27835402062269,1.19631006142804,1,0.967,1.37350490692602e-295,5
"RPL36AL",1.61644695839152,1.09014096125745,1,0.964666666666667,1.65311251286517e-183,6
"RPL37",1.97176805124824,0.961425235186101,1,0.994,1.59514450087175e-288,6
"RPL37A",1.9790132042314,1.1053970417436,1,0.992,0,6
"RPL38",2.04857171873188,1.12126533610069,1,0.9824,3.89923920849733e-305,5
"RPL39",1.64965329211506,0.943982792040786,0.99,0.9836,8.33503114542944e-295,5
"RPL4",1.54972491169386,1.14187771994488,1,0.966833333333333,3.18114634685867e-194,6
"RPL41",1.99261327054285,1.09229072939967,1,0.9966,1.25832116904995e-314,5
"RPL5",2.09199571048772,1.20817458273182,1,0.9884,0,5
"RPL6",1.59790465427999,1.10839839963023,1,0.988166666666667,1.55664302483217e-253,6
"RPL7",1.60726164595329,0.924843863865847,1,0.962166666666667,1.63059980798926e-199,6
"RPL7A",2.08002530097427,1.25833743851564,1,0.9868,0,5
"RPL7L1",1.0493876236533,0.84712577967669,0.722,0.5202,1.92267552222103e-106,5
"RPL8",2.10257735517322,0.99012861728531,1,0.9855,0,6
"RPL9",2.15968346956173,1.4609976625502,0.988,0.984666666666667,1.52613938577908e-310,3
"RPLP0",1.9742069953914,1.31900245276904,1,0.9834,7.95200268820822e-298,5
"RPLP1",1.93420024927359,1.01002335191628,1,0.987666666666667,1.22448240802029e-254,6
"RPLP2",1.90578658645566,0.893347033106004,1,0.987333333333333,1.13877612839637e-314,6
"RPN1",1.84035689578866,0.977860744681085,0.894,0.5928,2.74772347927729e-252,5
"RPN2",2.51322549855778,1.65624245611562,0.944,0.7318,3.82528192427977e-221,5
"RPP25L",0.61903662263275,0.61903662263275,0.364,0.364,1.20109506000167e-13,1
"RPP30",1.02942531788093,0.906588514883254,0.364,0.3625,1.0954794158504e-09,2
"RPP38",1.64832176740617,0.851976531277362,0.417,0.357,8.24112819767439e-38,4
"RPRD1B",0.381739712638233,0.381739712638233,0.266,0.266,6.32657449742578e-83,1
"RPRD2",0.521203211633935,0.414740242989887,0.315,0.297,4.01415524467915e-32,2
"RPS10",2.07680666001841,1.33940502795639,0.988,0.98225,0,4
"RPS11",2.02861544000462,0.894683578419976,1,0.989,0,6
"RPS12",2.5125904526909,1.69259698564119,1,0.988666666666667,9.82606655106083e-289,3
"RPS13",1.95899241306652,1.01722913008838,1,0.988166666666667,1.22436882853153e-292,6
"RPS14",2.14951811507471,0.918686037076804,1,0.991,6.36618217766304e-279,6
"RPS15",1.8059328140398,1.11350464129963,1,0.991666666666667,2.13615690868197e-305,6
"RPS15A",2.19872669745233,1.61357442807046,1,0.99425,5.76063079665358e-286,4
"RPS16",2.00981225748915,1.05375421394724,1,0.984666666666667,0,6
"RPS17",1.77516464732139,1.06406134916629,1,0.9185,7.90552537221161e-195,6
"RPS18",2.22092923523164,1.29709047087076,1,0.9936,2.35538879735773e-318,5
"RPS19",2.26653795836441,1.54375536790011,1,0.9925,0,4
"RPS19BP1",1.20717798710255,0.732119713829938,0.909,0.6518,3.04968853766553e-29,5
"RPS2",2.06483709229206,1.13024643056147,1,0.9945,1.0477856473169e-315,6
"RPS20",2.03192603790116,1.25353783841929,1,0.97825,7.24735014571608e-319,4
"RPS21",2.20306520647015,1.42752095758596,1,0.99,0,4
"RPS23",2.34957780209449,1.33079528776087,0.988,0.9835,0,4
"RPS24",1.56862981689911,1.12633081437121,1,0.9945,1.99158495583316e-263,6
"RPS25",2.20066356811757,1.66528225055536,0.988,0.980666666666667,3.31991163187179e-312,3
"RPS26",1.91889962412463,0.990627820243531,1,0.985333333333333,8.73160335838229e-258,6
"RPS27",2.44406162468375,1.804688443534,1,0.993,0,3
"RPS27A",2.12137605388161,1.623112416705,0.991,0.989333333333333,0,3
"RPS27L",1.76543047524666,1.13627156102402,0.97,0.7345,1.25547278180634e-87,6
"RPS28",1.95820982304213,0.974217561528059,1,0.991166666666667,9.22311252428217e-276,6
"RPS29",2.34439146677628,1.78480168132268,1,0.992333333333333,3.94322634310479e-293,3
"RPS3",2.38522325996321,1.38645605045185,1,0.99375,1.41427819539729e-293,4
"RPS3A",2.24376255295196,1.61409233036253,1,0.987666666666667,0,3
"RPS4X",2.32390763411967,1.60287370299953,1,0.98725,6.76364365246375e-292,4
"RPS5",2.39409689421693,1.56156458671136,0.988,0.98225,0,4
"RPS6",2.12627401366966,1.58481296952595,1,0.99,6.23319112677853e-303,3
"RPS6KA1",0.558325166841036,0.485195394783856,0.309,0.203,2.38507746082797e-14,2
"RPS6KA3",1.49368889716767,1.1980289711981,0.393,0.3215,1.01120990183669e-13,2
"RPS6KA4",2.11337920235112,1.9206734946362,0.611,0.5485,0,2
"RPS6KB2",0.890819043419482,0.550158225478518,0.727,0.536333333333333,5.60601879821312e-33,3
"RPS6KC1",1.56802652132537,1.48990618000107,0.472,0.3825,1.45554523504497e-153,2
"RPS7",1.86547240436037,1.11303222602917,1,0.986333333333333,0,6
"RPS8",1.9996724183979,1.07921617909076,1,0.990833333333333,0,6
"RPS9",1.51052004031537,0.992376574939501,1,0.991,8.51732895146019e-267,5
"RPSA",2.24892450993977,1.51327598766794,1,0.984,0,4
"RPUSD1",1.74585852225945,1.31779688688395,0.333,0.3105,5.13981942157469e-16,2
"RPUSD3",1.25249871356814,0.964863640595009,0.306,0.281,1.34106761272699e-05,2
"RPUSD4",1.44383332199593,1.44383332199593,0.303,0.303,3.20498508592707e-15,1
"RRAGA",1.30986865672749,1.02773894361709,0.667,0.440333333333333,1.86216931819642e-70,3
"RRAGB",0.743546982614987,0.743546982614987,0.278,0.278,2.15242555664012e-06,1
"RRAS",2.68659824410554,2.09245575268664,0.833,0.6105,4.75652104144815e-214,2
"RRAS2",2.20367933043531,1.45594998331586,0.303,0.2795,1.7605545632003e-18,2
"RRBP1",3.44857425592732,1.66574031806085,1,0.7585,1.04825212119719e-309,4
"RREB1",0.692609001978927,0.622703229406419,0.722,0.6185,3.36645889210662e-163,2
"RRM1",1.08061082310603,1.00856809047992,0.273,0.2615,1.37801845183505e-13,2
"RRM2",6.13957805651197,6.13957805651197,0.305,0.305,4.03658123413696e-220,1
"RRN3",1.34295489466749,1.34295489466749,0.389,0.389,4.07687076345093e-07,1
"RRP1",0.932852987043686,0.932852987043686,0.348,0.348,2.05234381926983e-18,1
"RRP12",1.36357279080462,0.842318745809367,0.407,0.384,1.01853423413359e-238,2
"RRP15",1.61982028616871,1.06565562982688,0.439,0.3445,1.32036900502132e-41,4
"RRP1B",1.97078664086338,1.36128427563127,0.419,0.39375,3.07986520609292e-65,4
"RRP36",1.52482806277577,0.843136017685516,0.561,0.41375,1.30264276396896e-56,4
"RRP7A",1.60969983824231,1.30819516334666,0.667,0.512,1.28031611546808e-91,2
"RRS1",2.77266078740031,1.74583658343265,0.444,0.328,3.84148005101206e-74,3
"RSAD1",1.31987678083469,1.31987678083469,0.25,0.25,0.000370675926967391,1
"RSAD2",2.35052009910498,1.47128286724269,0.544,0.519,9.74567208790854e-112,2
"RSBN1",0.657307809230666,0.460079238390183,0.436,0.362,9.25154506409209e-52,2
"RSBN1L",0.998810586220397,0.949273405193656,0.276,0.242,5.70654648444978e-06,2
"RSF1",0.689232402710404,0.626253212282054,0.144,0.127,1.89114978173856e-26,2
"RSL1D1",1.78027592564899,1.29549192412849,0.944,0.678833333333333,1.27721172467495e-173,6
"RSL24D1",1.18273315616814,0.873955011922508,0.833,0.663,7.28858615255846e-101,6
"RSPRY1",0.451055982130048,0.451055982130048,0.349,0.349,2.87215816541493e-107,1
"RSRC1",0.97568417395073,0.615623475007632,0.75,0.488666666666667,1.91415150041083e-70,6
"RSRC2",0.28646215571525,0.28646215571525,0.102,0.102,8.09424581489287e-31,1
"RSRP1",0.483446088705612,0.395036393909059,0.602,0.523333333333333,0.00184457677792245,3
"RSU1",3.79511523521394,3.79511523521394,0.343,0.343,2.7365857518432e-29,1
"RTCA",0.706864753946643,0.544782204568711,0.53,0.39425,1.03695621753449e-90,4
"RTCB",1.70546549616545,1.13118086162284,0.778,0.51625,4.49760975908205e-173,4
"RTF1",0.527555434324826,0.478025032679104,0.651,0.573,2.00099853992069e-36,2
"RTF2",0.750337948937195,0.511056050436909,0.917,0.5285,4.64394951196186e-21,2
"RTL8A",1.45110143165929,1.45110143165929,0.278,0.278,6.34620311378593e-08,1
"RTL8C",1.92232487794223,1.73181723403999,0.333,0.3035,6.003947007613e-167,2
"RTN1",2.77518037663055,2.77518037663055,0.444,0.444,5.78995803458994e-58,1
"RTN3",1.28739750547732,0.943434344312316,0.744,0.622666666666667,3.29841169812813e-34,3
"RTN4",0.716826818482859,0.47868108250909,1,0.6845,2.84274305671093e-129,4
"RTP4",0.387025479834583,0.387025479834583,0.333,0.333,4.5304309370787e-08,1
"RTRAF",1.19531081306225,0.892462203797444,0.944,0.626857142857143,4.57848766274637e-142,7
"RUBCN",0.580509481804484,0.580509481804484,0.444,0.444,1.21296524827612e-09,1
"RUFY1",5.93063963088235,5.93063963088235,0.728,0.728,8.68137003660179e-229,1
"RUFY2",0.526790059919991,0.526790059919991,0.361,0.361,6.25613426906664e-07,1
"RUFY3",2.34421582834398,1.77096741708559,0.528,0.379666666666667,1.63339013894595e-172,3
"RUNDC3A",7.42003708502814,7.42003708502814,0.263,0.263,1.16001766108395e-250,1
"RUNX1",1.85889857555389,1.4833172292326,0.614,0.4715,3.2271235313731e-240,2
"RUNX3",3.80009687687618,2.21412371066683,0.93,0.716,5.43221139716377e-108,3
"RUVBL1",2.83450649604855,1.63444827518052,0.515,0.423333333333333,6.12172165595771e-41,3
"RUVBL2",1.47338644552754,1.30680726623035,0.333,0.2915,4.38674721234538e-19,2
"RWDD1",1.51245372536409,0.971602945936318,0.864,0.682833333333333,7.19821253257523e-143,6
"RWDD2A",3.31341311155234,3.31341311155234,0.258,0.258,5.00672259823877e-65,1
"RWDD4",0.944354467190241,0.826753313545108,0.5,0.371666666666667,7.44808318679943e-80,3
"RXYLT1",1.64065334433236,1.64065334433236,0.364,0.364,3.45532660701924e-34,1
"RYBP",1.3986932482685,1.0455613782879,0.259,0.199,0.00145546372918063,2
"S100A10",3.32653000773312,1.64898054455507,1,0.93375,0,4
"S100A11",2.17285569160744,1.26474513221865,1,0.938,0,2
"S100A12",3.4683927658928,1.50359438054162,0.961,0.68,2.23272916576005e-252,3
"S100A4",1.37065831895621,1.00464787621892,1,0.9655,9.24999331286015e-212,4
"S100A6",1.49246040123335,1.02565214253596,1,0.948,1.89620632087514e-247,4
"S100A8",2.82973620607005,1.22145030598522,1,0.99825,8.96268364067949e-211,4
"S100A9",2.01036133295958,1.25219649683826,1,0.999,2.67544706447371e-232,3
"S100P",3.34725417777836,3.07126180016578,0.787,0.769,3.27447432263589e-229,2
"S1PR1",2.65061683148032,2.32491982066687,0.395,0.343333333333333,1.68884282781416e-125,3
"S1PR3",3.4750545636702,1.98891013263721,0.566,0.422,0,2
"S1PR4",0.675509478916073,0.504414173374124,0.791,0.5245,8.31181290263272e-44,4
"S1PR5",9.71504851906523,9.71504851906523,0.419,0.419,0,1
"SAC3D1",2.05169270212409,2.05169270212409,0.361,0.361,8.86764446460432e-15,1
"SACM1L",0.642487520669145,0.457021932032324,0.667,0.5355,6.56027455020754e-109,2
"SAE1",1.49017449078691,1.08485795240489,0.417,0.342,1.27066775793885e-07,2
"SAFB",0.320537279059859,0.309722590409462,0.477,0.2795,2.91502353848842e-40,2
"SAMD1",1.39420372717735,1.22828287969674,0.444,0.369333333333333,1.87820719531715e-83,3
"SAMD12",2.13343318658849,2.13343318658849,0.288,0.288,1.00098812480225e-37,1
"SAMD3",5.10885706890659,4.3152259557556,0.953,0.6935,2.67976283282226e-306,2
"SAMD4A",2.28779025920365,2.19875112852648,0.556,0.414,4.60700825269644e-195,2
"SAMD9",1.43984067864162,0.876808142283227,0.364,0.264,1.31580157013903e-21,2
"SAMD9L",0.408625315015399,0.408625315015399,0.166,0.166,8.32742535397653e-18,1
"SAMHD1",2.10903487016483,1.87960730813684,1,0.9955,0,2
"SAMM50",1.65818962279814,1.27035997598223,0.485,0.36425,4.14724052283319e-79,4
"SAMSN1",1.28252112042747,0.82438987168675,0.861,0.627333333333333,2.20751687985828e-204,3
"SAP18",1.06504773098265,0.659636597916818,1,0.730428571428571,3.6075317948836e-81,7
"SAP30",1.79351966597087,1.21306316905486,0.624,0.534,0,2
"SAP30BP",0.561519902488442,0.561519902488442,0.488,0.488,1.17550894937157e-09,1
"SAP30L",0.276388619427328,0.276388619427328,0.528,0.528,2.81557254981564e-13,1
"SAR1A",1.18107083679005,0.802006098217409,0.758,0.61325,4.45570616301727e-147,4
"SAR1B",2.33048002266202,1.14340909232696,0.909,0.56175,1.82792143636353e-136,4
"SARAF",1.7799904231476,1.7799904231476,0.951,0.951,7.37297723698416e-208,1
"SARS",1.26087831836969,0.949648530929629,0.803,0.518666666666667,1.65414592918564e-102,6
"SART1",0.356066866392226,0.356066866392226,0.556,0.556,2.57057835451335e-08,1
"SART3",0.560577901274415,0.545159982551041,0.394,0.336,2.69338232571315e-13,2
"SASH1",4.85520646763982,4.85520646763982,0.667,0.667,1.60874877937784e-94,1
"SASH3",1.03365748186667,0.720357118443174,0.778,0.58025,1.36325483247089e-216,4
"SAT1",1.36173844268432,1.32754202074724,0.95,0.918,2.91320872701563e-295,2
"SAT2",1.85268788928564,1.34562373827776,0.861,0.583333333333333,5.23358354048708e-251,3
"SATB1",1.75887760287779,1.75887760287779,0.609,0.609,5.64381695777624e-177,1
"SBDS",1.92846424036246,1.10177141452297,0.53,0.459333333333333,5.18303854701497e-92,3
"SBF1",0.654702809098129,0.654702809098129,0.348,0.348,2.58204832053484e-13,1
"SBK1",4.40011522547098,4.40011522547098,0.302,0.302,1.69735404548662e-72,1
"SBNO1",0.322527205797527,0.322527205797527,0.085,0.085,8.97189587898392e-40,1
"SCAF1",0.291321843857513,0.273920659084742,0.348,0.299,6.97950813701265e-13,2
"SCAF11",0.830983378859783,0.78731447227488,0.466,0.405,0.784669596028662,2
"SCAF4",1.0905569317992,0.872904451638459,0.639,0.494,2.13544901648752e-97,2
"SCAMP1",0.686916013288991,0.483703532870216,0.5,0.427,2.36187778569555e-112,2
"SCAMP2",0.730202444920831,0.634908446125087,0.848,0.65875,1.42484534059384e-135,4
"SCAMP3",1.09378352087225,0.880312621949039,0.417,0.3905,1.74758484677103e-12,2
"SCAND1",0.857877448232097,0.68844952834453,1,0.823666666666667,9.29786570073066e-150,3
"SCAP",1.24357158292732,1.24357158292732,0.444,0.444,2.30563738459176e-20,1
"SCARB2",2.0708193262731,1.662346236373,0.917,0.811333333333333,0,3
"SCD",5.75228745990294,5.75228745990294,0.253,0.253,2.92366624800683e-139,1
"SCFD1",1.01759660558529,0.680383725951972,0.879,0.631333333333333,8.00190359359939e-140,3
"SCIMP",2.90953934735098,2.81208827948564,0.889,0.7375,0,2
"SCML4",1.119371861129,1.02388040030658,0.419,0.386,8.51178901959666e-136,2
"SCO1",1.36187600167161,0.894362930185402,0.417,0.3475,5.3400788131409e-83,4
"SCOC",0.519561686343325,0.519561686343325,0.417,0.417,2.43988672878111e-05,1
"SCP2",1.82543358026829,1.08117913182073,0.833,0.5888,5.34223698640498e-203,5
"SCPEP1",1.67367668318377,1.09777875296194,0.88,0.6445,0,4
"SCRN1",2.33735148075377,2.33735148075377,0.417,0.417,2.94025619031329e-20,1
"SCRN2",0.681134399222596,0.681134399222596,0.303,0.303,4.07254167340527e-16,1
"SCRN3",1.07665502830559,1.07665502830559,0.25,0.25,3.85470041371426e-07,1
"SCYL1",0.687167652888697,0.62799768566819,0.439,0.3725,7.25360935291753e-22,2
"SDAD1",1.97004437526384,1.26848882854412,0.5,0.3936,9.56590220485376e-59,5
"SDC1",5.51427904153353,5.51427904153353,0.333,0.333,1.73057184789738e-304,1
"SDCBP",2.03076115056987,2.03076115056987,0.714,0.714,1.21265979652019e-214,1
"SDCCAG8",0.281578058322776,0.281578058322776,0.404,0.404,2.30198732321366e-101,1
"SDE2",2.43907849246496,1.51142326546268,0.424,0.358666666666667,8.06548507254879e-22,3
"SDF2",0.939587015097021,0.939587015097021,0.442,0.442,1.8776307317231e-10,1
"SDF2L1",4.54132159574968,1.86839211695422,0.955,0.527,3.34037342613411e-112,5
"SDF4",1.7725135838109,1.00147397408927,0.894,0.5618,3.37351138174565e-128,5
"SDHA",1.2705021748483,0.763760162443634,0.727,0.477166666666667,4.37228034969895e-83,6
"SDHAF1",0.669273683278325,0.669273683278325,0.379,0.379,4.15607379271674e-13,1
"SDHAF2",0.630632539770925,0.630632539770925,0.384,0.384,1.14529347237454e-08,1
"SDHAF3",0.432063358455797,0.398999252133339,0.424,0.351,4.03736361195784e-18,2
"SDHB",0.784656747556307,0.622782189384168,0.778,0.604,2.20781209243549e-181,3
"SDHC",0.675646871744797,0.618532677760703,0.667,0.6085,1.54510058423141e-149,2
"SDHD",1.40173589926836,0.96117285450463,0.861,0.5342,1.1255654676862e-216,5
"SEC11A",1.19212307659948,0.819472986276325,0.944,0.752,3.81754287176706e-221,5
"SEC11C",5.56593673295735,1.99358299812786,0.985,0.61825,4.04789485513805e-99,4
"SEC13",1.6846250591245,1.09882749867972,0.758,0.528,1.95719418249815e-154,4
"SEC14L1",1.46442544985275,1.11898545687935,0.389,0.326666666666667,1.28806070606045e-23,3
"SEC16A",0.818921486488049,0.690851782480362,0.583,0.446,7.9007301508989e-142,3
"SEC22B",0.689602841661719,0.636031045379482,0.293,0.2065,3.9716512141911e-14,2
"SEC22C",0.282662557227743,0.282662557227743,0.439,0.439,8.15940458614939e-18,1
"SEC23A",0.379524850261061,0.321832965677523,0.556,0.5055,1.63651804309303e-120,2
"SEC23B",1.32146566721357,0.924317159695232,0.591,0.499666666666667,9.06983399822242e-195,3
"SEC23IP",1.26710642701545,1.1478211102457,0.528,0.4565,2.6242878793413e-145,2
"SEC24A",2.58614800742993,1.79607999100694,0.833,0.559,2.26244802283961e-116,2
"SEC24B",0.496526473000363,0.374300515423002,0.444,0.381,1.62668738045859e-108,2
"SEC24C",0.907455554124808,0.688320678206854,0.444,0.397333333333333,7.03839737622676e-123,3
"SEC24D",1.91143486502925,1.33508074440613,0.742,0.548,2.54233398478506e-143,3
"SEC31A",1.69732156852477,1.11460985794284,0.909,0.6582,3.89928892422331e-267,5
"SEC61A1",2.93222205617434,1.67333457127361,0.879,0.58075,1.56638228366118e-234,4
"SEC61B",3.22599846095517,1.5630840847474,1,0.944,2.2894414790063e-187,4
"SEC61G",3.26353223253495,1.33105791129362,0.972,0.777666666666667,3.14112216733034e-151,6
"SEC62",1.36504882539679,0.839787479388725,0.985,0.8075,2.03860834967879e-173,4
"SEC63",2.69558227005377,1.85302718767139,0.848,0.568333333333333,1.22548836022878e-39,3
"SECISBP2L",0.378805506851611,0.378805506851611,0.424,0.424,2.00561468640532e-105,1
"SECTM1",1.27121258493953,1.27121258493953,0.944,0.944,7.19027623280751e-37,1
"SEH1L",1.8409730973684,1.8409730973684,0.444,0.444,6.01355408428548e-18,1
"SEL1L",0.802009102693054,0.727602337390475,0.909,0.5135,1.12323676764427e-28,2
"SEL1L3",3.50752276681139,2.26902830240687,0.955,0.601333333333333,0,3
"SELENBP1",7.96208962819869,7.96208962819869,0.737,0.737,0,1
"SELENOF",0.843577367216426,0.63059596333324,0.944,0.766333333333333,4.91651193768696e-116,3
"SELENOH",1.90758139057016,1.14681199414365,0.972,0.826166666666667,8.48888151109871e-174,6
"SELENOI",1.55918593270002,1.4195120406784,0.333,0.3055,4.77280957311281e-28,2
"SELENOK",2.45521622970444,0.971462412060574,0.939,0.61875,2.95037591784161e-43,4
"SELENOM",2.74074387608936,1.76740900084167,0.318,0.296,3.61860910902205e-118,2
"SELENON",1.49817236370657,1.49817236370657,0.389,0.389,1.1202303817296e-13,1
"SELENOS",3.47237804367008,1.3430212645384,0.955,0.5984,2.53630358100531e-180,5
"SELENOT",0.633544942719742,0.485336405064002,0.698,0.417,2.11253045031283e-27,2
"SELENOW",2.14826061815457,1.95446567752499,0.779,0.6725,6.43758372890844e-147,2
"SELL",2.15434430252036,2.15434430252036,0.713,0.713,2.23140019362215e-201,1
"SELPLG",2.08067844723272,2.08067844723272,0.32,0.32,1.3342477834391e-17,1
"SEM1",1.79811922020579,1.20450082250025,0.924,0.749333333333333,1.16433343711673e-180,6
"SEMA4A",0.696999268698608,0.696999268698608,0.864,0.864,2.19713890158578e-44,1
"SEMA4D",0.765165934583463,0.765165934583463,0.162,0.162,6.10073077250077e-08,1
"SENP5",0.497027359847728,0.497027359847728,0.279,0.279,0.0958923145163282,1
"SENP6",0.867345944810787,0.709638570028825,0.188,0.1515,7.54247422623268e-16,2
"SEPHS1",2.30361545974063,2.30361545974063,0.5,0.5,8.75301003224051e-54,1
"SEPHS2",0.563047896240002,0.373707657090558,0.472,0.388,4.61757330006012e-78,3
"SEPSECS",1.50962741987694,1.50962741987694,0.25,0.25,1.0701582446424e-10,1
"SEPT1",1.67843076101973,1.21028272063758,0.576,0.443,2.30776832366523e-103,4
"SEPT11",1.56790665820994,1.11753028858028,0.53,0.4625,5.19547522112947e-58,2
"SEPT2",0.862850111038432,0.691880157383867,0.944,0.4954,1.40084664465638e-158,5
"SEPT6",1.41970353473338,1.15334253623265,0.939,0.7975,1.30492760295251e-169,4
"SEPT7",1.0553448276102,0.788715440855424,0.953,0.869,4.15450425927368e-68,2
"SEPT9",1.55815169055184,0.99890672029844,1,0.6962,1.48434101556112e-133,5
"SERBP1",1.27579200608033,0.920257483912652,1,0.859428571428571,3.33319146124888e-101,7
"SERF2",2.41674581710582,0.882259822826024,1,0.9325,1.07397627103637e-150,6
"SERINC3",0.765283080123463,0.536857855322429,0.167,0.138666666666667,2.91334457127216e-15,3
"SERINC5",1.63474337870225,1.16513799146312,0.423,0.417,3.71460637911431e-135,2
"SERP1",1.04826951990333,0.993346151513362,1,0.971,5.88748573386917e-163,3
"SERPINA1",2.06066702241233,1.40056763651427,0.779,0.62,2.212663952259e-286,2
"SERPINB1",1.84697392913048,1.258476168859,0.958,0.875666666666667,3.95114950866673e-119,3
"SERPINB10",3.99517624834609,3.95121640846547,0.639,0.5855,1.17054314664937e-255,2
"SERPINB6",1.60278742674265,1.42730006161697,0.861,0.758,7.37361479839244e-288,2
"SERPINB8",1.81280628646171,1.26392713032055,0.547,0.5095,0,2
"SERPINB9",1.24287375387592,0.873928944778088,0.833,0.687666666666667,3.4824349111499e-209,3
"SERPINF1",3.52386750474632,2.85691377971703,0.278,0.268,1.00546987100812e-29,2
"SERPING1",1.61903553412676,1.61903553412676,0.444,0.444,7.0239222219707e-35,1
"SERTAD1",1.122614624344,1.122614624344,0.333,0.333,3.39656344427293e-10,1
"SERTAD2",0.875787671196183,0.875787671196183,0.396,0.396,1.36627749715753e-159,1
"SERTAD3",1.14998519228147,0.974775090396516,0.528,0.4125,9.35686503404342e-132,2
"SESN1",0.865381053621764,0.865381053621764,0.333,0.333,3.9115409666852e-05,1
"SESN3",1.66654962772369,0.971579527026622,0.515,0.364,8.21185652787782e-105,3
"SET",1.20337091099898,0.871333141747101,1,0.848142857142857,1.56707357489142e-128,7
"SETBP1",1.96151801846341,1.96151801846341,0.53,0.53,1.42145114989875e-84,1
"SETD2",0.883167361545463,0.709722971931374,0.173,0.1355,3.68151008244348e-17,2
"SETD3",1.06862022970248,0.954986331894055,0.556,0.441333333333333,2.31200841219168e-153,3
"SETD7",2.35223839896647,1.97169716714486,0.381,0.371,7.14381367560553e-293,2
"SETDB1",0.743759252079562,0.743759252079562,0.472,0.472,1.69801306994083e-11,1
"SETDB2",1.14925455307989,0.946738288859468,0.364,0.321,8.64699977799307e-19,2
"SETX",0.917876688197275,0.740097589311159,0.27,0.2155,4.24412206407048e-16,2
"SF1",0.767517276928531,0.560694850215513,0.639,0.503666666666667,3.40578333072914e-06,3
"SF3A1",0.473425848292753,0.473425848292753,0.349,0.349,0.0093733011545652,1
"SF3A2",1.26647823708083,0.793355783782002,0.515,0.40675,4.22072575493594e-59,4
"SF3A3",0.436404296294575,0.38091842131145,0.583,0.466,1.1308811219723e-06,2
"SF3B1",0.388220809651636,0.339206906704232,0.512,0.325333333333333,2.42487906934709e-28,3
"SF3B2",0.582514610630979,0.41059587512839,0.811,0.50775,1.92438283563385e-128,4
"SF3B3",1.30240176108255,1.00821223074107,0.472,0.3665,3.85431012685593e-83,4
"SF3B4",0.783311816852094,0.642322127320972,0.75,0.493,1.21913340091722e-111,3
"SF3B5",1.46609408357653,1.00092716361728,0.972,0.753,1.48845810232369e-159,6
"SF3B6",0.596168415251684,0.504427586470769,0.894,0.577,6.41350654702803e-37,3
"SFI1",1.78886250784232,1.78886250784232,0.299,0.299,3.92739119585387e-78,1
"SFMBT2",3.20774182077696,3.14979244838818,0.424,0.369,6.3824322728856e-64,2
"SFPQ",1.33060830356294,0.870044797514408,1,0.83725,3.7287001839214e-203,4
"SFR1",1.27062727950677,1.27062727950677,0.278,0.278,9.5167503580565e-07,1
"SFSWAP",0.266231184072709,0.260678807008476,0.611,0.463333333333333,6.43552631176891e-96,3
"SFT2D1",0.715568814267485,0.486491510755116,0.535,0.3235,3.17478879563507e-22,2
"SFT2D2",1.51750116216454,1.04977040518293,0.917,0.637,9.75353725108284e-220,3
"SFXN1",3.60825978204406,1.86884080614829,0.419,0.35325,3.87055763594399e-78,4
"SFXN3",2.04600141439787,1.71251748186652,0.5,0.388,4.76829320325612e-135,2
"SFXN4",2.340589047099,2.27168790483904,0.318,0.284,7.91225879036692e-39,2
"SFXN5",0.261510289871802,0.261510289871802,0.305,0.305,8.67701517706357e-122,1
"SGF29",0.713191864939848,0.713191864939848,0.361,0.361,5.40285052737548e-06,1
"SGK1",0.372802447115739,0.372802447115739,0.504,0.504,2.96130843351533e-193,1
"SGK3",2.2006491620579,1.83992333397657,0.806,0.603666666666667,0,3
"SGMS1",1.08885050932552,0.936436601410461,0.583,0.5245,3.0813217048562e-220,2
"SGMS2",3.07373287012689,3.07373287012689,0.514,0.514,0,1
"SGPL1",1.16961031029192,1.16961031029192,0.333,0.333,1.00745596041753e-08,1
"SGPP1",1.24495874148183,1.24495874148183,0.278,0.278,1.28360068283895e-08,1
"SGTA",1.20144287253049,1.20144287253049,0.417,0.417,1.9113263314575e-15,1
"SH2B2",1.29789904457824,1.29789904457824,0.636,0.636,9.73300943232549e-63,1
"SH2B3",1.10867957368395,0.935299711311253,0.806,0.695,2.74019149575619e-277,2
"SH2D1A",5.20513872187529,5.20513872187529,0.593,0.593,8.02056198082998e-201,1
"SH2D2A",4.58408626859952,4.58408626859952,0.419,0.419,7.11462489949288e-150,1
"SH3BGRL",1.23096052773887,1.22425275042524,1,0.983,3.10334112013969e-214,2
"SH3BGRL2",7.80503348477265,7.80503348477265,0.308,0.308,1.51285428068814e-264,1
"SH3BGRL3",2.14418862512736,1.08638309072453,1,0.9575,6.63362256403452e-154,4
"SH3BP1",1.76110230589687,1.48771906248519,0.889,0.705333333333333,1.43253017221436e-255,3
"SH3BP2",1.17388789027585,0.830077100828794,0.972,0.433666666666667,3.31053048799426e-15,3
"SH3BP5",1.27395670248049,1.20207964777545,0.698,0.6035,1.07458071408958e-99,2
"SH3BP5L",1.32870610888161,1.32870610888161,0.389,0.389,6.47784879545208e-23,1
"SH3GL1",0.279349134446209,0.279349134446209,0.306,0.306,0.0116253231258881,1
"SH3GLB1",2.04338450980831,1.23818461684666,0.541,0.409,5.54711772741267e-78,2
"SH3GLB2",1.5807929249105,1.12296232994379,0.545,0.378,2.09403108654655e-38,3
"SH3KBP1",0.358699272329108,0.358699272329108,0.405,0.405,1,1
"SH3PXD2A",2.47650270671806,2.47650270671806,0.273,0.273,4.10997441933408e-59,1
"SH3PXD2B",4.65497139104717,4.65497139104717,0.306,0.306,2.5292512902266e-97,1
"SH3TC1",3.01270182332894,2.6882074350635,0.639,0.5085,5.29211252228325e-246,2
"SH3YL1",2.76464342920039,2.76464342920039,0.402,0.402,9.91788707670399e-165,1
"SHARPIN",1.38405854474388,0.610418349253755,0.455,0.382,1.42915909850985e-56,4
"SHC1",0.876088100549852,0.668352621135171,0.444,0.3735,4.44374557240538e-111,2
"SHCBP1",2.79646189722313,2.79646189722313,0.333,0.333,1.52911170077898e-81,1
"SHISA5",1.78512466486597,1.78512466486597,0.355,0.355,7.27566684934983e-08,1
"SHKBP1",1.4473110626821,1.10543648952929,0.294,0.2255,7.25983841475768e-08,2
"SHLD1",1.49177757854403,1.49177757854403,0.318,0.318,4.70999127187737e-28,1
"SHLD2",1.23748128394888,0.856113042648616,0.389,0.315666666666667,1.22912656399322e-93,3
"SHMT1",2.28061408644728,2.28061408644728,0.394,0.394,2.55257546817685e-72,1
"SHMT2",2.49857210700439,1.47103319915553,0.606,0.3718,8.879991849139e-59,5
"SHOC2",0.543422138187819,0.543422138187819,0.151,0.151,2.54255426602359e-18,1
"SHPRH",1.14368823118135,0.781445303178786,0.561,0.4252,8.05054576777248e-90,5
"SHTN1",4.99243962690583,3.704435662962,0.889,0.8795,0,2
"SIAH2",2.12353547503795,2.12353547503795,0.579,0.579,1.94963231949917e-16,1
"SIDT1",2.50839253943969,2.50839253943969,0.303,0.303,1.8996414884399e-38,1
"SIDT2",2.12493342244532,1.69256090145165,0.639,0.498,1.28719176266995e-128,2
"SIGIRR",2.21283200976755,1.21736551472795,0.686,0.516,1.51153814154436e-94,4
"SIGLEC1",2.66920331798857,2.40326385232186,0.889,0.844,0,2
"SIGLEC14",0.768518645307898,0.555759886290107,0.472,0.3865,1.32192402703386e-136,2
"SIGLEC7",1.30951372437689,1.30951372437689,0.417,0.417,2.98833772941878e-24,1
"SIGLEC9",2.1391323552971,1.80133050532303,0.5,0.45,0,2
"SIGMAR1",1.30253306725333,1.30253306725333,0.258,0.258,1.5366769762456e-15,1
"SIK2",2.01505295671139,2.01505295671139,0.278,0.278,7.48651591832543e-09,1
"SIKE1",1.06548429270869,0.755979243843139,0.409,0.373,5.26858186620775e-11,2
"SIL1",2.67645022613508,1.68783209459325,0.803,0.532,3.22401353766635e-134,3
"SIN3A",0.459732830752411,0.459732830752411,0.5,0.5,2.33168574725632e-06,1
"SIN3B",0.851485987159749,0.687596259785096,0.32,0.313,6.01435950385353e-100,2
"SINHCAF",1.38830810730962,1.06020744111819,0.5,0.4225,1.14570743316019e-70,4
"SIPA1",0.881572724231423,0.604208457704392,0.14,0.1035,2.54095993202036e-21,2
"SIPA1L3",1.24288694105027,1.24288694105027,0.379,0.379,6.31747539870583e-28,1
"SIRPA",0.651165085501187,0.592682786138058,0.75,0.7255,2.03458318894993e-310,2
"SIRPG",3.46868542417979,3.46868542417979,0.267,0.267,7.57523736420909e-43,1
"SIRT1",0.333227363465213,0.333227363465213,0.556,0.556,2.17099305387424e-10,1
"SIRT2",0.604969585165138,0.604969585165138,0.291,0.291,8.18739417351606e-05,1
"SIRT6",1.35822662938977,1.35822662938977,0.278,0.278,4.2663669425819e-05,1
"SIT1",3.04257154049184,2.70706669174847,0.477,0.353333333333333,9.23965781833409e-105,3
"SIVA1",1.36320873134479,1.00796012140854,0.758,0.56,8.77731835312243e-84,6
"SKA2",2.35467552461575,1.54489470803102,0.636,0.467333333333333,7.83182492741336e-44,3
"SKAP1",4.21471555047372,3.85032359384388,0.767,0.6025,4.09053051355413e-286,2
"SKAP2",1.20373917263254,0.890523699043666,0.595,0.507,8.15855680685199e-10,2
"SKIL",0.282725422130805,0.282725422130805,0.583,0.583,8.63956150162011e-10,1
"SKP1",1.33429906136759,0.732582974205938,1,0.87225,8.56304198793192e-138,4
"SLA",0.841878779136528,0.5558579873753,0.386,0.277,8.44572294322316e-07,2
"SLA2",6.63921290652607,3.80550464764574,0.291,0.2855,6.61607181036532e-143,2
"SLAMF1",1.63257966116237,1.63257966116237,0.288,0.288,9.14342254641815e-27,1
"SLAMF6",3.58690403818681,2.25801567558144,0.558,0.453,5.80066529986375e-87,2
"SLAMF7",5.17950821576351,4.37689900467655,0.955,0.7335,0,2
"SLBP",0.521759682516395,0.521759682516395,0.36,0.36,0.000240253950651834,1
"SLC10A7",1.72157491275972,1.31741924940075,0.303,0.2765,7.88741230914976e-14,2
"SLC11A1",1.60207409858837,1.40814944281352,0.478,0.447,7.07298717447965e-52,2
"SLC11A2",0.44993214596057,0.44993214596057,0.306,0.306,0.000272688244645268,1
"SLC12A6",1.78260652912413,1.40280512383784,0.311,0.302,0.0374319626598737,2
"SLC12A7",2.17425517760606,2.09598261938819,0.472,0.3865,8.59390405170441e-164,2
"SLC12A9",0.274766660934632,0.274766660934632,0.694,0.694,2.0453836949313e-16,1
"SLC14A1",7.84641010313329,7.84641010313329,0.474,0.474,1.23828080621233e-255,1
"SLC15A2",1.05855607395793,1.05855607395793,0.288,0.288,1.13277047370479e-20,1
"SLC15A3",1.58733418653031,1.28953680014828,0.833,0.682,3.87718001988287e-301,2
"SLC15A4",0.362419909547704,0.362419909547704,0.349,0.349,2.56170615434129e-05,1
"SLC16A1-AS1",1.31410966006746,1.31410966006746,0.424,0.424,9.69750762680255e-35,1
"SLC16A3",1.31266587087168,0.751367766373467,0.439,0.31125,2.89962822217805e-10,4
"SLC16A6",1.11890131506815,0.906588868822894,0.389,0.3595,8.04192497738246e-199,2
"SLC16A7",2.23585636141363,1.77298038959122,0.472,0.428333333333333,1.22583229501007e-184,3
"SLC17A9",3.56316946197615,3.56316946197615,0.409,0.409,7.99698710142933e-189,1
"SLC18B1",1.88201750397106,1.88201750397106,0.25,0.25,4.79582101656517e-07,1
"SLC1A4",2.46977001530756,2.46977001530756,0.53,0.53,1.85608406881165e-116,1
"SLC1A5",3.5617318730474,2.46562987457211,0.591,0.405,4.52643924548028e-109,5
"SLC20A1",0.361528917696567,0.361528917696567,0.465,0.465,3.93339523094056e-10,1
"SLC22A15",1.11269560819889,1.11269560819889,0.273,0.273,3.92422469354357e-14,1
"SLC23A2",0.641179210372284,0.641179210372284,0.25,0.25,0.000260773290776125,1
"SLC24A4",0.764505087283223,0.764505087283223,0.559,0.559,6.84332083611691e-308,1
"SLC25A1",1.33717344740389,0.859314616722772,0.361,0.320333333333333,3.24044307151508e-09,3
"SLC25A11",1.29502312324684,0.917588633604119,0.556,0.48375,5.54507368934835e-147,4
"SLC25A13",1.1567646991447,1.1567646991447,0.472,0.472,4.64017297054363e-17,1
"SLC25A16",0.330262365833403,0.330262365833403,0.278,0.278,0.0447574718741533,1
"SLC25A19",2.21656145025852,2.21656145025852,0.278,0.278,6.35563535169039e-11,1
"SLC25A20",1.43387553830756,1.43387553830756,0.333,0.333,8.01077995938684e-12,1
"SLC25A23",3.75637793129397,3.75637793129397,0.47,0.47,7.69803691732823e-137,1
"SLC25A24",1.28698489310771,0.718686533018726,0.778,0.4296,3.17014700157957e-208,5
"SLC25A25",1.68159554150944,1.68159554150944,0.278,0.278,2.16417436221366e-10,1
"SLC25A26",1.9509636849722,1.28711241217617,0.288,0.2775,3.46073806262499e-11,2
"SLC25A28",0.749902124844363,0.749902124844363,0.266,0.266,1.09519479430508e-80,1
"SLC25A3",1.1404415568243,0.827057171019751,1,0.843833333333333,1.60128836271676e-175,6
"SLC25A36",0.871841098957178,0.742056172784414,0.444,0.36,2.93738466194385e-72,4
"SLC25A37",2.0273256552721,1.49415916048762,1,0.937333333333333,5.92520475641606e-258,3
"SLC25A39",5.64240406281814,2.40873014475486,0.947,0.637333333333333,1.22650746649934e-124,3
"SLC25A4",4.12856688086497,4.12856688086497,0.758,0.758,3.45533265341349e-250,1
"SLC25A42",1.99558309229956,1.86319313386132,0.561,0.42,1.23726404899278e-55,2
"SLC25A45",1.9154683676433,1.30886517858825,0.545,0.4555,2.49853698047995e-110,2
"SLC25A46",0.978893387742841,0.774257440946233,0.556,0.472666666666667,4.33217060106594e-132,3
"SLC25A5",1.72010083120091,1.31496288586492,1,0.7755,9.44790132492207e-263,6
"SLC25A6",2.08797787458159,1.23758184471821,1,0.899166666666667,7.87533665951745e-313,6
"SLC26A2",1.20000703201208,1.20000703201208,0.333,0.333,8.05635315078586e-08,1
"SLC27A3",1.25300026178619,1.20617052860501,0.583,0.516,2.56181386125513e-266,2
"SLC2A1",6.06934512414142,6.06934512414142,0.561,0.561,1.08610185682091e-83,1
"SLC2A11",2.04881415021382,2.04881415021382,0.379,0.379,7.05910576848088e-38,1
"SLC2A3",1.50347591984939,1.46919356504762,0.472,0.42,2.81752624024844e-59,2
"SLC2A4RG",2.38757690722619,1.48691344587528,0.364,0.3565,5.67444466579456e-22,2
"SLC2A6",2.1261334843208,1.94746537549271,0.417,0.41,1.84442182460011e-203,2
"SLC30A1",1.12109357042496,1.11935340823427,0.583,0.5075,1.75304302865034e-262,2
"SLC30A7",0.861780722531024,0.696708405449783,0.611,0.548,2.44673527747169e-178,2
"SLC30A9",0.463138158507046,0.357858310953524,0.333,0.3095,6.16716852838955e-88,2
"SLC31A1",3.40422707780861,1.91165775684466,0.611,0.442666666666667,4.39867219543507e-189,3
"SLC31A2",1.84507960957334,1.72497421675586,0.917,0.7815,0,2
"SLC33A1",1.34871576141485,0.939066727337568,0.485,0.3815,1.37054217576582e-31,2
"SLC35A1",1.23223825731646,0.898434848661079,0.472,0.4595,5.74754124077609e-229,2
"SLC35A3",0.544344998886112,0.429098616694356,0.417,0.3985,9.45856872019946e-118,2
"SLC35A4",1.73298371013039,1.33617660565303,0.556,0.411666666666667,1.99631448651614e-117,3
"SLC35B1",2.43520505311122,1.41841578843379,0.773,0.511,9.8203741886324e-101,3
"SLC35B2",1.29228963652119,1.29228963652119,0.25,0.25,4.61724843210898e-08,1
"SLC35B3",0.493170435976936,0.493170435976936,0.278,0.278,0.000110669337451102,1
"SLC35B4",0.789072416625364,0.789072416625364,0.25,0.25,0.00235516477112325,1
"SLC35C1",1.54150238331105,1.54150238331105,0.333,0.333,1.45959344065679e-32,1
"SLC35C2",0.579748564359969,0.576932018599265,0.556,0.4115,1.75450900448829e-27,2
"SLC35D2",0.748152855696659,0.748152855696659,0.528,0.528,3.35262640542641e-19,1
"SLC35E1",0.515412461269139,0.493489600587645,0.472,0.4385,5.07253257559507e-134,2
"SLC35E2A",1.45138454786524,1.45138454786524,0.424,0.424,1.41561630867457e-28,1
"SLC35E2B",0.37066881208791,0.37066881208791,0.348,0.348,3.61672798060099e-07,1
"SLC35F2",3.99140016240784,3.99140016240784,0.424,0.424,8.84345941752374e-173,1
"SLC35F5",0.82462947117026,0.82462947117026,0.333,0.333,1.98302938548345e-08,1
"SLC35F6",1.70888379033686,1.52730981018918,0.472,0.401,3.62693097325793e-153,2
"SLC36A4",2.25090995262201,1.75943247483783,0.628,0.525,2.23396817011549e-278,2
"SLC37A2",2.38718374669491,2.38718374669491,0.361,0.361,8.01071904480887e-28,1
"SLC38A1",1.6633058331492,1.14822911299471,0.848,0.6072,4.58498200401569e-139,5
"SLC38A10",1.13079779946822,0.71642066242184,0.667,0.538,1.65735199440338e-247,3
"SLC38A2",0.892939810622594,0.892939810622594,0.288,0.288,0.967821243124063,1
"SLC38A5",3.53393356806807,3.53393356806807,0.5,0.5,3.38356865340765e-152,1
"SLC38A7",2.51426858468336,2.51426858468336,0.361,0.361,3.56883589486414e-20,1
"SLC38A9",1.48150997758322,1.48150997758322,0.306,0.306,9.34452387869439e-12,1
"SLC39A1",1.63476535346538,1.26748378325879,0.639,0.4625,1.2356667370537e-92,2
"SLC39A10",2.33704665492827,1.47052197484808,0.389,0.30775,7.99597304403967e-57,4
"SLC39A11",1.59831379192584,1.2411358891201,0.348,0.327,6.47471982826155e-19,2
"SLC39A6",0.881025898269993,0.881025898269993,0.389,0.389,8.7202263043715e-10,1
"SLC39A7",1.65065937592229,1.21202691694916,0.682,0.5495,3.47569949357234e-65,2
"SLC39A9",1.61202419671978,1.35148285921497,0.417,0.310666666666667,5.77901941974059e-130,3
"SLC3A2",1.25765288077162,0.820360676887968,0.806,0.529,9.3661758062567e-110,5
"SLC40A1",1.22139946637178,1.14818550712386,0.554,0.526,9.84984319442957e-33,2
"SLC43A3",2.8989325696503,2.55608200627409,0.528,0.4775,0,2
"SLC44A1",2.84364054120988,1.56550351298199,0.864,0.615,2.31292061147822e-200,3
"SLC46A2",2.97962200953481,2.97962200953481,0.278,0.278,6.22098507274122e-20,1
"SLC48A1",0.753062182486212,0.753062182486212,0.25,0.25,0.000103285306225889,1
"SLC4A1",10.2082722217851,10.2082722217851,0.912,0.912,0,1
"SLC4A1AP",0.974179745059123,0.63566036258457,0.485,0.414666666666667,1.51712112286889e-129,3
"SLC4A2",1.40607666518824,1.28100909594508,0.333,0.2935,1.707326468021e-132,2
"SLC4A7",1.87069631398047,1.25041337036494,0.472,0.390666666666667,7.88368838209464e-71,3
"SLC50A1",0.548470610151833,0.523948312896327,0.561,0.42,4.35529555454483e-28,2
"SLC52A2",2.27387926624962,1.98546468051835,0.621,0.446666666666667,3.79466898185228e-59,3
"SLC5A3",0.606318066676592,0.389725502836539,0.409,0.323,1.17626534534245e-86,3
"SLC6A6",1.48535172436015,1.41642867567877,0.445,0.3945,1.60271633812599e-39,2
"SLC6A8",8.99423048668942,8.99423048668942,0.474,0.474,0,1
"SLC7A1",1.66659846082951,1.66659846082951,0.303,0.303,4.78377949760753e-32,1
"SLC7A5",6.53248883889057,6.53248883889057,0.579,0.579,1.55513167895141e-144,1
"SLC7A6",0.795155597266369,0.795155597266369,0.361,0.361,1.69365696198782e-05,1
"SLC7A6OS",0.691736206505697,0.691736206505697,0.333,0.333,0.0161804394345214,1
"SLC7A7",2.95904540444488,2.84401093614265,0.917,0.833,0,2
"SLC8A1",1.42558848706779,1.42558848706779,0.254,0.254,3.29856151164545e-08,1
"SLC9A3R1",1.03558870413712,0.867542865122045,0.744,0.515,4.78385385671831e-31,2
"SLC9A9",1.2758468442261,1.2758468442261,0.333,0.333,1.37754400437128e-06,1
"SLCO3A1",1.19493552896464,1.19493552896464,0.295,0.295,0.279594520074073,1
"SLF1",0.694929977834414,0.694929977834414,0.326,0.326,2.37646179803535e-11,1
"SLF2",0.464535871087861,0.444153795924735,0.333,0.3245,2.3896983127975e-73,2
"SLFN11",2.49799488679513,2.05924531175679,0.667,0.6195,0,2
"SLFN12",0.684781736933127,0.684781736933127,0.35,0.35,3.64170102874419e-209,1
"SLFN12L",2.81681908224802,2.02412987843619,0.477,0.387333333333333,1.43485746837154e-152,3
"SLFN13",3.53689425446807,3.53689425446807,0.329,0.329,2.31564733862877e-96,1
"SLFN5",1.13518049063524,0.801302739443418,0.953,0.686,2.87533520756345e-14,2
"SLIRP",1.42034279362419,1.19207772250075,0.944,0.6945,1.328451414474e-210,6
"SLK",0.970388992399807,0.801691059603394,0.279,0.276,0.0141595818293766,2
"SLPI",2.71655961540671,2.71655961540671,0.655,0.655,5.81937211201605e-239,1
"SLTM",0.686026557044142,0.461766069747869,0.78,0.620666666666667,2.79999890296432e-106,3
"SLU7",1.20645743248128,1.20645743248128,0.134,0.134,3.57690686741167e-08,1
"SMAD2",0.730110675299495,0.481666970156907,0.297,0.165333333333333,5.32025433444844e-23,3
"SMAD3",1.18363064558905,1.04060211496916,0.583,0.410666666666667,4.79828238090837e-138,3
"SMAD5",1.27252771017364,1.19618314391112,0.528,0.4625,1.46066201126895e-162,2
"SMAP1",0.831560738331593,0.645028098705756,0.697,0.568,4.77230893588291e-59,4
"SMAP2",1.63469958052942,1.16389235911379,0.799,0.677,7.33676089966776e-214,2
"SMARCA2",0.882531233331936,0.882531233331936,0.337,0.337,0.0653981092430394,1
"SMARCA4",1.51167122654479,1.07964542077543,0.694,0.54875,5.58449978419841e-194,4
"SMARCA5",0.754661811016783,0.573052895293466,0.861,0.6038,4.58240408669145e-143,5
"SMARCAD1",2.26537837672752,1.68936560136705,0.409,0.348,1.57870262331821e-19,3
"SMARCB1",2.69743185521778,1.70800425068971,0.879,0.59925,2.27211796001635e-136,4
"SMARCC1",0.840951153930674,0.427540976605435,0.697,0.4784,1.99058413479194e-106,5
"SMARCC2",0.420596223557687,0.420596223557687,0.43,0.43,1.33238479207107e-05,1
"SMARCD1",1.35613820743295,0.852555525077778,0.556,0.496666666666667,2.50259564302036e-17,3
"SMARCD2",0.363816135240439,0.363816135240439,0.481,0.481,5.64220273880486e-138,1
"SMARCE1",1.26479980105103,0.65496449251148,0.545,0.393,1.87362568339726e-30,5
"SMC1A",1.86711044201335,1.30155601335017,0.889,0.64625,7.6197002006418e-218,4
"SMC2",1.49076531014894,1.14967000867186,0.348,0.313,1.27150409466183e-20,2
"SMC3",1.39585699688538,0.850558080782073,0.722,0.5054,1.27334240950164e-53,5
"SMC4",2.82246237341897,1.49064949733852,0.742,0.52025,6.89982094801575e-46,4
"SMC5",0.710773211519505,0.516568920719372,0.722,0.467,2.8826458074469e-103,4
"SMC6",2.0287602214762,1.57949148089746,0.384,0.3435,7.21612246943348e-76,2
"SMCHD1",1.5879039304303,1.39861250043632,0.855,0.7875,2.6621775074958e-256,2
"SMCO4",2.56681172600858,2.54236787536872,0.833,0.692,0,2
"SMCR8",0.469476654182705,0.454646733366703,0.611,0.538,2.93012534169329e-162,2
"SMDT1",1.47737845501527,0.893711613929429,0.939,0.774833333333333,4.13636708733691e-134,6
"SMG1",0.70398205852848,0.527446691323064,0.49,0.33375,5.1492098790493e-16,4
"SMG6",1.06933578684273,1.06933578684273,0.267,0.267,3.5615686918146e-07,1
"SMIM1",2.36196347462302,2.36196347462302,0.316,0.316,1.45371053315986e-27,1
"SMIM10L1",1.10686604771097,0.894894213728118,0.409,0.343,5.17759473221479e-38,3
"SMIM12",1.28939030696482,0.998866395331894,0.472,0.365333333333333,2.27600706169805e-86,3
"SMIM13",0.831208582772508,0.831208582772508,0.273,0.273,1.09458824564196e-20,1
"SMIM15",1.4187862090775,1.06743567805164,0.583,0.461,1.58252269365852e-134,3
"SMIM19",2.03382336583847,0.973200146274294,0.5,0.382,2.66764343274874e-49,5
"SMIM20",1.12309517646366,0.959435175404975,0.47,0.4015,4.16464921392337e-25,2
"SMIM25",0.873806508073358,0.873806508073358,0.667,0.667,5.36740705480379e-18,1
"SMIM26",0.665777251105411,0.499971468476824,0.861,0.645,8.61618346554096e-112,5
"SMIM29",0.794779057628275,0.794779057628275,0.444,0.444,1.85919222524076e-11,1
"SMIM3",3.72468904964785,3.72468904964785,0.288,0.288,1.63477698053449e-48,1
"SMIM30",0.56445554642701,0.56445554642701,0.25,0.25,1,1
"SMIM37",1.56120905650958,0.986736056267856,0.621,0.4814,2.45358640201612e-91,5
"SMIM4",1.95201640846461,1.6633259301838,0.556,0.499333333333333,3.22612901995738e-147,3
"SMIM5",1.4021481145054,1.4021481145054,0.316,0.316,1.68868116800964e-66,1
"SMIM7",0.679288032096266,0.528459721306532,0.75,0.52375,1.13275232693621e-123,4
"SMOX",8.81617047919403,4.59391191388908,0.376,0.3545,1.68161497480575e-312,2
"SMPD4",0.595802201860584,0.595802201860584,0.25,0.25,0.0405897095383563,1
"SMS",0.826903623575836,0.653982563596201,0.778,0.563,2.04400363142889e-144,3
"SMU1",0.546220123853028,0.482053218408087,0.639,0.533333333333333,3.31616269240493e-139,3
"SMUG1",1.29967705247861,1.28950269820489,0.379,0.3145,4.7324902608431e-26,2
"SMYD4",0.736828005963341,0.736828005963341,0.273,0.273,4.30662104299684e-10,1
"SNAP23",2.63393212308396,1.49492829530139,0.448,0.3035,2.27495224953043e-29,2
"SNAP29",0.694376380888495,0.472921374753439,0.639,0.522,4.60068693294315e-120,2
"SNAP47",0.532641445132388,0.532641445132388,0.273,0.273,1.67225178449949e-10,1
"SNAPC3",1.69761721339893,1.26064544208623,0.455,0.394666666666667,8.60883823390689e-160,3
"SNAPC5",0.500317905362945,0.500317905362945,0.303,0.303,1.03790277634947e-08,1
"SNAPIN",1.63196940171535,1.15967025981777,0.364,0.341333333333333,7.77204108668469e-134,3
"SNCA",6.53368463632656,4.88537510639375,0.93,0.752,0,2
"SND1",2.20330572983315,1.59259420449767,0.773,0.5665,2.43501180865758e-221,4
"SND1-IT1",1.70380073190611,1.70380073190611,0.379,0.379,1.03087039195577e-29,1
"SNF8",1.25646773568716,0.913998792789674,0.833,0.576833333333333,1.85518414043602e-212,6
"SNHG15",1.46527910344191,0.908271953856309,0.258,0.254666666666667,6.62513582738283e-07,3
"SNHG19",1.36450028575677,1.36450028575677,0.288,0.288,9.41147561786295e-15,1
"SNHG25",0.702794049536202,0.577226887335175,0.859,0.542,7.66257826828255e-139,4
"SNHG7",2.80040831316418,1.5118761417451,0.755,0.481333333333333,2.49616857393826e-315,3
"SNHG8",2.33209521184844,1.49758669436386,0.972,0.861,8.11803548220199e-245,3
"SNN",3.9375388960098,3.9375388960098,0.371,0.371,2.67131513235303e-64,1
"SNRK",1.5025060544371,1.22259398850686,0.263,0.2125,0.314170551692003,2
"SNRNP200",0.687769605409059,0.420074767843119,0.488,0.440333333333333,3.07779576079904e-38,3
"SNRNP25",1.92528520460538,1.35014062286629,0.621,0.491,1.51857629856623e-42,2
"SNRNP27",1.20389364003459,0.700474686277081,0.591,0.512,8.62689906799207e-99,3
"SNRNP35",0.921554639188553,0.51241214293476,0.545,0.394333333333333,2.28655526701393e-18,3
"SNRNP40",1.7181470627567,1.33324552815041,0.417,0.349333333333333,8.20221608563898e-36,3
"SNRNP70",0.507213701924998,0.435551204866957,0.57,0.350333333333333,2.70409122018304e-33,3
"SNRPA",1.39460187026516,1.05086004770845,0.455,0.36575,3.8675932910999e-61,4
"SNRPA1",1.84145285876218,1.12501121374651,0.758,0.4738,4.85719860909273e-47,5
"SNRPB",1.89552683940367,1.15890934416125,1,0.769166666666667,2.33624821206264e-107,6
"SNRPB2",1.53984888416115,1.09531649242596,0.894,0.696666666666667,4.23801773589224e-129,6
"SNRPC",1.73789870298717,1.25059473346786,0.848,0.584666666666667,2.08187653788238e-132,6
"SNRPD1",1.95707215387261,1.31082217696161,0.861,0.638166666666667,1.23245300312548e-111,6
"SNRPD2",1.89588595328738,1.16600883996981,0.924,0.799166666666667,3.02649032335086e-180,6
"SNRPD3",1.5581462566128,0.908016324680611,0.944,0.719833333333333,4.55974803837701e-105,6
"SNRPE",1.36028015175084,1.11661851351217,0.889,0.704166666666667,5.56877790445852e-131,6
"SNRPF",2.17127531524695,1.43731754976347,0.894,0.711333333333333,1.05666637954366e-113,6
"SNRPG",1.67527722725162,1.19630721194111,0.972,0.7775,3.86892168225048e-109,6
"SNRPN",1.48846584919815,1.30915035348621,0.555,0.5,5.65440577281048e-143,3
"SNTB1",1.42499721178006,1.42499721178006,0.431,0.431,4.95286436357742e-257,1
"SNTB2",0.42886164416861,0.42886164416861,0.291,0.291,9.8941239375951e-05,1
"SNU13",1.75396020909196,1.19545833139524,0.972,0.745166666666667,3.08227297378589e-100,6
"SNUPN",1.24783886377872,1.15715237620141,0.417,0.376,1.63210971598865e-115,2
"SNW1",0.77210094742632,0.487313595790972,0.642,0.55,3.09559433072179e-118,3
"SNX1",0.703219413232674,0.586098845156307,0.778,0.7045,1.90897660400019e-165,2
"SNX10",1.80761172909089,1.03910355349264,0.451,0.325,2.73015201877841e-44,2
"SNX14",0.380126227632758,0.372892458676982,0.611,0.533,1.65030430971559e-121,2
"SNX17",1.25814766604122,0.958478084872929,0.972,0.63825,1.26251246351686e-191,4
"SNX19",0.48689886999467,0.48689886999467,0.389,0.389,5.49537442770727e-06,1
"SNX2",1.85750312684735,1.11862399504112,0.972,0.844666666666667,3.11203233740658e-222,3
"SNX22",5.2689713609556,5.2689713609556,0.353,0.353,0,1
"SNX24",1.71972882751679,1.71972882751679,0.25,0.25,2.34851114378156e-17,1
"SNX27",1.32620920875044,1.04966562384043,0.193,0.1805,1,2
"SNX29",2.287639220742,1.12644053094066,0.47,0.426666666666667,1.84266351875287e-115,3
"SNX3",2.23554723083201,1.18249151716248,0.595,0.533,2.45408836447763e-18,3
"SNX30",2.14127110376011,1.85455498704839,0.5,0.4495,2.36860071687008e-299,2
"SNX4",1.17170424951815,0.898094163979646,0.472,0.3895,2.34856869035946e-125,4
"SNX5",1.31821290384703,1.20896892490541,0.778,0.5544,2.98285614107686e-157,5
"SNX6",0.86724102149645,0.576041195638683,0.889,0.614,2.41807844528328e-15,3
"SNX8",1.36940575885215,1.36940575885215,0.273,0.273,5.63794647030056e-16,1
"SNX9",0.315434435012334,0.315434435012334,0.333,0.333,0.00220913040033562,1
"SOAT1",1.14952430482489,0.999638358230275,0.722,0.6625,4.25321286989126e-308,2
"SOCS1",3.03206741062665,3.03206741062665,0.384,0.384,1.34144672641317e-184,1
"SOCS2",5.76971596968348,5.76971596968348,0.35,0.35,0,1
"SOCS4",0.613731088097301,0.613731088097301,0.331,0.331,6.7809707128271e-95,1
"SOD1",1.97044048142329,1.18407090663432,0.894,0.620666666666667,7.71838865544411e-214,6
"SOD2",1.69629512685459,1.18477722900531,0.767,0.690333333333333,3.4215557481558e-202,3
"SON",0.45214087469818,0.396726521314888,0.977,0.93475,1.38578268888788e-60,4
"SORBS3",2.68749612884127,2.68749612884127,0.25,0.25,8.28936252124479e-17,1
"SORL1",1.74235011735133,1.47968846231137,0.753,0.7255,1.01526955391234e-143,2
"SORT1",2.31610315615056,1.39078502006361,0.722,0.5045,0,4
"SOS2",1.22184286668432,1.0164984463388,0.512,0.337333333333333,6.64525057928428e-15,3
"SOX4",2.08538448546659,1.41358927595895,0.472,0.447,4.74996648935118e-262,2
"SOX6",6.36611285589469,6.36611285589469,0.439,0.439,3.97411148872333e-267,1
"SP100",0.698486339513112,0.698486339513112,0.297,0.297,6.12255196901108e-06,1
"SP110",1.32701002083068,0.952552798914505,0.446,0.35,2.70414955654145e-10,2
"SP140",1.92822518702513,1.50408710202559,0.833,0.575333333333333,7.3335495473539e-128,3
"SP140L",1.93972437828431,1.28349582401126,0.523,0.445666666666667,4.83799093794699e-101,3
"SP3",0.840672755891329,0.840672755891329,0.139,0.139,1.46929984678321e-08,1
"SP4",1.84878441919229,1.84878441919229,0.419,0.419,1.480416251734e-30,1
"SPAG4",5.10961028577844,5.10961028577844,0.303,0.303,1.72922173313551e-218,1
"SPAG7",1.23929842589366,1.03297467322333,0.682,0.5074,2.98912323560327e-104,5
"SPAG9",1.80432176936504,1.46821401797069,0.305,0.301,0.00664687841006409,2
"SPARC",7.42209553958298,7.42209553958298,0.492,0.492,0,1
"SPART",1.80074100041599,0.842848997536242,0.556,0.424333333333333,4.55095895077972e-104,3
"SPATC1L",2.0766175616414,1.91947101370861,0.303,0.2905,5.19987273292771e-26,2
"SPATS2",4.23718935432989,4.23718935432989,0.985,0.985,3.55613067815851e-228,1
"SPATS2L",1.58809254446166,1.10065515261317,0.694,0.477333333333333,1.9591506762755e-83,3
"SPCS1",3.0243986340407,1.1100661623124,0.944,0.7965,4.97741564209496e-123,6
"SPCS2",3.34413880746783,1.31166874587007,1,0.7886,1.62886772228759e-89,5
"SPCS3",2.49481339586672,1.13462846366266,1,0.8068,3.41361639120769e-141,5
"SPECC1",3.3516876418159,1.9764401370649,0.583,0.537,0,3
"SPEN",0.999258616240448,0.782628079634656,0.156,0.1375,1.29678956206363e-16,2
"SPG11",1.24115409786909,0.904950295658694,0.181,0.1675,5.74004013113779e-08,2
"SPG21",1.39795245404747,0.83240280890394,0.917,0.50975,8.63783731624532e-242,4
"SPG7",0.415169201709427,0.35283397137534,0.806,0.659,2.66731561338207e-08,2
"SPHK1",2.05423017523481,2.05423017523481,0.333,0.333,4.482433753743e-24,1
"SPHK2",1.23331140690766,0.745082582715413,0.389,0.3385,3.28359200535767e-12,2
"SPI1",1.70273919607491,1.1533142220759,1,0.752,2.15855742411461e-71,2
"SPIB",6.26894664580438,6.26894664580438,0.685,0.685,0,1
"SPIDR",0.884945111903723,0.733059321642464,0.449,0.4465,2.73028274119221e-194,2
"SPINT1",0.90333812168901,0.90333812168901,0.278,0.278,4.43373513751917e-07,1
"SPINT2",1.76235778786042,1.35432195507694,0.392,0.362,1.97444330727819e-71,2
"SPN",4.06413000324159,2.20212576372416,0.837,0.725666666666667,1.05768129448573e-163,3
"SPNS1",0.662424505161084,0.551615249399211,0.5,0.4485,2.75656364040022e-178,2
"SPOCK2",4.03008833443759,3.18351025805904,0.632,0.601,0,2
"SPON2",6.87272806891287,6.87272806891287,0.581,0.581,9.33778552197074e-287,1
"SPOP",0.748399247284316,0.615691926572681,0.123,0.098,2.75597155102745e-19,2
"SPOPL",1.31839371576988,1.31839371576988,0.273,0.273,5.2883796400147e-05,1
"SPOUT1",1.87195169602452,1.58490608851245,0.348,0.3135,4.81013952371933e-18,2
"SPPL2A",0.583458629596645,0.505339253266375,0.889,0.509,1.27700346743812e-13,2
"SPPL2B",0.422710499356526,0.422710499356526,0.303,0.303,3.90087403166791e-07,1
"SPPL3",0.3822587168004,0.3822587168004,0.694,0.694,6.0295860320056e-15,1
"SPRED1",5.5446771746586,5.5446771746586,0.333,0.333,5.62543853184097e-75,1
"SPRTN",1.184333364758,1.184333364758,0.417,0.417,7.55856652036095e-11,1
"SPRYD7",1.0048879095846,1.0048879095846,0.273,0.273,2.06794941674017e-17,1
"SPSB3",0.341182894776217,0.341182894776217,0.326,0.326,0.0301492374481598,1
"SPTA1",10.2852412866895,10.2852412866895,0.439,0.439,0,1
"SPTAN1",1.74036914959905,1.39147819588954,0.721,0.525,3.16836861460002e-108,3
"SPTB",4.93244398330975,4.93244398330975,0.298,0.298,5.98669639202021e-108,1
"SPTBN1",1.7510694167206,1.06781010298274,0.454,0.374333333333333,5.41252091437157e-21,3
"SPTLC1",0.441268922922037,0.441268922922037,0.495,0.495,1.33803815273387e-147,1
"SPTLC2",1.44967453889214,0.9002959540763,0.972,0.621,0,4
"SPTSSA",2.27321515826308,1.48384507011228,0.639,0.628,0,3
"SPTY2D1",0.297385483034302,0.286503489327456,0.742,0.5935,2.47063152183489e-113,2
"SQLE",2.21162485517293,1.57495029179984,0.472,0.4255,1.82911014888821e-17,2
"SQOR",1.50015290838518,0.968448368624898,0.736,0.441,1.01288714324308e-206,3
"SQSTM1",0.538506040348586,0.538506040348586,0.204,0.204,1.50250044641309e-15,1
"SRA1",0.419617471019913,0.374994159884027,0.803,0.7765,4.90271468755572e-29,2
"SRBD1",0.707046205870989,0.707046205870989,0.515,0.515,9.50939849764396e-31,1
"SRC",3.05838504641924,3.05838504641924,0.472,0.472,5.69032661262665e-97,1
"SRD5A1",2.45601644883267,2.45601644883267,0.3,0.3,9.92307477608267e-209,1
"SRD5A3",2.51787364917089,2.40962020591467,0.303,0.2765,2.80790679834148e-46,2
"SREBF2",0.929478145808771,0.864305661625842,0.528,0.4365,5.05251233057037e-99,2
"SREK1",1.32146514044805,0.700964983800599,0.746,0.413333333333333,2.03823070340569e-185,3
"SREK1IP1",0.779653818314361,0.653959280243687,0.778,0.55275,7.84299294876648e-125,4
"SRF",0.609341000651352,0.609341000651352,0.333,0.333,1.5343136240421e-05,1
"SRFBP1",1.52035262289021,1.08488635159569,0.417,0.354333333333333,5.74969420914416e-37,3
"SRGAP1",1.99308942566197,1.99308942566197,0.25,0.25,1.92115056372915e-06,1
"SRGAP2",1.25017420808078,1.15405546568351,0.806,0.668,2.2279157811951e-254,2
"SRGAP2B",1.60766037895047,1.04658550124827,0.309,0.2935,1.67657347016322e-172,2
"SRGAP2C",1.53899115365269,1.44980510999762,0.667,0.549,4.69195090981463e-218,2
"SRGN",3.18325771037955,2.16455376589537,0.977,0.9745,0,2
"SRI",1.15536263524714,0.557126140513889,0.742,0.546666666666667,2.15308151766223e-108,6
"SRM",3.28163025775902,1.59246723160994,0.879,0.5156,3.83371162907005e-74,5
"SRP14",1.14971685556945,0.655557309684069,1,0.950333333333333,1.40772930435298e-56,6
"SRP19",0.981734828955504,0.683344421436673,0.894,0.6155,2.90365689935939e-34,4
"SRP54",1.52786002114469,0.870767263076631,0.879,0.674333333333333,1.22546501561852e-44,3
"SRP68",2.06773850716044,1.33665338160589,0.758,0.48375,1.67073506521939e-101,4
"SRP72",2.11094058517416,1.33187936473044,0.879,0.634,2.89187382720525e-208,6
"SRP9",1.02628088195325,0.669017407426895,0.778,0.593666666666667,3.07391297610473e-96,6
"SRPK1",0.266008029771578,0.266008029771578,0.277,0.277,1,1
"SRPK2",0.785482214566901,0.785482214566901,0.114,0.114,9.10269419887732e-08,1
"SRPRA",1.89081212779978,0.806198424835366,0.924,0.5844,3.58260998318101e-104,5
"SRPRB",3.53178224135336,3.53178224135336,0.818,0.818,4.1148267628411e-150,1
"SRRD",2.24877447574832,1.62332151096938,0.333,0.306666666666667,7.88300060760804e-20,3
"SRRM1",1.22747461590582,0.868789358914722,0.972,0.8374,1.23266081338955e-117,5
"SRRM2",0.5452823626914,0.452139864794822,1,0.895,3.04820714116179e-90,4
"SRRT",1.09931504144702,0.627348858757715,0.528,0.424,2.93337520307827e-54,4
"SRSF1",1.12700941753612,0.695718523290358,0.861,0.5085,1.43047221069839e-123,4
"SRSF10",1.60670590157381,0.798371651839465,0.631,0.58175,1.77529272303671e-79,4
"SRSF11",0.610132861245013,0.411928562071024,0.917,0.6678,5.28441596698269e-118,5
"SRSF2",1.58598012141313,0.822328522602255,0.614,0.298,2.0844628486391e-32,3
"SRSF3",1.11062152051444,0.688731873277351,1,0.7914,5.0389774462354e-118,5
"SRSF4",0.449027193126667,0.343724200747681,0.709,0.33775,5.18675295664871e-38,4
"SRSF5",1.41398978273841,0.995685032857818,0.951,0.947666666666667,3.42163009037497e-190,3
"SRSF6",0.54587147711199,0.514998343063352,0.778,0.6945,2.70771865161841e-156,2
"SRSF7",1.55344918866027,1.06120981616831,0.889,0.800166666666667,1.89620260831858e-135,6
"SRSF8",1.50076989999549,1.12703961428677,0.427,0.34225,3.7998397263356e-85,4
"SRSF9",0.971998966185527,0.748499349728768,0.972,0.8412,1.63256126925298e-117,5
"SS18",1.1513557207624,0.693770536220059,0.606,0.428666666666667,1.87559182001461e-84,3
"SS18L2",1.42061765466554,1.04123190121639,0.712,0.4774,9.86217512501993e-62,5
"SSB",1.82809731410645,1.24496577653496,0.861,0.662666666666667,1.88166774017942e-214,6
"SSBP1",1.61769502939388,1.21592456345906,0.972,0.771166666666667,1.21574173924309e-114,6
"SSBP2",0.660696267719889,0.660696267719889,0.252,0.252,1.30013732738867e-42,1
"SSBP3",2.4242862549208,1.53554141599706,0.583,0.43875,2.94721540523558e-139,4
"SSBP4",2.40234116091005,1.25086681548968,0.756,0.5018,6.76537727000399e-126,5
"SSFA2",0.420773227744189,0.420773227744189,0.527,0.527,1.1263759684935e-217,1
"SSH2",1.76239313600679,1.40138467277016,0.436,0.421,3.78951983211685e-16,2
"SSNA1",1.52368523600005,1.0069170240692,0.806,0.5925,4.36028263721273e-85,6
"SSPN",4.45403714521294,4.45403714521294,0.606,0.606,6.25252630169523e-267,1
"SSR1",1.25032060049317,0.91388196027178,0.924,0.874,1.14183988060357e-233,3
"SSR2",1.7176217500577,1.04274625169707,0.972,0.8574,9.02761629265675e-132,5
"SSR3",3.65651008616824,1.53275350978685,0.97,0.704,8.220088891974e-236,5
"SSR4",3.32871637719949,1.26647051945829,1,0.793285714285714,3.8496348529892e-135,7
"SSRP1",1.99968126136945,1.57911133300916,0.694,0.472,3.62405008502309e-77,4
"SSSCA1",2.3512341467387,1.5017369006291,0.758,0.532,1.23375364847292e-69,2
"SSU72",0.296994002141537,0.296834428637205,0.663,0.3965,5.93671378528509e-48,2
"ST13",1.32767468575546,0.745469726996329,0.889,0.6946,2.1518452972709e-113,5
"ST14",3.00957240885442,3.00957240885442,0.306,0.306,1.71956710421551e-16,1
"ST3GAL5",2.6521740213851,1.82654231429344,0.778,0.462666666666667,1.75692259462101e-120,3
"ST6GAL1",2.41545409779303,1.36735640501895,0.803,0.5275,1.77855937944041e-163,4
"ST6GALNAC4",3.73592595906702,3.64980804258296,0.818,0.5755,2.37251899761181e-193,2
"ST7L",1.06176932978067,1.06176932978067,0.306,0.306,2.45635966374649e-11,1
"ST8SIA4",1.6394364985751,1.22598535745638,0.285,0.2235,0.00111045149112746,2
"STAB1",3.35087285509672,3.32362455781004,0.778,0.6145,0,2
"STAC3",1.90260665511664,1.79139365676866,0.528,0.4405,5.03240776875529e-261,2
"STAG3",5.37436753718513,5.37436753718513,0.413,0.413,0,1
"STAM",0.452732493742757,0.452732493742757,0.25,0.25,0.0919232035187677,1
"STAMBP",1.08789638962461,1.08789638962461,0.326,0.326,2.39305515515204e-06,1
"STAP1",4.80276643800131,2.9114295571404,0.379,0.3355,2.69518599251776e-228,2
"STARD3",0.674269366987219,0.674269366987219,0.361,0.361,7.40682097273166e-06,1
"STARD3NL",0.929243350574547,0.732981393624398,0.528,0.415,1.36979880819496e-10,2
"STARD4",2.24740471764129,1.92136014567641,0.333,0.3165,2.23823149662994e-166,2
"STARD5",3.41782453687717,3.41782453687717,0.273,0.273,2.23602133943527e-88,1
"STARD7",1.6540685328865,1.27622270043904,0.694,0.6005,7.99333494732107e-215,4
"STAT1",0.950416371654782,0.678079731412035,1,0.65125,9.84093008614944e-114,4
"STAT2",0.762982454898562,0.550187626300846,0.889,0.49125,6.46077090303516e-220,4
"STAT3",0.804846964426565,0.49809222624883,0.505,0.335666666666667,5.29106140211863e-05,3
"STAT4",3.69678837127211,3.4564562494639,0.442,0.378,7.370040224796e-241,2
"STAT5A",0.293025363949797,0.293025363949797,0.639,0.639,2.63354327738092e-09,1
"STAT5B",1.427817821587,1.30789710378752,0.258,0.2165,1,2
"STAT6",1.22758529722403,1.02909659323947,0.211,0.195,0.109969946966097,2
"STAU1",1.33842600164125,1.33842600164125,0.368,0.368,1,1
"STEAP4",1.87462500126601,1.78183835751385,0.673,0.6265,9.13727222003474e-239,2
"STIM1",0.565412968567954,0.565412968567954,0.349,0.349,2.35193523639443e-06,1
"STIM2",1.31450179307785,1.09163820677564,0.512,0.360333333333333,4.05908774238614e-40,3
"STIP1",1.61432559372248,1.12700589615929,0.667,0.4468,1.90862105261462e-75,5
"STK10",1.01369939416772,0.649272695986337,0.756,0.372333333333333,1.57769180383509e-14,3
"STK11",3.05473721585358,1.25790926967585,0.611,0.509666666666667,4.2636850195322e-98,3
"STK16",0.812124892195174,0.629797485226716,0.364,0.31,4.42371411372531e-10,2
"STK17A",0.901816000120724,0.701891698793247,0.849,0.548666666666667,1.09800532224784e-63,3
"STK17B",1.07844918523863,0.835891709341674,0.457,0.368,3.24621502812863e-07,2
"STK25",1.53400970969678,1.08900311807687,0.333,0.29875,6.8709114492757e-80,4
"STK3",0.344404006852185,0.344404006852185,0.417,0.417,7.47243931012443e-13,1
"STK32C",2.31544373084126,2.31544373084126,0.333,0.333,1.88056761553529e-17,1
"STK38",1.37200965999146,0.952343971378948,0.449,0.2955,9.51563186183362e-23,2
"STK38L",0.307158052250608,0.307158052250608,0.528,0.528,1.24824696578563e-07,1
"STK39",3.41819516331704,3.41819516331704,0.384,0.384,2.23432758738359e-59,1
"STK4",0.765766241748934,0.765766241748934,0.524,0.524,1.10768751521888e-06,1
"STMN1",4.21937892968811,2.76354368043033,0.434,0.348666666666667,5.49199658520373e-118,3
"STMP1",1.07243865860249,0.749285485125367,0.795,0.513666666666667,1.06764388707028e-173,3
"STN1",0.57817764198473,0.57817764198473,0.364,0.364,5.19234410579936e-14,1
"STOM",2.75828359778616,2.41240948804091,0.775,0.60725,1.07027112838343e-131,4
"STOML2",2.20795279147508,1.40004017420132,0.788,0.513,1.37263760417828e-69,5
"STRADB",4.48652874503894,4.48652874503894,0.719,0.719,2.74797405784172e-96,1
"STRAP",0.614854706581324,0.486683991982678,0.773,0.5735,2.10604652794698e-102,4
"STRBP",3.97610739305614,2.32042677499725,0.591,0.545,0,2
"STRIP1",0.476203925034137,0.476203925034137,0.333,0.333,1.74596279723853e-05,1
"STRN",0.316365329771654,0.316365329771654,0.583,0.583,1.48426569505676e-10,1
"STRN3",0.400495915636248,0.339971170101423,0.409,0.3705,2.9245259621439e-101,2
"STRN4",0.446954493768913,0.446954493768913,0.5,0.5,3.27513279626033e-09,1
"STS",2.07774166865698,2.07774166865698,0.261,0.261,7.21716584285035e-212,1
"STT3A",2.2302041621781,2.2302041621781,0.667,0.667,1.21503396710533e-76,1
"STT3B",2.02439603762488,1.17025253809075,0.924,0.695333333333333,6.07274483955396e-154,3
"STUB1",0.968014629862993,0.601284167963291,0.806,0.596166666666667,8.02879137786875e-113,6
"STX10",0.89112348121041,0.659265978368875,0.861,0.566,1.74664613437115e-254,3
"STX11",0.748564503259921,0.748564503259921,0.636,0.636,7.59512579810022e-291,1
"STX12",0.958008612719362,0.919567388063521,0.778,0.6895,2.17591348681978e-229,2
"STX16",1.11110660817741,0.867419160297899,0.149,0.1375,6.87946750939408e-13,2
"STX18",1.00478223422851,0.973639890485249,0.455,0.3665,1.19896927966216e-31,2
"STX2",0.49374527619155,0.49374527619155,0.288,0.288,3.51535582190043e-08,1
"STX3",1.57701136565342,1.48138225292481,0.367,0.3345,1.88307688462115e-35,2
"STX4",0.292628206989197,0.292628206989197,0.583,0.583,7.26439212782208e-10,1
"STX5",0.626290305632037,0.519800172661105,0.515,0.431,6.07664294698831e-91,2
"STX7",0.852350909049738,0.51469739016487,0.743,0.396666666666667,2.07862467060803e-79,3
"STX8",1.54841992943829,0.859227125460168,0.47,0.40725,3.4437046424938e-78,4
"STXBP2",3.63290280093933,3.63290280093933,0.841,0.841,7.98649991226864e-147,1
"STXBP3",1.25359132932267,0.79764189481054,0.166,0.1225,2.08920439315339e-17,2
"STXBP5",0.663017195135726,0.62455402970429,0.442,0.4135,2.73843189448701e-15,2
"STYX",1.22613425159231,1.03260340115039,0.556,0.4565,4.46940605705491e-105,2
"STYXL1",0.354298833850187,0.354298833850187,0.25,0.25,0.000465561088890045,1
"SUB1",3.7351241327149,1.58219139286244,1,0.90175,8.26092187528425e-68,4
"SUCLA2",1.37349784317293,1.27981323245994,0.5,0.402666666666667,4.93336001038563e-87,3
"SUCLG1",0.903954397862848,0.664889431680825,0.712,0.5128,9.7220270946651e-142,5
"SUCLG2",1.36583053902626,1.05879301347558,0.606,0.412,5.05743281358896e-88,5
"SUCNR1",5.94050542556169,5.94050542556169,0.309,0.309,1.07077065896003e-253,1
"SUCO",2.3435117372648,2.21522201146947,0.333,0.3245,1.58715400880015e-26,2
"SUDS3",0.683560882586011,0.683560882586011,0.372,0.372,2.22515518728731e-06,1
"SUGP1",0.319334446577026,0.319334446577026,0.25,0.25,0.662004659962931,1
"SUGP2",0.921005044116533,0.555116553651914,0.535,0.441,7.05554575882585e-120,3
"SUGT1",1.49491240265007,1.03866322986993,0.75,0.496666666666667,6.93180864089489e-165,6
"SULT1A1",1.08705412754634,0.955953659252158,0.917,0.8835,0,2
"SULT1A3",0.378329230890285,0.378329230890285,0.25,0.25,0.000562119245810006,1
"SUMF1",2.07072278769517,2.07072278769517,0.257,0.257,5.9474422719407e-167,1
"SUMF2",1.71078303867043,0.958730033942409,0.606,0.372,9.89345828985912e-63,4
"SUMO1",1.11348157358037,0.548822929660447,0.879,0.664,1.8791232567171e-86,6
"SUMO2",1.02231736916386,0.600613199440749,1,0.840833333333333,1.01657801840056e-82,6
"SUMO3",0.971015565394105,0.574812515439347,0.722,0.5435,2.01535099672524e-191,4
"SUN1",1.6789785796195,1.22520215041368,0.424,0.341666666666667,1.96483144615443e-122,3
"SUN2",1.67068418114629,1.51227481178372,0.674,0.6135,3.59151929857241e-90,2
"SUPT16H",1.43669114246559,0.90577715505041,0.75,0.5122,1.90680543295209e-49,5
"SUPT4H1",0.696622002001876,0.696622002001876,0.139,0.139,8.25525023282454e-21,1
"SUPT5H",0.564968186939243,0.495599814855321,0.742,0.615,4.22153960967148e-21,2
"SUPT7L",1.30329610586915,1.30329610586915,0.306,0.306,1.29247733984525e-06,1
"SUPV3L1",1.41996099275243,1.41996099275243,0.278,0.278,2.06218973912078e-06,1
"SURF1",1.15598175706573,0.687782057535458,0.639,0.4682,2.6480900463832e-125,5
"SURF2",0.442066468415683,0.442066468415683,0.25,0.25,1,1
"SURF4",0.998211408222296,0.86931663966182,0.75,0.60975,6.10445545922019e-205,4
"SURF6",1.01356219292766,1.01356219292766,0.301,0.301,1.08672993656085e-49,1
"SUSD1",1.42776735228024,1.42776735228024,0.358,0.358,5.5465649873132e-237,1
"SUSD3",2.14825563336107,1.68099163275995,0.409,0.344,3.14508948179874e-94,2
"SUZ12",1.44918839278733,0.867715867826268,0.494,0.31,1.21071487190759e-36,2
"SVBP",0.642609546241726,0.505771765927224,0.528,0.389333333333333,4.30160189762678e-97,3
"SVIL",1.05048995081901,0.650809628185853,0.382,0.3475,6.89159361017077e-19,2
"SVIP",3.07484173172805,2.39661791000883,0.701,0.583666666666667,8.6778852811859e-111,3
"SWAP70",3.30410646075967,1.90152045597967,0.694,0.674,0,2
"SWSAP1",0.619694918871266,0.619694918871266,0.25,0.25,0.000472896888701522,1
"SYF2",0.44863638462147,0.349017250870138,0.907,0.610666666666667,4.99045672187753e-38,3
"SYK",1.58146376670998,0.931179153521169,0.909,0.628666666666667,6.63964614862413e-230,3
"SYMPK",0.491703987349187,0.445698127093775,0.611,0.51,1.97202201020673e-113,2
"SYNC",1.62615963862442,1.30529555934791,0.545,0.412,3.04864284461036e-31,2
"SYNCRIP",1.79991715196601,1.08776259246653,0.944,0.620833333333333,6.15280202383706e-300,6
"SYNE1",2.44099449972945,1.64509636020731,0.917,0.645,6.4813525340621e-145,2
"SYNE2",2.65660389602911,1.65310229180084,0.802,0.664333333333333,5.01037080411637e-143,3
"SYNE3",1.51479104173992,0.852173271516104,0.694,0.648333333333333,1.49167843137619e-270,3
"SYNGR1",1.12401488567469,1.12401488567469,0.25,0.25,0.00122941993660444,1
"SYNGR2",1.68941466741004,1.22592142635783,0.889,0.657666666666667,1.0566473337966e-143,3
"SYNJ1",0.506506123693229,0.392166200472214,0.389,0.3505,1.16320622659478e-126,2
"SYNJ2BP",1.60546774356238,1.60546774356238,0.333,0.333,6.85800261773798e-05,1
"SYNRG",1.50465046880647,0.89536684012184,0.833,0.637,2.25336010045028e-67,4
"SYPL1",2.2800347197512,1.30209502414722,0.528,0.5165,5.92777653519159e-157,2
"SYS1",1.09551990536357,0.737630471456877,0.583,0.436,9.39667658673823e-71,2
"SYT11",2.27408984742911,2.27408984742911,0.314,0.314,1.0623660359381e-27,1
"SYTL1",1.18692141510238,0.686339577538032,0.606,0.490333333333333,1.61150422059399e-37,3
"SYTL3",2.35044594462956,2.35044594462956,0.395,0.395,1.41911530829974e-36,1
"SYVN1",3.02932807832027,2.61502536350324,0.803,0.5485,2.61582183914127e-115,2
"SZRD1",1.04952726341919,0.665509885470257,0.722,0.4935,2.39257153464273e-143,4
"SZT2",0.581065880147124,0.581065880147124,0.417,0.417,1.35757785923298e-08,1
"TAB3",2.40721445704367,1.39002309226931,0.639,0.486,1.00052884692752e-22,2
"TACC1",0.91643005271683,0.808512792821623,0.226,0.198,7.5259426569661e-06,2
"TACC3",2.34990696413452,2.34990696413452,0.25,0.25,8.96992811336946e-05,1
"TACO1",2.33145497813367,1.70162560915518,0.444,0.3585,6.64226450108165e-25,2
"TACSTD2",5.76188961311674,5.76188961311674,0.257,0.257,2.50934977964096e-222,1
"TADA3",0.916485286435002,0.916485286435002,0.547,0.547,8.03698735587238e-19,1
"TAF10",0.77902282646239,0.648688687805535,0.889,0.805,6.78602063865147e-17,2
"TAF11",1.07668880782464,0.519633697366501,0.697,0.53475,2.50060082308286e-105,4
"TAF12",0.602285417984569,0.602285417984569,0.395,0.395,1.96421695437764e-07,1
"TAF13",1.45384193700937,1.06617365548631,0.333,0.324,4.41668131186905e-169,2
"TAF15",1.1449252129389,0.671681623089427,0.833,0.524,1.61216458074192e-85,6
"TAF1B",2.11754298943526,1.42121389741961,0.424,0.37175,2.97961070258328e-96,4
"TAF1D",1.14735740275968,0.829243927479242,0.668,0.634666666666667,5.48151257380982e-91,3
"TAF2",0.458496848422339,0.458496848422339,0.286,0.286,1.16120785528356e-88,1
"TAF3",1.12029857790807,0.819955498361864,0.583,0.398666666666667,1.96547313423405e-79,3
"TAF4",0.381203080700061,0.381203080700061,0.25,0.25,0.00137550047804722,1
"TAF4B",3.12243446124072,3.12243446124072,0.364,0.364,7.66575591585003e-68,1
"TAF6",0.597293921060586,0.597293921060586,0.288,0.288,1.67102576988453e-14,1
"TAF7",1.19631305434063,0.791175688207618,0.214,0.1595,1.43898101712246e-18,2
"TAF8",0.775231521181353,0.775231521181353,0.444,0.444,6.82467413410877e-08,1
"TAF9",1.14585102752838,0.979553335632496,0.722,0.468,2.05319992525084e-78,5
"TAGLN",1.54578785602328,1.54578785602328,0.306,0.306,6.92401295712674e-18,1
"TAGLN2",2.66298917859267,1.7946973791822,0.865,0.729,4.76632344271443e-117,2
"TAL1",3.91912212958257,3.91912212958257,0.474,0.474,5.04841631964951e-108,1
"TALDO1",1.28595345698084,1.00674181218701,0.807,0.646333333333333,3.23379999701591e-27,3
"TAMM41",1.31924563095806,1.15780977764664,0.273,0.2615,1.77178062095183e-15,2
"TANGO2",1.99846220719165,1.99846220719165,0.333,0.333,1.03941423976746e-13,1
"TANGO6",1.87291812491092,1.87291812491092,0.278,0.278,1.49778505500149e-11,1
"TANK",0.656979526372383,0.656979526372383,0.177,0.177,5.45845958325083e-11,1
"TAOK1",0.902878919363012,0.575251742746017,0.365,0.23,2.1203628953911e-12,3
"TAOK3",0.452443961074454,0.33420411140247,0.744,0.363333333333333,2.09073720321578e-29,3
"TAP1",0.551192729356808,0.498962393420531,0.756,0.433,1.81534381738833e-18,2
"TAP2",0.945307181687954,0.739874555846514,0.621,0.497,1.17706871370067e-29,3
"TAPBP",0.627080898845709,0.456386516732023,0.837,0.423,7.52563123430138e-21,3
"TAPBPL",1.57397036767297,1.12060639544406,0.545,0.359,1.41265248882617e-63,4
"TAPT1",1.88084810970057,1.88084810970057,0.303,0.303,2.38427737622197e-86,1
"TARBP1",0.616786246919653,0.616786246919653,0.306,0.306,0.00584649091096371,1
"TARDBP",0.507745743229314,0.411588228683922,0.611,0.512333333333333,1.33797705733614e-134,3
"TARS",1.72392446021258,1.32564296528701,0.742,0.5335,3.48730198064346e-106,4
"TARSL2",2.12709891929365,1.53476258780271,0.364,0.3125,6.29825328723201e-80,2
"TATDN1",1.29401044289911,1.09366006169326,0.409,0.399,1.48857179074912e-15,2
"TATDN3",0.48819390217255,0.48819390217255,0.444,0.444,9.32761142631299e-10,1
"TAX1BP1",0.66826972634421,0.473558916659423,0.944,0.600666666666667,1.08448865734445e-23,3
"TAZ",0.479411555033718,0.479411555033718,0.258,0.258,0.0189935955450903,1
"TBC1D1",0.918172968691773,0.918172968691773,0.137,0.137,6.5504977715e-09,1
"TBC1D10B",0.374115860658037,0.374115860658037,0.361,0.361,1.69925265443369e-113,1
"TBC1D10C",1.24190939137085,0.790750976910645,0.709,0.589,1.0393222735923e-69,3
"TBC1D14",0.454998221021795,0.454998221021795,0.611,0.611,9.03139863062418e-13,1
"TBC1D2",1.91066926735823,1.5759580019645,0.389,0.379,2.23845465857876e-279,2
"TBC1D22A",1.06112309924793,0.696396708756344,0.528,0.401,8.46650150652141e-41,2
"TBC1D22B",3.70952580095715,3.70952580095715,0.263,0.263,6.10063369218623e-15,1
"TBC1D2B",1.75533131011074,1.75533131011074,0.261,0.261,1.79513275874398e-11,1
"TBC1D5",0.679206017445413,0.53057360342281,0.778,0.538333333333333,1.40685951002656e-121,3
"TBC1D7",0.768011061279532,0.768011061279532,0.278,0.278,2.07316216287428e-10,1
"TBC1D8",1.59392331518812,1.59392331518812,0.472,0.472,5.35594600386742e-39,1
"TBC1D9",2.76044245989619,2.11991773000863,0.556,0.442666666666667,2.55064397527819e-233,3
"TBC1D9B",1.08908167460783,0.908548527746264,0.472,0.4355,5.53311573166341e-157,2
"TBCA",1.07925303623885,0.857648665021364,1,0.798857142857143,1.51206734941036e-130,7
"TBCB",2.01005727231913,1.04281596123802,0.806,0.5622,1.14164846326632e-135,5
"TBCC",1.32306070712879,0.714328501989205,0.5,0.394666666666667,9.41986943404957e-28,3
"TBCD",1.82689602622901,1.82689602622901,0.333,0.333,1.88769904000488e-10,1
"TBCEL",5.27074557574176,5.27074557574176,0.333,0.333,1.23990150617262e-36,1
"TBL1XR1",1.38431548243414,0.871990842858182,0.512,0.461,7.88559956696855e-11,2
"TBL2",2.22299583776372,2.22299583776372,0.515,0.515,8.03440154521692e-72,1
"TBL3",1.37843363502212,1.37843363502212,0.288,0.288,1.02286399494288e-17,1
"TBRG1",0.833147647917157,0.647551135466803,0.833,0.682,2.24447121092736e-134,2
"TBRG4",1.03141092728211,1.03141092728211,0.306,0.306,0.000682337136986778,1
"TBX21",7.02529472988678,7.02529472988678,0.558,0.558,0,1
"TBXAS1",1.03509487808705,0.906432241176361,0.944,0.889,0,2
"TC2N",3.7507570243933,3.33466020584528,0.477,0.454,0,2
"TCEA1",1.34665598733114,0.82904865987543,0.972,0.685833333333333,7.59184882353289e-126,6
"TCEA2",0.887836919852889,0.887836919852889,0.278,0.278,0.00162996462572621,1
"TCEAL4",1.1316659440938,1.1316659440938,0.333,0.333,0.000379507888520412,1
"TCEAL8",1.96250390830617,1.20120142738416,0.621,0.488333333333333,1.57624825877744e-112,3
"TCERG1",1.78776905130544,1.0690392457351,0.639,0.457,1.59535845296331e-198,4
"TCF12",1.51840917191486,1.14782105320509,0.528,0.407666666666667,1.74883351368662e-131,3
"TCF25",0.900057136991236,0.461989172083649,0.985,0.8616,1.47979687847769e-101,5
"TCF3",3.17346799321251,2.04198895334748,0.818,0.4475,1.232707354248e-150,4
"TCF4",3.1169363562188,1.47831309116588,0.864,0.65925,5.01311281312505e-296,4
"TCF7",5.3253096144417,5.3253096144417,0.816,0.816,0,1
"TCF7L2",1.81170792759739,1.81170792759739,0.75,0.75,4.35902437577718e-34,1
"TCHP",0.817648423624071,0.539566856648736,0.323,0.3185,1.01528289443203e-81,2
"TCIRG1",0.744939929511906,0.504601822369857,0.889,0.46475,3.56003690577446e-230,4
"TCL1A",6.96675728088148,6.96675728088148,0.754,0.754,0,1
"TCN1",5.27739690019441,5.27739690019441,0.525,0.525,0,1
"TCN2",4.03191583661849,3.61364342972184,0.75,0.602,0,2
"TCOF1",2.45968074466972,1.07221275413213,0.722,0.48175,1.74823159154941e-149,4
"TCP1",1.18980603135718,0.786149905588797,0.806,0.5376,1.49906725068734e-119,5
"TDG",1.07039755854462,0.773149709778263,0.742,0.5058,2.2564702212247e-159,5
"TDP1",1.17622354861982,1.17622354861982,0.333,0.333,1.14963567999353e-22,1
"TDRD3",0.909127726113756,0.909127726113756,0.25,0.25,0.0769529089381693,1
"TDRD7",0.550345704334682,0.550345704334682,0.333,0.333,2.58602783865883e-05,1
"TECPR1",0.925022131389436,0.808516483142303,0.611,0.4865,1.89326672758328e-115,2
"TECR",1.95733639743339,1.32994260838063,0.742,0.45925,1.02046657456013e-56,4
"TEFM",0.951847754812734,0.951847754812734,0.288,0.288,1.3027178342829e-11,1
"TELO2",2.31687310532678,2.31687310532678,0.278,0.278,5.33245832247636e-16,1
"TEN1",1.39989799579765,1.31632623501754,0.439,0.351333333333333,5.7848375603904e-88,3
"TENT2",0.349868970305824,0.349868970305824,0.639,0.639,3.57807035194238e-08,1
"TENT4B",0.464993118890942,0.464993118890942,0.583,0.583,1.45838316876825e-12,1
"TENT5A",3.85888029069781,1.60247845409148,0.833,0.744333333333333,3.29353536804778e-224,3
"TENT5C",6.22769723059066,4.90312604708302,0.924,0.892,2.76736922873301e-254,2
"TEP1",1.3411129428088,1.16321528053547,0.444,0.3815,1.14856041235699e-144,2
"TERF1",1.15720907117791,0.711407545489703,0.583,0.429,1.29701672734451e-15,3
"TERF2",1.21104886766872,0.538222491542109,0.326,0.28075,1.76480103703388e-50,4
"TERF2IP",1.29529068691588,0.964382479037531,0.791,0.7465,1.30426888483885e-15,2
"TES",1.21792060703366,0.731232000531469,0.806,0.65825,2.02282639103537e-142,4
"TESC",2.68092206818002,1.59718070092774,0.491,0.3798,8.30774690254003e-121,5
"TESPA1",3.89784212392737,3.89784212392737,0.35,0.35,1.01490656847253e-252,1
"TET2",0.897193354838706,0.897193354838706,0.338,0.338,0.507506172380894,1
"TET3",0.397912683771776,0.354780623606742,0.722,0.659,7.12068856224516e-240,2
"TEX2",1.66609681909119,1.66609681909119,0.277,0.277,4.54635753173936e-161,1
"TEX261",0.764069212643535,0.764069212643535,0.25,0.25,0.00113549445877175,1
"TEX264",2.43629670697808,1.37693029257091,0.682,0.5092,5.48836402169944e-84,5
"TEX9",2.77955032636772,2.77955032636772,0.333,0.333,4.73606898146201e-143,1
"TFAM",0.802043191516812,0.540614553022813,0.611,0.4682,1.65033589361555e-82,5
"TFB1M",1.32836941198214,1.32836941198214,0.348,0.348,1.65995850180638e-27,1
"TFB2M",2.02753240274503,1.95537909709476,0.288,0.283,1.22121353211887e-22,2
"TFCP2",1.28219465312886,1.16431496095015,0.472,0.4245,4.43830853749652e-166,2
"TFDP1",2.04650725741198,0.985669370211631,0.583,0.45875,1.06995710251654e-13,4
"TFDP2",3.41608903005484,2.66635261955526,0.581,0.4925,6.53518080503805e-43,2
"TFEC",2.8212574938467,2.39525379149398,0.889,0.8345,0,2
"TFF3",6.39876278616475,6.39876278616475,0.326,0.326,1.12295144698047e-278,1
"TFG",1.22154206903243,0.859476859998959,0.682,0.478,9.53136169699555e-74,4
"TFIP11",1.04192807533216,1.04192807533216,0.472,0.472,6.06913157810725e-14,1
"TFR2",6.16146508133662,6.16146508133662,0.333,0.333,6.48255796739455e-149,1
"TFRC",6.1981999632448,3.76013142927426,0.727,0.583,1.18274647938199e-69,2
"TGDS",1.52355199668117,1.52355199668117,0.25,0.25,2.08627655391662e-07,1
"TGFB1",3.55661082931097,3.55661082931097,0.755,0.755,1.76306984970216e-112,1
"TGFBI",4.50801059366199,3.95050420834795,0.806,0.6545,0,2
"TGFBR2",1.06936632011178,0.747018355310777,0.173,0.131,2.59010124872992e-19,2
"TGFBR3",5.94607349192243,5.94607349192243,0.43,0.43,3.90976689597959e-292,1
"TGFBRAP1",0.996500124291379,0.996500124291379,0.306,0.306,9.94405089435868e-05,1
"TGIF2",1.08145667899604,0.688887395296677,0.389,0.3235,4.27205148236399e-08,2
"TGM2",8.40957220513358,8.40957220513358,0.281,0.281,4.360138225474e-167,1
"TGOLN2",0.846210458292511,0.659650108857616,0.942,0.695666666666667,4.96743653928815e-122,3
"TGS1",1.40740840234898,0.824968147450484,0.442,0.3735,1.3096013943381e-43,4
"THADA",1.16853574655678,1.16853574655678,0.337,0.337,4.23644643151668e-14,1
"THAP11",1.47775435014991,0.965629672295969,0.444,0.3135,4.57584078324333e-46,4
"THAP12",1.20328052188603,0.844660246741864,0.611,0.429,2.49497495900101e-91,5
"THAP4",1.55876065509903,1.50441749623249,0.288,0.269,3.95929975822477e-17,2
"THAP5",1.1082731693237,0.570726145284845,0.5,0.355,3.47831385955507e-43,3
"THAP7",1.04918693939688,1.04918693939688,0.47,0.47,2.99494734575648e-29,1
"THAP9-AS1",0.458311202900764,0.458311202900764,0.278,0.278,3.71213059115108e-05,1
"THEM4",3.76535489901934,2.04333712037559,0.391,0.3395,2.49705100886507e-257,2
"THEMIS",4.38831266723696,4.16892130931993,0.477,0.369,1.29412062652839e-202,2
"THEMIS2",1.33410026124451,1.3293836550045,0.972,0.884,0,2
"THG1L",1.41536519740144,1.39931925945477,0.318,0.298,6.81919476935397e-15,2
"THOC1",1.39602369561289,1.07684977621206,0.424,0.377333333333333,9.26243109059619e-13,3
"THOC2",0.700669623718035,0.527127418394914,0.75,0.5204,3.15829411326661e-143,5
"THOC3",2.23168433688078,1.16262016264508,0.485,0.39025,3.30987350210721e-89,4
"THOC6",1.67669560521359,1.47883359089836,0.333,0.303,2.2935556111398e-108,2
"THOC7",0.940244004503297,0.58205470022922,0.742,0.6026,1.13427668207171e-136,5
"THRAP3",0.988845484157973,0.656700147484062,0.709,0.662666666666667,4.66003262951111e-92,3
"THUMPD1",1.03297816743982,0.755474324412133,0.453,0.3835,2.79685603560617e-75,4
"THUMPD2",1.09088713786398,1.09088713786398,0.278,0.278,0.00369288127749321,1
"THUMPD3",1.48660937879057,1.05719658506737,0.389,0.3685,4.31843384285748e-14,2
"THUMPD3-AS1",0.417015428230818,0.417015428230818,0.282,0.282,3.43766282864947e-20,1
"THYN1",1.39274415357019,1.32902363631214,0.337,0.3215,1.75414200753687e-61,2
"TIA1",0.879711604712996,0.879711604712996,0.273,0.273,0.210428602345161,1
"TIAM1",3.38725525426281,3.28002219285302,0.5,0.396,3.69786216506186e-188,2
"TICAM1",1.62806071698349,1.62806071698349,0.25,0.25,0.000526643551530088,1
"TIFA",1.19050563614626,0.7266914281214,0.682,0.4745,8.81793810597334e-54,2
"TIGAR",1.80871001724929,1.17271934023258,0.472,0.4025,6.57064070206526e-21,2
"TIGIT",4.20752370231247,4.20752370231247,0.337,0.337,2.40660667209076e-104,1
"TIMM10",0.339638468031119,0.339638468031119,0.636,0.636,2.85374128799535e-17,1
"TIMM10B",0.649722875182573,0.618772297969128,0.333,0.3255,2.17993339759334e-07,2
"TIMM13",1.59349252098058,1.22809084145659,0.806,0.5624,4.66911256772605e-164,5
"TIMM17A",1.61841882610717,1.30219741176823,0.727,0.5425,8.48603932793057e-142,4
"TIMM17B",0.914734761276901,0.663145276570412,0.621,0.465,1.819092203659e-76,4
"TIMM22",0.690546288644143,0.690546288644143,0.379,0.379,1.51302919243513e-17,1
"TIMM23",2.45047405773969,2.00367854898706,0.472,0.3875,1.2590738933564e-26,2
"TIMM23B",1.33261700366639,1.33261700366639,0.25,0.25,4.43602782384744e-07,1
"TIMM29",1.21861218510774,1.21861218510774,0.485,0.485,4.90012941674333e-38,1
"TIMM44",2.04764386891082,1.73810354990126,0.545,0.423666666666667,1.80602624142752e-35,3
"TIMM50",2.03975545097985,1.37248969046478,0.444,0.3735,4.83999707501686e-20,2
"TIMM8B",1.94392318262289,1.32074242882347,0.944,0.7192,9.64342240655797e-240,5
"TIMM9",1.89298850897155,1.2548976927292,0.485,0.3265,2.54042656777559e-44,4
"TIMMDC1",1.21979006411546,0.999045937754691,0.583,0.4425,5.76480437593373e-71,4
"TIMP1",3.30252170784203,1.55170498971605,1,0.85,5.42215144578882e-218,3
"TIMP2",1.36727418817572,0.717119825865737,0.972,0.722333333333333,4.36984489055879e-233,3
"TINF2",1.36819967529726,0.7988224108915,0.5,0.418,1.50609637335485e-58,3
"TIPARP",0.497788645452059,0.497788645452059,0.256,0.256,0.000365742732172433,1
"TIPIN",1.37590480694702,1.37590480694702,0.288,0.288,2.39436736931003e-35,1
"TIPRL",0.878490100345354,0.878490100345354,0.547,0.547,1.91350977074583e-18,1
"TJAP1",1.4723830886447,1.4723830886447,0.318,0.318,9.33668434358551e-25,1
"TK2",0.922835506110513,0.803985051231697,0.5,0.492,6.29391516527338e-250,2
"TKFC",0.896415777879253,0.896415777879253,0.258,0.258,4.82060864701729e-10,1
"TKT",1.25872528310975,0.958718100837705,0.978,0.79275,3.0227060803758e-113,4
"TLE1",4.74679700941244,3.25572135381116,0.53,0.427,2.84227385615394e-236,2
"TLE3",1.72194466206538,1.72194466206538,0.328,0.328,1.46610725978508e-23,1
"TLE4",0.717479568374535,0.5977365204524,0.405,0.274,8.04840006851372e-13,3
"TLK1",2.75025855378369,2.75025855378369,0.379,0.379,9.639070981965e-18,1
"TLN1",3.78593762047398,3.78593762047398,0.816,0.816,2.22572893354377e-121,1
"TLNRD1",0.790733042961743,0.790733042961743,0.281,0.281,1.57327639325381e-90,1
"TLR1",1.74174377208901,1.74174377208901,0.283,0.283,1.25479660429748e-18,1
"TLR10",0.990502432960841,0.990502432960841,0.318,0.318,7.11294583013093e-155,1
"TLR2",1.72243542021546,1.50182016755428,0.425,0.4185,2.93460469360658e-38,2
"TLR4",1.87201302771801,1.33041678115324,0.376,0.2835,1.02227167624639e-47,2
"TLR7",2.82886395943543,2.60596368949695,0.611,0.4445,8.80337758340841e-156,2
"TLR8",0.51651047585604,0.51651047585604,0.658,0.658,3.57867522583088e-293,1
"TM2D1",1.652120982187,1.652120982187,0.313,0.313,1.4168422982046e-09,1
"TM2D2",0.579580705836812,0.579580705836812,0.306,0.306,3.77722846399476e-05,1
"TM2D3",0.730440487272503,0.730440487272503,0.444,0.444,9.11624381422093e-08,1
"TM7SF3",2.41619877900289,2.41619877900289,0.269,0.269,5.14751358221256e-22,1
"TM9SF2",1.26679988728709,0.773493536845876,0.939,0.6906,3.8140041725196e-203,5
"TM9SF3",1.15915862679656,0.825375122907447,0.924,0.79075,2.42895291822559e-269,4
"TM9SF4",1.44062162600344,1.3491615326592,0.694,0.6045,7.5116743101322e-239,2
"TMA16",1.83999415243947,1.20553226175559,0.697,0.401666666666667,2.07253614257396e-65,6
"TMA7",1.26711084043197,0.67633653873387,1,0.871333333333333,1.42717277055865e-101,6
"TMBIM1",3.23990303892902,3.23990303892902,0.255,0.255,3.5768009381831e-17,1
"TMBIM4",0.708628752888704,0.708628752888704,0.267,0.267,4.9866875760795e-10,1
"TMBIM6",0.526942797200284,0.406776912509112,1,0.8805,6.95732389691502e-76,4
"TMC6",1.19693910726819,0.897020413163634,0.758,0.49725,2.35045306362169e-51,4
"TMC8",1.09151887309947,0.897697568403345,0.477,0.4225,1.24032777971809e-52,2
"TMCC2",7.35299965813132,7.35299965813132,0.596,0.596,0,1
"TMCO1",1.37809551122726,0.834165252849264,0.879,0.6745,2.88473087025853e-126,6
"TMED1",1.4113261054569,1.07419700891528,0.417,0.3675,3.04366209293676e-15,2
"TMED10",2.09007754370052,1.14152299206084,0.955,0.733,8.65678961601689e-201,4
"TMED2",1.72455950676162,1.02687032719812,0.864,0.68675,7.15263558980106e-145,4
"TMED3",1.93729653151272,1.46907603430616,0.611,0.44,3.56924356998602e-68,4
"TMED4",1.00917108377659,0.657768135550432,0.803,0.5074,7.04239536171342e-34,5
"TMED5",1.05509677204412,0.903024442047479,0.909,0.790333333333333,8.89740795270177e-232,3
"TMED7",1.63255886168963,1.58241885102013,0.639,0.5835,3.71256413764383e-252,2
"TMED9",2.79988513253512,1.52553975989158,0.955,0.6436,8.2033712057541e-141,5
"TMEM101",0.961518677570818,0.889585618788059,0.455,0.3805,5.19518597651612e-20,2
"TMEM106A",2.05036830326947,1.7983776102823,0.722,0.5415,1.16545273939293e-178,2
"TMEM106B",1.30832851253089,0.883721617851498,0.485,0.334666666666667,3.16940192758926e-46,3
"TMEM106C",3.86608217791605,2.38119228646719,0.409,0.363,1.3684637569085e-82,2
"TMEM109",1.74013065444111,1.36399114306105,0.389,0.323666666666667,1.74924563790486e-08,3
"TMEM11",0.890892042945321,0.806714655476317,0.472,0.4125,1.41187084122541e-106,2
"TMEM115",0.722186997672829,0.722186997672829,0.278,0.278,0.000772816714055355,1
"TMEM120B",1.94385905153159,1.55512642834441,0.419,0.3365,9.11536558815272e-60,2
"TMEM123",0.989187286537215,0.894819510821935,0.759,0.7065,9.21367403606297e-25,2
"TMEM126A",1.80503162498004,1.53493398674219,0.636,0.3928,2.1357585937903e-66,5
"TMEM126B",1.50693659236743,1.01299899400156,0.5,0.4,7.96865214942342e-27,3
"TMEM128",1.20745629641827,0.916935151191256,0.306,0.2895,4.04516014068848e-12,2
"TMEM131",0.778675180598489,0.601600347865848,0.611,0.602,3.9171341318495e-180,2
"TMEM131L",1.39138984797542,1.39138984797542,0.368,0.368,1,1
"TMEM134",2.55305905260518,1.4138993019809,0.652,0.39825,2.58278965177688e-105,4
"TMEM138",1.38486878573143,0.85834557264396,0.444,0.328333333333333,8.99253663656605e-50,3
"TMEM140",3.42421363429744,3.42421363429744,0.272,0.272,1.53724021128495e-40,1
"TMEM141",1.69020814478473,1.29840396177735,0.545,0.42725,1.19867666794178e-86,4
"TMEM144",3.48265148546779,3.48265148546779,0.385,0.385,0,1
"TMEM147",2.04331027264222,1.38672201164916,0.889,0.549,5.65451858697672e-145,5
"TMEM14B",1.30853443555136,0.829725293903972,0.833,0.606166666666667,1.47866941200448e-90,6
"TMEM14C",1.14467360310314,1.00320598560572,0.682,0.4865,2.64064380107041e-99,4
"TMEM150B",3.15813687214666,3.15813687214666,0.278,0.278,6.2843091063523e-14,1
"TMEM154",1.81484591159341,1.51154979022174,0.758,0.6645,1.09863666315929e-209,2
"TMEM156",3.19628999431881,2.77223168457149,0.773,0.556,8.22832187662757e-166,2
"TMEM160",1.73552176075891,0.990187668958119,0.861,0.658666666666667,1.70126655058719e-137,6
"TMEM161B",0.636266242327678,0.636266242327678,0.379,0.379,2.05931706412856e-13,1
"TMEM161B-AS1",1.84931309943916,1.84931309943916,0.333,0.333,7.21938359889742e-26,1
"TMEM165",1.1343131512017,0.617345619743344,0.765,0.347333333333333,5.51749189062801e-169,3
"TMEM167A",1.64043403512547,1.10413192726393,0.972,0.905666666666667,0,3
"TMEM167B",0.264193659963634,0.264193659963634,0.75,0.75,8.59069189622201e-14,1
"TMEM168",0.806482323972939,0.806482323972939,0.444,0.444,1.30360957999843e-10,1
"TMEM170A",0.588840132790942,0.477317864746452,0.556,0.405333333333333,1.24486793014734e-103,3
"TMEM170B",1.52311621783069,0.986485917531772,0.78,0.599666666666667,0,3
"TMEM173",1.78609227102175,1.36217794254156,0.861,0.557,4.39572919392261e-289,4
"TMEM176A",3.16348199491042,2.62346853646142,0.611,0.5805,0,2
"TMEM176B",3.56116560082382,3.10878756326332,0.861,0.777,0,2
"TMEM179B",1.46315290736434,0.917518180464366,0.778,0.5486,3.07698004103927e-109,5
"TMEM18",1.24090476683992,1.05966537324697,0.47,0.378666666666667,1.13418832657908e-65,3
"TMEM181",1.06231860850307,1.06231860850307,0.304,0.304,1.08099431625319e-113,1
"TMEM183A",0.516538916819147,0.456149191172987,0.611,0.555,1.35737568418735e-138,2
"TMEM184B",0.46155358595357,0.46155358595357,0.348,0.348,7.19956121949529e-24,1
"TMEM189",0.874159161280361,0.874159161280361,0.333,0.333,4.57561900778763e-06,1
"TMEM19",1.45292675493008,1.19938713160768,0.409,0.371,9.03152485082283e-19,2
"TMEM192",1.21516350837564,1.06542623637242,0.361,0.3415,3.09250334494028e-112,2
"TMEM199",1.037178980194,0.83197361263571,0.5,0.383,4.00444632109813e-87,2
"TMEM203",1.14836322835231,0.891099723342258,0.269,0.266333333333333,4.81518452264516e-42,3
"TMEM204",3.95085190116625,3.95085190116625,0.391,0.391,0,1
"TMEM205",1.38611812603667,1.14313390364736,0.722,0.7055,5.79606827903643e-316,2
"TMEM208",2.48381116254713,1.16474452536721,0.924,0.549,7.00906310571796e-79,5
"TMEM214",1.89718981046141,1.35677753644678,0.545,0.4115,2.6655155259665e-50,2
"TMEM218",1.1363797480763,0.86545225110686,0.273,0.2615,1.46617853663877e-11,2
"TMEM219",2.8595379507036,1.20968527843534,0.889,0.575,8.50833980458202e-202,4
"TMEM222",0.363770495698401,0.363770495698401,0.306,0.306,2.84550097038496e-05,1
"TMEM223",1.74647809527443,1.3263506651407,0.439,0.371333333333333,3.25380616947397e-22,3
"TMEM230",0.94742135792396,0.753095560247207,0.727,0.5275,6.5029890016811e-115,6
"TMEM238",2.57397995886715,2.08650346378608,0.652,0.495666666666667,1.38527179145834e-141,3
"TMEM242",0.599319289792053,0.593519705591365,0.278,0.2755,8.90677864255681e-06,2
"TMEM243",2.53856403966643,1.29917560125896,0.818,0.59575,5.68237633455655e-201,4
"TMEM245",0.860331595595324,0.730370222105628,0.389,0.3545,9.49052758978302e-89,2
"TMEM248",0.612421746411067,0.456633488530954,0.556,0.443,1.31716938351526e-114,3
"TMEM250",1.46701605774749,1.14828484700676,0.472,0.354333333333333,1.38998380344225e-95,3
"TMEM251",1.30626480211462,1.30626480211462,0.306,0.306,1.01571473440702e-06,1
"TMEM256",1.9649552066336,1.3164542709931,0.864,0.5635,6.90443799056165e-180,6
"TMEM258",2.64730532381291,1.07638077011215,1,0.830666666666667,2.51311474096887e-131,6
"TMEM259",0.515573541845728,0.399832526535154,0.778,0.46125,3.11164386258662e-20,4
"TMEM263",2.85804930579969,2.85804930579969,0.606,0.606,3.33240660574181e-93,1
"TMEM268",2.20655294145099,2.20655294145099,0.528,0.528,1.93386892318969e-33,1
"TMEM30A",1.05351985691919,0.705150552279274,0.709,0.368,8.95051285024699e-199,4
"TMEM39A",2.11886430156411,1.54830415967361,0.439,0.365,3.4520836734433e-214,3
"TMEM40",9.27100031420796,9.27100031420796,0.637,0.637,0,1
"TMEM41A",1.20362460790478,1.20362460790478,0.258,0.258,1.1681387647518e-14,1
"TMEM41B",0.481747584377415,0.481747584377415,0.306,0.306,0.324432881495004,1
"TMEM50A",2.29334496010678,1.39526516912412,0.42,0.3215,2.14135464203984e-10,2
"TMEM50B",0.79235872786547,0.612277526597456,0.424,0.351,2.11966228008616e-17,2
"TMEM56",4.99233030484247,4.48236260282661,0.333,0.3025,5.21369477483502e-181,2
"TMEM59",0.54924925057295,0.485649823315685,0.939,0.642333333333333,7.69843040402717e-33,3
"TMEM60",0.298155359136683,0.298155359136683,0.333,0.333,0.0180141295651088,1
"TMEM63A",2.22154349774507,1.54904913375583,0.461,0.35,3.75151306256127e-86,3
"TMEM63B",3.08486416753327,3.08486416753327,0.351,0.351,4.45005055444307e-30,1
"TMEM69",1.44112894572564,1.44112894572564,0.444,0.444,9.52172264024345e-18,1
"TMEM70",0.904964180832776,0.762118406794975,0.682,0.513333333333333,3.51566179241403e-47,3
"TMEM80",0.842785745032968,0.842785745032968,0.389,0.389,2.17044254841358e-07,1
"TMEM87A",1.91937868539199,0.881966161259501,0.583,0.44225,1.02629616118561e-110,4
"TMEM87B",0.89032520013542,0.694777378265484,0.528,0.454,2.00316947841017e-88,2
"TMEM9",0.808701210229226,0.808701210229226,0.348,0.348,2.8798381830877e-25,1
"TMEM91",1.61237329864703,1.34657659031367,0.341,0.298,6.13446350797321e-08,2
"TMEM9B",1.26329895750868,0.882701285921952,0.639,0.478,6.05303018325871e-108,4
"TMF1",0.614006512572952,0.566252741943739,0.156,0.125,3.08175052994251e-23,2
"TMIGD3",2.77826989154255,2.53626503279511,0.556,0.419,3.70095531964418e-221,2
"TMOD1",5.36309009870162,5.36309009870162,0.456,0.456,1.27292344205101e-115,1
"TMOD3",1.08801674753382,0.712639852357134,0.472,0.326,5.53868456358456e-25,2
"TMPO",1.95011352763277,1.00721583475983,0.889,0.661714285714286,1.10310103920321e-282,7
"TMSB10",1.46224262056186,1.32498396168635,1,0.993,2.33206944385337e-242,6
"TMSB4X",3.06650587663225,1.28865016372122,1,0.995,8.62204816041521e-149,3
"TMTC2",4.62811656187599,4.62811656187599,0.332,0.332,0,1
"TMUB1",1.7496778422166,1.23569666627372,0.5,0.371666666666667,2.17414652402157e-26,3
"TMX1",1.36873317503111,0.966378269215252,0.778,0.560666666666667,4.02616315881231e-205,3
"TMX2",1.79730120286548,1.79730120286548,0.583,0.583,9.29959611892496e-22,1
"TMX3",0.56373072143898,0.459963864843158,0.384,0.3255,2.22806014810443e-107,2
"TMX4",1.88614286636466,1.23174833877653,0.362,0.272,4.14042933857376e-24,2
"TNF",1.45293600280613,1.45293600280613,0.417,0.417,1.06153118554284e-20,1
"TNFAIP2",1.59777713536862,1.05378599812587,1,0.6975,1.08918161938572e-41,2
"TNFAIP3",1.70363362360498,1.70363362360498,0.26,0.26,5.16361850079223e-11,1
"TNFAIP6",2.89262768964683,2.89262768964683,0.262,0.262,1.21890112049454e-82,1
"TNFAIP8",1.12193606144065,0.718913160164555,0.764,0.6095,1.67177087115115e-61,4
"TNFAIP8L1",1.30229811537638,1.30229811537638,0.333,0.333,6.50678030611979e-10,1
"TNFAIP8L2",1.31752713718764,1.1411704187998,0.611,0.5015,3.35929551583541e-167,2
"TNFRSF10B",0.851316510141611,0.716027174784682,0.389,0.349,3.69355061604539e-152,2
"TNFRSF13B",3.99823653222535,3.99823653222535,0.818,0.818,2.02476274583187e-235,1
"TNFRSF13C",6.10373578225028,6.10373578225028,0.702,0.702,0,1
"TNFRSF14",0.482510511959384,0.374673462948389,0.581,0.336,1.28202476139485e-32,2
"TNFRSF17",7.0624997065837,7.0624997065837,0.939,0.939,0,1
"TNFRSF1A",0.455467919230168,0.436520809628955,0.972,0.9015,6.42113684778779e-272,2
"TNFRSF1B",1.41971577709119,0.844212742615308,1,0.65525,4.55736757940923e-136,4
"TNFRSF25",4.56381117230601,4.56381117230601,0.371,0.371,0,1
"TNFSF10",1.95882104109851,1.20213058628817,0.917,0.7175,9.56413470343207e-79,2
"TNFSF12",1.57701308669366,1.39900332230549,0.556,0.428666666666667,2.95285661423127e-169,3
"TNFSF13B",1.88684547404291,1.2404678502814,0.924,0.6485,1.29021945796012e-221,2
"TNFSF8",2.05374160908203,2.05374160908203,0.301,0.301,4.9159892571995e-120,1
"TNIK",1.27051168853804,1.27051168853804,0.407,0.407,1.12080943176645e-31,1
"TNIP1",0.323194170923668,0.323194170923668,0.089,0.089,2.54213745945827e-15,1
"TNIP2",1.26756946935983,0.934656538219712,0.583,0.442666666666667,4.24546570475873e-35,3
"TNK2",0.314248288795481,0.314248288795481,0.416,0.416,3.18071449888076e-122,1
"TNKS2",0.494310669422629,0.494310669422629,0.626,0.626,1.62794295610003e-196,1
"TNNI2",0.871204056525652,0.871204056525652,0.25,0.25,2.47803884761883e-10,1
"TNPO1",0.673341522199179,0.564925307151537,0.309,0.227,2.33563959112328e-14,3
"TNPO2",1.0661715265192,1.0661715265192,0.25,0.25,5.75948851851986e-06,1
"TNRC6A",0.83715095505942,0.607637137409644,0.553,0.4665,8.66228322256036e-87,4
"TNRC6B",0.969030911436497,0.762762019680801,0.334,0.3085,0.000147785262223334,2
"TNRC6C",1.39053903442255,1.23587629317217,0.384,0.3775,4.69136966757875e-112,2
"TNS1",7.67281581822792,7.67281581822792,0.596,0.596,0,1
"TNS3",2.99411214972873,2.39299237609261,0.611,0.5555,0,2
"TOB2",1.15185776234606,0.865527842329938,0.528,0.399,2.44792246852867e-116,3
"TOGARAM1",0.934131820289363,0.934131820289363,0.25,0.25,0.00196184039413951,1
"TOLLIP",0.389994094837815,0.369803283994885,0.75,0.6345,2.57130982612895e-189,2
"TOMM20",1.57175102968861,1.02756603959352,1,0.806166666666667,5.54959650549549e-143,6
"TOMM22",1.50156773994387,1.33586644123261,0.758,0.539166666666667,2.83248698234121e-145,6
"TOMM40",2.05922912584341,1.81091929141885,0.53,0.453333333333333,6.57787980727831e-32,3
"TOMM5",1.83039585785142,1.45186888311958,0.667,0.433,1.85296487932576e-66,4
"TOMM7",2.05837632154466,1.56095460325917,0.965,0.962333333333333,2.44108195446562e-247,3
"TOMM70",1.73889069186005,1.53477386283583,0.409,0.372333333333333,1.6972944986414e-120,3
"TOP1",2.68067040231286,1.21984686697505,0.894,0.58925,1.0772611778515e-20,4
"TOP2A",5.85377106385005,5.85377106385005,0.345,0.345,2.63333984754209e-213,1
"TOP2B",1.64923343040938,0.879300728158963,0.833,0.6045,1.8959312830759e-162,4
"TOPBP1",2.6250736332096,1.16707036532165,0.5,0.394333333333333,2.12507464296456e-33,3
"TOR1A",0.560076720504958,0.560076720504958,0.694,0.694,6.46123372043502e-15,1
"TOR1AIP1",1.12190303269441,0.939874774349865,0.398,0.293333333333333,4.6756660323243e-13,3
"TOR1B",0.57788435336477,0.57788435336477,0.331,0.331,2.36802680410566e-146,1
"TOR2A",1.27059907154518,0.996721557837284,0.528,0.414666666666667,1.18332109692937e-134,3
"TOR3A",2.59383905983796,1.63639898026982,0.682,0.417333333333333,2.8332734532374e-74,3
"TOR4A",2.59274717534405,2.14892854191339,0.528,0.493,0,2
"TP53",1.43490580975508,1.32207587346658,0.611,0.4845,2.08962110294477e-107,2
"TP53BP2",0.505461820003783,0.505461820003783,0.364,0.364,9.50868598940361e-127,1
"TP53I13",1.40601713689864,1.30801395008919,0.333,0.3255,2.00468761879467e-16,2
"TP53I3",0.542578236246705,0.542578236246705,0.278,0.278,4.509602951905e-06,1
"TP53INP1",0.273187560525337,0.273187560525337,0.306,0.306,1,1
"TP53RK",1.46207480364182,1.27459877888981,0.348,0.3405,1.25215298496213e-15,2
"TP53TG1",1.92462542117385,1.09410285770737,0.326,0.307,4.82522358727056e-17,2
"TPCN1",1.77699852251687,1.77699852251687,0.288,0.288,7.95438214067813e-166,1
"TPD52",3.85720282344435,2.64342698003188,0.894,0.525,5.94957593737469e-261,3
"TPGS1",2.18524607727948,1.82226715213603,0.639,0.547333333333333,1.90302060484557e-186,3
"TPGS2",1.67518894294357,1.16637635363757,0.394,0.389,2.77416544368918e-18,2
"TPI1",1.17206993420923,0.866901303570258,0.944,0.6025,2.13441860701113e-237,6
"TPM1",5.72315188517369,3.2252796713902,0.657,0.503,9.97314558131593e-292,2
"TPM3",1.03474487262611,0.566506314506274,1,0.8458,1.30995117090752e-57,5
"TPM4",4.74884412223091,2.51056434278684,0.972,0.872,3.1172561409161e-171,2
"TPMT",2.69671359866894,2.39010066451423,0.778,0.572,5.23620245803336e-211,2
"TPP1",2.05287637110089,1.26563238401472,0.972,0.821333333333333,2.74418317464359e-259,3
"TPP2",1.42661263067019,1.10941931645415,0.75,0.5522,4.55349190900456e-137,5
"TPR",0.646507468005798,0.505707693357382,0.802,0.5135,7.51523236958088e-17,2
"TPRKB",1.02915063249342,0.918156008446896,0.636,0.44925,4.53935014912833e-26,4
"TPST2",2.45390262998795,2.45390262998795,0.374,0.374,1.64579939814608e-19,1
"TPT1",1.93050283184029,0.860283260308582,1,0.9934,3.93489675860046e-260,5
"TRA2A",0.685426610777717,0.549128498450027,0.325,0.205,1.60928565523343e-25,2
"TRA2B",1.29347653668458,0.621451925885949,0.972,0.7876,7.19103468128267e-96,5
"TRABD",0.770328809252305,0.56822713934661,0.909,0.6985,5.91894916425335e-36,2
"TRABD2A",4.59167491249047,4.59167491249047,0.45,0.45,0,1
"TRAC",5.04371277361286,4.1197973274631,0.865,0.8105,0,2
"TRADD",2.41577959949755,1.27414757820835,0.788,0.5765,9.01535414279848e-179,4
"TRAF3",0.31781596028964,0.31781596028964,0.639,0.639,1.69887008733e-13,1
"TRAF3IP3",1.51503366120073,1.06201921117821,0.93,0.81625,1.07612059693081e-155,4
"TRAF5",3.42632764928883,2.22464279728506,0.339,0.309,8.4714249184035e-188,2
"TRAF7",1.51278739074839,1.51111858976755,0.417,0.366,4.06321989700588e-154,2
"TRAK1",0.769532636117849,0.69919612653635,0.417,0.3455,1.20879704914799e-82,2
"TRAK2",5.195240784153,3.07472144357857,0.684,0.5115,5.90630240612636e-63,2
"TRAM1",1.45090396621889,0.766773817764407,0.985,0.605333333333333,2.23132815782942e-143,6
"TRAM2",3.88251586049468,3.88251586049468,0.682,0.682,4.58779898854634e-147,1
"TRAP1",0.980394409702323,0.980394409702323,0.288,0.288,3.04125362617437e-13,1
"TRAPPC1",2.67319730997884,1.23149657007299,0.837,0.555,3.08809794420252e-16,3
"TRAPPC10",1.08468050868444,0.695925159977845,0.5,0.389666666666667,3.22362527607053e-28,3
"TRAPPC11",1.03339397735249,0.867112136265134,0.556,0.476,5.90073454681542e-150,2
"TRAPPC12",1.05003268331743,0.717108551215785,0.556,0.435,2.65771678707825e-81,2
"TRAPPC2",0.996941399863558,0.742459237145642,0.395,0.331,7.06841504430494e-32,2
"TRAPPC2B",0.782633867675259,0.782633867675259,0.273,0.273,3.20977527838034e-13,1
"TRAPPC2L",1.39022030947108,0.968238935822285,0.773,0.5032,2.01657042958967e-132,5
"TRAPPC3",1.3022033726619,0.750258408146246,0.773,0.53175,3.42021740780127e-108,4
"TRAPPC4",1.1877597074462,0.907106756057201,0.545,0.39525,1.04482301398656e-49,4
"TRAPPC6A",1.98825972034917,1.5124041025674,0.682,0.526333333333333,1.11338795447218e-53,3
"TRAT1",7.43343570597687,4.2204233298565,0.695,0.522,0,2
"TRBC1",4.67929587587762,4.09128921016172,0.628,0.552,0,2
"TRBC2",3.98558275531658,3.55862339967144,0.826,0.797,0,2
"TREML1",9.52255105407382,9.52255105407382,0.549,0.549,0,1
"TRG-AS1",4.03292643421613,2.50963518710079,0.57,0.41,3.73604871245234e-88,2
"TRGC1",4.65878567878055,4.65878567878055,0.43,0.43,1.82280811393762e-150,1
"TRGC2",5.29141274658069,5.29141274658069,0.57,0.57,1.34200977919425e-217,1
"TRIAP1",1.23564701777392,1.0465466565618,0.333,0.3255,3.56394081108268e-11,2
"TRIB1",0.658995558875008,0.498156427258448,0.697,0.6265,9.06597566879623e-46,2
"TRIM10",13.3308434761138,13.3308434761138,0.368,0.368,0,1
"TRIM11",0.933948007211524,0.924788889658153,0.389,0.328,5.20564170198312e-09,2
"TRIM13",1.1687966523104,1.1687966523104,0.3,0.3,3.88034571419058e-56,1
"TRIM14",1.25969240563552,1.20479937629584,0.806,0.7305,2.45958447204109e-274,2
"TRIM22",1.26366371309378,1.07772097927837,0.477,0.4,5.05898146609671e-18,2
"TRIM25",1.94369540975404,1.94369540975404,0.28,0.28,1,1
"TRIM26",1.56155775271891,0.899290619700975,0.472,0.416333333333333,8.02683719679248e-133,3
"TRIM27",0.336182186214143,0.336182186214143,0.496,0.496,2.60576973936815e-138,1
"TRIM28",0.989371295384577,0.78998808583373,0.583,0.41375,9.52660110747812e-72,4
"TRIM33",1.21945204991213,1.0190276268902,0.188,0.166,0.00076122524027923,2
"TRIM38",1.11247168251862,1.11247168251862,0.284,0.284,1,1
"TRIM4",1.3253713537038,0.933946934476567,0.389,0.312666666666667,7.00437244308668e-48,3
"TRIM44",1.75686526024469,1.2508768060572,0.778,0.56475,1.17888551561588e-236,4
"TRIM5",0.324924024056614,0.324924024056614,0.444,0.444,3.70153626746805e-06,1
"TRIM52",0.834137619710568,0.811367261938291,0.326,0.298,1.93991708687036e-32,2
"TRIM56",0.586118207950373,0.586118207950373,0.275,0.275,0.0470991332422681,1
"TRIM58",4.92077456546253,4.83845360032113,0.772,0.5135,5.35688730514919e-165,2
"TRIM7",3.51129365829544,2.57083219066085,0.278,0.264,7.95486384488447e-269,2
"TRIM73",1.79243823910314,1.14495525633739,0.379,0.306,4.77195757842154e-67,3
"TRIM8",1.13195618140944,1.02377815996796,0.209,0.176,1.557764531172e-05,2
"TRIO",2.12902950784367,1.77036858415571,0.472,0.37,9.87298652510055e-132,3
"TRIOBP",0.331066513052018,0.331066513052018,0.589,0.589,1.21405260911605e-189,1
"TRIP11",0.890267620378847,0.574355806745866,0.758,0.529333333333333,2.00450475350715e-90,3
"TRIP12",0.725283325095574,0.499334852226533,0.886,0.42025,1.32397233318221e-164,4
"TRIP4",0.991387694899283,0.811249614758248,0.389,0.327,5.96179880002761e-84,2
"TRIQK",0.933215850283807,0.63538951721059,0.369,0.365,1.5245988911216e-187,2
"TRIR",0.691834748150214,0.554341060162089,0.977,0.71375,8.96485554248455e-46,4
"TRIT1",1.82250239756235,1.82250239756235,0.25,0.25,1.00870062481232e-07,1
"TRMT1",1.74358805307155,1.28753206038632,0.833,0.6285,1.57402403022515e-147,2
"TRMT10A",1.44957880249298,1.44957880249298,0.303,0.303,1.12875783879855e-21,1
"TRMT10B",0.533597561246679,0.533597561246679,0.306,0.306,0.720514937750353,1
"TRMT10C",1.48200810931346,0.960671798764036,0.722,0.4194,2.96794302061466e-48,5
"TRMT11",0.809921088838934,0.809921088838934,0.288,0.288,4.41106417778829e-13,1
"TRMT112",1.42782072294133,0.968706711099507,0.917,0.76,7.54166715827246e-117,5
"TRMT13",0.872759072228106,0.526552075495431,0.389,0.341333333333333,8.48621497225263e-08,3
"TRMT6",1.20028175525912,0.97229868974634,0.361,0.322666666666667,6.79422471944055e-84,3
"TRMT61B",1.78211667724485,1.78211667724485,0.361,0.361,5.24063657730495e-16,1
"TRMU",1.18068672081558,1.18068672081558,0.278,0.278,9.70230266232864e-07,1
"TRNAU1AP",0.948016694890488,0.683008027291861,0.528,0.459,1.68156924458387e-15,3
"TRNT1",0.800814453356123,0.579142244925347,0.485,0.3815,2.88935503648018e-24,2
"TROVE2",0.405410307147382,0.36674308397443,0.477,0.2865,9.08475414452274e-35,2
"TRPC4AP",0.61088072646377,0.61088072646377,0.639,0.639,8.9681203427081e-14,1
"TRPM7",0.363417016656345,0.363417016656345,0.428,0.428,4.94533911685704e-105,1
"TRPS1",1.923462438197,1.56858615305975,0.806,0.765,0,2
"TRPT1",1.06681146287267,1.06681146287267,0.318,0.318,8.27219828796289e-24,1
"TRPV2",2.16655312086767,1.50884044784842,0.444,0.364333333333333,4.21616920520205e-76,3
"TRUB2",1.45365778845606,1.22535246381207,0.348,0.299,1.26826122392085e-23,2
"TSC1",0.326722028578979,0.326722028578979,0.28,0.28,2.75513422604878e-78,1
"TSC22D1",7.77386794142916,7.77386794142916,0.489,0.489,1.16092341561873e-264,1
"TSC22D3",1.49746328156926,0.962536487694707,0.666,0.535,4.13104429825792e-92,2
"TSC22D4",0.777651245986402,0.562943996663181,0.651,0.293333333333333,2.20105552428612e-15,3
"TSEN15",2.17656239817147,1.93237974390217,0.667,0.4615,7.65605878435833e-78,2
"TSEN54",3.66500375212906,2.51245341298299,0.407,0.355,1.88222024412533e-64,2
"TSFM",1.42438831266815,1.2473119919606,0.455,0.3525,1.95662096004227e-29,2
"TSHR",4.52489874032473,4.52489874032473,0.303,0.303,1.2544976700355e-211,1
"TSHZ1",0.908136733564196,0.908136733564196,0.25,0.25,0.0303271125557279,1
"TSHZ2",6.54462015445988,6.54462015445988,0.27,0.27,1.61022671391679e-283,1
"TSN",0.921105844640237,0.722250874150475,0.38,0.353,7.91960883027872e-91,2
"TSNAX",0.743857773195094,0.743857773195094,0.118,0.118,5.21649159190099e-15,1
"TSPAN13",3.94716624816088,3.94716624816088,0.279,0.279,1.50394481243487e-239,1
"TSPAN14",0.814504541968758,0.529385611837805,0.723,0.467,8.38436408091709e-178,3
"TSPAN17",1.62541446596338,1.62541446596338,0.361,0.361,9.85083686532294e-19,1
"TSPAN2",2.34831016106696,1.74286105228573,0.429,0.349,1.02534636908688e-93,2
"TSPAN3",2.09305172054253,2.09305172054253,0.488,0.488,7.74121111276512e-179,1
"TSPAN31",0.991031463068931,0.708417869021795,0.361,0.317,2.07699010389052e-07,2
"TSPAN32",1.14456439410517,1.14456439410517,0.279,0.279,3.14053108891577e-10,1
"TSPAN33",5.60168822277727,5.60168822277727,0.415,0.415,6.00415598785567e-112,1
"TSPAN4",2.46556120329094,2.46556120329094,0.25,0.25,2.71036062095454e-11,1
"TSPAN5",5.39407881533468,4.34054086688447,0.439,0.3825,5.60182422027403e-78,2
"TSPO",2.269620833793,1.39728567390583,1,0.944,1.40149598230725e-196,4
"TSPO2",7.73152050989759,7.73152050989759,0.316,0.316,6.4565772766167e-313,1
"TSPYL1",0.848481306223277,0.699441098409427,0.299,0.283,1.21805455746157e-20,2
"TSR1",1.36839076820016,1.35005628537975,0.439,0.4,1.45199771102706e-25,2
"TSR2",1.37155068087274,1.30376101939358,0.291,0.276,2.0830218682159e-40,2
"TSR3",1.19044051521856,0.698682456355289,0.621,0.575666666666667,7.96866000280076e-17,3
"TSSC4",1.56533548933887,0.960646989674799,0.611,0.510333333333333,1.28911564394519e-90,3
"TSTA3",2.14548834679795,1.17326145169255,0.485,0.40625,7.24350731413136e-21,4
"TSTD1",1.84792599366985,1.23382376768642,0.667,0.592333333333333,1.43642547728392e-174,3
"TTBK2",0.831064165048894,0.831064165048894,0.324,0.324,9.48019636194998e-124,1
"TTC1",0.636670335360662,0.514127503762323,0.773,0.443333333333333,1.00291088118751e-35,3
"TTC14",1.67396396356313,1.02341104803361,0.438,0.389666666666667,2.63530531905951e-22,3
"TTC17",0.535044391260285,0.396200323932952,0.667,0.491333333333333,3.31220966842987e-135,3
"TTC19",1.38333276553794,1.29599025019367,0.407,0.376666666666667,3.55822168350354e-66,3
"TTC21B",0.77198995011226,0.77198995011226,0.25,0.25,0.0135609963761045,1
"TTC3",1.80143173416123,0.981633293847924,0.894,0.579428571428571,1.30451015465667e-81,7
"TTC31",1.21393192303978,0.968513367283339,0.394,0.3635,5.2733858306212e-22,2
"TTC37",1.26664297407495,1.03684788117559,0.639,0.458166666666667,2.18278117159431e-94,6
"TTC39C",2.2209419414104,1.19059169591242,0.511,0.4895,1.38414856094131e-147,4
"TTC7A",1.6730837358363,0.889885709373693,0.556,0.528,1.26788787643905e-243,3
"TTC9C",1.08896712252869,1.08896712252869,0.256,0.256,0.000330133968389941,1
"TTF2",1.636751082136,1.636751082136,0.389,0.389,3.70833159043124e-13,1
"TTI2",0.3921786018309,0.3921786018309,0.333,0.333,2.83349242270359e-20,1
"TTL",1.28479139079689,1.23537307133646,0.5,0.408,9.74721838141449e-146,2
"TTYH3",2.49002007542895,2.34703747177744,0.889,0.702,0,2
"TUBA1A",1.59019913795118,1.2198923818159,0.396,0.3075,4.43652331171414e-20,2
"TUBA1B",2.30702733293455,2.25720581880524,0.675,0.5795,1.76665914395179e-43,2
"TUBA1C",4.90974059084736,4.90974059084736,0.393,0.393,6.55301964023101e-73,1
"TUBA4A",4.10841606542003,4.10841606542003,0.624,0.624,6.74010184179613e-89,1
"TUBB",3.48079142709604,1.53214292578852,0.64,0.443666666666667,3.29132233571444e-52,3
"TUBB1",8.87244242336631,8.87244242336631,0.835,0.835,0,1
"TUBB4B",3.4028188586347,3.4028188586347,0.365,0.365,1.46315604956044e-26,1
"TUBG1",2.64282549345254,2.64282549345254,0.364,0.364,8.56049018718995e-73,1
"TUBGCP2",1.45818519192692,0.877589346407329,0.778,0.5534,3.11432897731983e-241,5
"TUBGCP4",0.825418321780442,0.825418321780442,0.306,0.306,0.000615769782173601,1
"TUFM",1.72598237128682,1.41236688808473,0.833,0.599166666666667,3.09259252371415e-178,6
"TULP4",1.38460850773043,0.80880020674757,0.361,0.297,2.17777333302704e-39,3
"TUSC2",0.398182889289346,0.398182889289346,0.314,0.314,0.000915316125739242,1
"TUT4",1.08443531488158,0.728300967037211,0.558,0.544666666666667,7.30385829700419e-95,3
"TUT7",1.32865581760334,1.32865581760334,0.382,0.382,3.96669651459989e-13,1
"TVP23B",0.34426051316785,0.34426051316785,0.288,0.288,5.06528230808511e-18,1
"TWF1",0.400736319816607,0.399017410847659,0.361,0.3205,5.59520010055211e-87,2
"TWF2",0.971984894186961,0.933507503502145,0.917,0.775666666666667,2.333873812182e-239,3
"TWISTNB",1.24485873309586,1.24485873309586,0.394,0.394,9.75779960517292e-25,1
"TXK",5.33567659021228,3.8720440239036,0.593,0.436,0,2
"TXLNA",1.95119418441439,1.49616421818849,0.722,0.49425,1.24182752547939e-69,4
"TXLNG",1.7191860169202,1.16038620377576,0.314,0.291666666666667,9.77412791600024e-50,3
"TXN",0.539043391212396,0.501657657885501,0.939,0.6985,8.89615721232046e-12,2
"TXN2",1.00474507142476,0.91550242804101,0.697,0.5416,6.06290933709949e-120,5
"TXNDC11",3.74185016952739,1.60769150802123,0.985,0.543333333333333,3.86533993208085e-149,3
"TXNDC12",0.479391955170253,0.479391955170253,0.722,0.722,6.45791114023519e-12,1
"TXNDC15",2.30241038851393,1.19464753283547,0.879,0.517333333333333,1.0640193278509e-98,3
"TXNDC16",0.754204978674094,0.754204978674094,0.306,0.306,4.42399694490239e-13,1
"TXNDC17",1.26696693291994,1.02630207404772,0.861,0.6354,2.23108859210333e-228,5
"TXNDC5",7.78013536637521,7.78013536637521,0.894,0.894,0,1
"TXNDC9",1.22227079440829,0.620374941103407,0.515,0.4215,2.48934682140849e-58,4
"TXNIP",1.71413428651504,0.998560839453464,0.966,0.868,0,2
"TXNL1",0.903781516701437,0.568807364331085,0.818,0.5824,3.40335519868512e-98,5
"TXNL4A",1.15267239869468,0.851833324390351,0.833,0.646,1.56978962877276e-159,5
"TXNRD2",1.85599614661882,1.75235431615732,0.417,0.336,2.39063203391227e-125,2
"TYMP",1.52451758693435,1.13195483731077,1,0.834,2.68537648959733e-171,3
"TYMS",5.32759385386724,5.32759385386724,0.293,0.293,7.84401567739385e-184,1
"TYROBP",1.51051794739055,1.30758315073532,1,0.892666666666667,7.06393377337436e-168,3
"TYW1",1.17404762386772,1.17404762386772,0.379,0.379,2.07007736111031e-25,1
"TYW3",1.15566916276814,1.11452665940287,0.47,0.371,2.69145235731339e-64,3
"U2AF2",0.666141146705842,0.480790230927637,0.47,0.41025,1.57235262048637e-128,4
"U2SURP",0.949255132910638,0.732416552664221,0.889,0.682833333333333,3.11882015698414e-89,6
"UACA",3.47401671147488,3.26728344345109,0.528,0.4135,5.51441738327728e-236,2
"UAP1",4.12041688055844,4.12041688055844,0.742,0.742,2.40453686641024e-233,1
"UBA1",0.722667477091586,0.568795317285783,0.806,0.514666666666667,3.29595332311125e-191,3
"UBA2",1.60065165068914,1.21187354878512,0.712,0.5064,2.25210588234272e-79,5
"UBA5",2.73537491066905,1.64813825090618,0.803,0.5265,1.26820185072321e-131,2
"UBA52",1.0783018945486,0.718424316757067,1,0.975333333333333,2.80891682580522e-164,6
"UBA6",1.55844215831446,1.55844215831446,0.333,0.333,5.92004033595772e-12,1
"UBAC1",3.09503400815252,1.88501409314847,0.806,0.536,1.79836046960619e-153,3
"UBAC2",0.558936458045264,0.417824583254047,0.43,0.38,8.68857188893548e-28,2
"UBALD1",1.22507894196979,0.891015307453765,0.333,0.318,9.64913963880742e-14,2
"UBALD2",0.442796260495963,0.442796260495963,0.192,0.192,1,1
"UBAP2",0.528633483849176,0.528633483849176,0.417,0.417,2.33227084863159e-06,1
"UBAP2L",0.720044109063284,0.460527062314233,0.611,0.4412,1.24005433719284e-112,5
"UBB",3.15872964910793,1.18983414877601,1,0.9195,2.05710652719157e-134,6
"UBC",0.682572828551331,0.664724364784961,0.668,0.646,3.39740876706461e-30,2
"UBE2A",0.68484036895997,0.540524203564316,0.722,0.599666666666667,7.00456775424427e-22,3
"UBE2B",1.84727683275,1.84727683275,0.543,0.543,2.87615987781761e-61,1
"UBE2D1",2.15362606568993,1.25908994939599,0.405,0.283,6.19068051403202e-51,2
"UBE2D2",1.12286153980141,0.954313922524709,0.909,0.795,1.22066897364831e-111,4
"UBE2D3",1.0110319382434,1.0110319382434,0.532,0.532,5.99411315633714e-21,1
"UBE2E1",0.61861600500008,0.553418908554835,0.528,0.4875,6.37369462306619e-115,2
"UBE2E2",1.88549369122501,1.88549369122501,0.333,0.333,1.93033020766447e-07,1
"UBE2E3",0.399816127096546,0.316388865497359,0.528,0.428,6.37144994826101e-118,3
"UBE2F",0.478176613531988,0.430365235016397,0.694,0.504,5.79274716020968e-16,2
"UBE2G1",1.52291309748062,1.52291309748062,0.818,0.818,1.89415611842004e-48,1
"UBE2G2",1.48213852194896,1.04211070598943,0.778,0.5372,1.12740357650772e-150,5
"UBE2H",1.98333224679761,1.98333224679761,0.632,0.632,9.6625266950502e-11,1
"UBE2I",0.796145764293971,0.694111631874334,1,0.77475,8.19004093421994e-134,4
"UBE2J1",1.69461520096003,1.69461520096003,1,1,5.23495192257466e-35,1
"UBE2J2",1.0001602008224,0.637965028200401,0.75,0.488666666666667,6.32149378322646e-94,3
"UBE2K",0.612381057593384,0.531785778721651,0.972,0.608333333333333,8.14328091313552e-166,3
"UBE2L3",1.39203701660177,0.831044227514119,0.917,0.643166666666667,4.50716670447419e-120,6
"UBE2L6",1.47992085934078,0.980386233043332,1,0.726333333333333,1.79054989201292e-171,3
"UBE2M",0.824797198655069,0.612588475614778,0.818,0.61275,1.23833801373636e-21,4
"UBE2N",1.41026761264367,1.02585621065587,0.773,0.542166666666667,7.12951933912192e-98,6
"UBE2O",4.38991188184471,2.40090331015623,0.421,0.4075,9.53576257035822e-22,2
"UBE2Q1",0.292813770526109,0.292813770526109,0.596,0.596,3.8488547539823e-121,1
"UBE2Q2",1.85612614310841,1.15777497202564,0.556,0.3772,1.3012675897498e-63,5
"UBE2R2",1.68891835143949,1.19418738634595,0.437,0.327,1.38030421482361e-32,2
"UBE2S",1.37647690167025,0.935726893224377,0.606,0.4805,4.1845702336619e-87,4
"UBE2V1",1.37153267595646,1.19371401076138,0.417,0.348,3.12634423668088e-08,2
"UBE2V2",1.75899534589477,0.854231719401471,0.64,0.5206,1.07431344744846e-97,5
"UBE2W",0.870732842218835,0.870732842218835,0.349,0.349,4.85048988533095e-07,1
"UBE2Z",0.532994796974075,0.532994796974075,0.75,0.75,1.65976351261948e-14,1
"UBE3A",1.44573995044093,0.953724160505015,0.833,0.539666666666667,4.77856228898755e-200,6
"UBE3C",0.912487287745251,0.826037111377569,0.5,0.466,1.06972100838043e-143,2
"UBE4A",0.32493168549713,0.32493168549713,0.583,0.583,4.81485741494042e-07,1
"UBFD1",1.86713051086319,1.59806984852505,0.278,0.2755,5.06341363223322e-16,2
"UBL3",0.677027231323399,0.677027231323399,0.265,0.265,1,1
"UBL5",1.00442253972325,0.518345692399431,0.977,0.934,2.62867211445906e-71,5
"UBL7",0.859471663520788,0.794185947148636,0.364,0.321,1.06873845104165e-12,2
"UBLCP1",0.290746945271615,0.290746945271615,0.535,0.535,2.01061675309886e-13,1
"UBN1",1.38960667322073,1.38960667322073,0.329,0.329,6.81280999421566e-07,1
"UBN2",0.517668418800647,0.517668418800647,0.369,0.369,3.80840442121573e-129,1
"UBP1",1.85213323150751,1.52834016786669,0.583,0.5335,5.23546592981091e-263,2
"UBQLN1",0.833112606238293,0.770398607216592,0.806,0.6815,8.22532670404186e-152,2
"UBQLN2",0.363051439635866,0.363051439635866,0.337,0.337,2.27853978144374e-31,1
"UBQLN4",2.01253631903571,2.01253631903571,0.306,0.306,7.79717344307297e-16,1
"UBR1",1.36730355857851,0.83329006261028,0.291,0.284,1.37484526542395e-59,2
"UBR2",1.29345417397371,1.29345417397371,0.309,0.309,1,1
"UBR3",0.565177223353023,0.518295630944578,0.472,0.4435,1.87455623764998e-142,2
"UBR4",0.815187001043428,0.815187001043428,0.682,0.682,9.57578443104488e-226,1
"UBR5",0.544530288864688,0.392717586205618,0.864,0.415333333333333,5.18274159960264e-23,3
"UBR7",0.988658959909841,0.988658959909841,0.258,0.258,9.36631124022472e-11,1
"UBTF",1.21407476944109,1.01162723269581,0.64,0.496666666666667,4.67405748876604e-53,3
"UBXN1",1.36746929145518,0.920611836299131,0.972,0.8346,9.68331730703364e-138,5
"UBXN11",1.54695638930681,1.385225799373,0.667,0.5585,3.07239590288417e-257,2
"UBXN2A",0.765128872578726,0.599428658569588,0.364,0.3435,2.57803693640242e-95,2
"UBXN4",0.919257054936154,0.919257054936154,0.955,0.955,1.49354953228317e-20,1
"UBXN6",2.06754276314361,1.29490441879639,0.509,0.4905,9.33369017039943e-20,2
"UBXN8",2.57394008845699,2.57394008845699,0.25,0.25,1.24171392635563e-16,1
"UCHL3",1.752443435765,1.39870132882916,0.545,0.432,2.07843099308778e-85,4
"UCHL5",1.98010700186958,1.28610129999178,0.652,0.462,6.83641250330234e-74,4
"UCKL1",1.18736496112019,0.831890138603122,0.333,0.3055,1.06758210180763e-13,2
"UCP2",1.89575430533841,1.09648235243154,0.972,0.738333333333333,1.18596880926971e-188,6
"UFC1",1.53056137351045,1.03365985615793,0.924,0.665666666666667,4.90370895499047e-126,6
"UFD1",0.782708938105282,0.5422639166847,0.818,0.59975,5.18274768203013e-33,4
"UFL1",1.52580016383154,0.847905435713798,0.788,0.4512,2.82468588395485e-103,5
"UFM1",2.12780612904598,1.0541316534457,0.924,0.548333333333333,8.34283734950937e-126,6
"UFSP2",1.80809773213954,1.58107345833559,0.5,0.403,1.18490934389814e-36,2
"UGCG",3.63048479486819,3.4851995707266,0.871,0.854,4.28405635309844e-210,2
"UGDH",1.8499818637701,1.8499818637701,0.288,0.288,5.0346553363579e-23,1
"UGGT1",0.791222556839233,0.791222556839233,0.742,0.742,8.77716247979281e-33,1
"UGGT2",2.31288685021723,2.31288685021723,0.361,0.361,3.60678914556093e-21,1
"UGP2",1.88763134714671,1.12598694446741,0.548,0.437,1.0649641262043e-62,3
"UHMK1",0.806038603847147,0.664701655652688,0.806,0.56175,2.97633612053407e-193,4
"UHRF2",0.373014926231052,0.373014926231052,0.337,0.337,7.09717445310747e-05,1
"ULK2",3.02763073903325,3.02763073903325,0.306,0.306,3.23790311544721e-18,1
"UNC45A",0.750919027690475,0.716010121047516,0.417,0.398,1.20569311955177e-11,2
"UNC50",1.09328471327579,0.772513050427612,0.5,0.377,4.82856462879452e-59,3
"UNC93B1",1.04250699667707,0.742287289432433,0.917,0.610666666666667,5.04880752746341e-241,3
"UPF2",0.860261335504741,0.69495196718547,0.178,0.1585,3.74338723078862e-22,2
"UPF3A",1.30195063849457,1.06643616824869,0.742,0.5145,1.0471715658788e-61,4
"UPF3B",1.17242641868107,0.667425515597588,0.364,0.320333333333333,2.74587557038738e-08,3
"UPP1",0.288168711001201,0.288168711001201,0.684,0.684,1.48413245577572e-193,1
"UQCC1",1.61547590964875,1.39988032373236,0.333,0.3105,2.08145421545229e-17,2
"UQCC2",2.32480935890187,1.52676502193925,0.727,0.4402,7.7199797663032e-53,5
"UQCC3",1.14564958196846,1.11903738449031,0.528,0.514,2.48161039077233e-22,2
"UQCR10",1.20347676513117,0.747096150247012,1,0.867666666666667,2.07640289864589e-138,6
"UQCR11",1.72967954130422,0.856721829863492,1,0.8535,1.66717988922729e-107,4
"UQCRB",1.57963431192616,0.999091494609423,1,0.9555,8.47581002175443e-173,6
"UQCRC1",1.498705908966,1.13644953591264,0.833,0.5766,3.87588285792896e-315,5
"UQCRC2",1.07804626892497,0.791983187502283,0.889,0.6015,7.77164394711748e-188,4
"UQCRFS1",1.89982834190245,1.18020886590675,0.917,0.674333333333333,3.60559155359203e-201,6
"UQCRH",3.04635405483752,1.19073634496946,1,0.8682,2.69223560008579e-160,5
"UQCRQ",2.01392040835585,1.16126749819752,0.944,0.8202,1.28472569354834e-196,5
"URI1",1.8185407886261,1.03184906773331,0.697,0.537,6.43662019164354e-101,6
"URM1",1.80258075128133,1.35207194455246,0.364,0.350333333333333,1.18856247020203e-13,3
"UROD",3.58242337987828,1.25991319631533,0.526,0.4155,5.17589150256226e-77,4
"UROS",1.20314777926732,0.980233254996535,0.439,0.34,2.57012555932911e-103,4
"USE1",1.15145349884579,0.837002235305294,0.652,0.4002,6.9409814927535e-55,5
"USO1",1.85551906263062,1.04686912998029,0.879,0.59075,9.9303716899523e-139,4
"USP1",1.60194114146729,1.17681127025564,0.465,0.389,4.58229356202296e-09,2
"USP10",0.845777671865634,0.639277668450407,0.722,0.509666666666667,1.583848316959e-165,3
"USP11",1.56213930293805,0.733450842616226,0.409,0.308666666666667,1.71274044146256e-20,3
"USP12",2.5223380117548,2.5223380117548,0.474,0.474,5.16250172620131e-18,1
"USP14",1.65713573417465,1.10546141864604,0.712,0.4818,1.14893022363602e-62,5
"USP15",1.31556668379606,1.15667179730677,0.644,0.5955,1.03296671053944e-59,2
"USP16",0.519277671654743,0.381857219984201,0.672,0.5225,1.83803831297295e-120,4
"USP18",0.760552633477921,0.631228038612794,0.444,0.362666666666667,1.01079325053651e-94,3
"USP19",0.32382722317145,0.32382722317145,0.306,0.306,0.00143531158835697,1
"USP22",0.278062706103843,0.278062706103843,0.639,0.639,1.16923611444581e-06,1
"USP24",0.68163778469682,0.568145300491801,0.611,0.463333333333333,1.27292284633921e-97,3
"USP28",2.59629633119408,2.25988705718455,0.682,0.556,3.34912438911984e-66,2
"USP3",0.955012762300637,0.615368125171322,0.9,0.545,1.06121807517976e-175,2
"USP33",0.668578897145438,0.46433591366237,0.102,0.0935,2.89796198897838e-35,2
"USP34",0.448373688784475,0.448373688784475,0.085,0.085,8.62564111607414e-30,1
"USP36",0.331542766814772,0.331542766814772,0.306,0.306,0.065220765763344,1
"USP39",0.420396738348777,0.420396738348777,0.306,0.306,0.000715177088817418,1
"USP40",2.49859853825869,2.49859853825869,0.333,0.333,7.06965201072981e-18,1
"USP42",1.69850515064505,1.69850515064505,0.472,0.472,1.07146213585329e-19,1
"USP47",1.41330388852924,0.878552715852658,0.5,0.411,5.48790056695112e-100,3
"USP48",1.1356215176518,0.718361822085712,0.879,0.606333333333333,2.89107236640485e-155,3
"USP5",1.02876108077807,0.950351054657428,0.303,0.2905,1.12838847696186e-10,2
"USP7",1.80244006372935,1.19523669603027,0.612,0.5255,1.03754989247703e-143,2
"USP8",1.10230320848756,0.760825924425575,0.185,0.167,1.40281959613508e-20,2
"USP9X",0.42328923017039,0.42328923017039,0.778,0.778,4.01331586623777e-10,1
"USPL1",0.666887258654562,0.666887258654562,0.278,0.278,0.0153141069991011,1
"UTP11",1.59645728233422,1.36665528498791,0.606,0.44775,3.49995085335832e-137,4
"UTP14A",1.58167542291007,1.26260526464947,0.306,0.297,7.9619412271552e-08,2
"UTP18",1.48089632587312,0.939217376757006,0.556,0.4215,1.01669762954342e-69,4
"UTP23",0.552695394066049,0.415302151196051,0.361,0.32,0.00783860596148575,2
"UTP3",1.33343227503778,1.15740810188008,0.528,0.4235,1.87960036119447e-101,4
"UTP4",1.78783262804743,1.78783262804743,0.25,0.25,9.23192260927417e-07,1
"UTP6",1.123342788855,0.692252079842609,0.528,0.404333333333333,1.12536915966089e-95,3
"UTRN",0.910583577843349,0.653027745418678,0.972,0.448333333333333,1.89283441025532e-19,3
"UTS2",1.77951446135361,1.77951446135361,0.407,0.407,6.82927889323263e-42,1
"UVRAG",1.69270186421054,0.86208694066808,0.611,0.466333333333333,4.22685443888939e-89,3
"UXS1",1.01232280635972,1.01232280635972,0.297,0.297,2.99426467667012e-53,1
"UXT",1.51445213821498,0.883258356497813,0.972,0.688571428571429,9.01615674223213e-125,7
"VAC14",1.70588826882943,1.70588826882943,0.417,0.417,4.82658761206956e-24,1
"VAMP2",0.971861074898581,0.887596924619447,0.291,0.2585,1.97636472704936e-05,2
"VAMP3",0.782621437186545,0.607133233503734,0.583,0.5555,1.86574095739631e-201,2
"VAMP4",0.62417606783172,0.62417606783172,0.472,0.472,2.41984040305437e-10,1
"VAMP5",1.85112697698717,1.03990400833489,0.861,0.5838,8.26368095419721e-212,5
"VAMP7",0.855338571451119,0.770846059065071,0.444,0.379,5.69705172147772e-128,2
"VAMP8",1.57102205139259,1.12344970075005,1,0.776333333333333,8.93177491952719e-237,6
"VAPA",0.521508195227545,0.521508195227545,0.202,0.202,3.08908255130266e-16,1
"VARS",2.25905054781303,1.93708908618981,0.515,0.3825,2.37808765307567e-51,2
"VARS2",1.8711771936064,1.8711771936064,0.25,0.25,1.41150736476385e-11,1
"VASP",1.51523378957885,0.8179219141458,0.744,0.569,7.76401829542195e-94,3
"VAT1",3.93369778590619,2.13588870594051,0.39,0.3295,1.02474917955215e-76,2
"VAV1",0.664429769316615,0.515208850805407,0.639,0.529,2.74368971554139e-12,2
"VAV2",1.84952659601309,1.84952659601309,0.25,0.25,3.3616928199442e-10,1
"VAV3",0.331076462474867,0.331076462474867,0.328,0.328,7.19474062024688e-33,1
"VBP1",0.859390245789634,0.521952959806,0.621,0.458333333333333,1.59623987303495e-18,3
"VCAN",5.3984862812199,3.52288471651721,1,0.9965,0,2
"VCL",4.10050474546066,1.75870089197447,0.67,0.55,5.97790485726124e-115,3
"VCP",1.41759478833291,0.684286182453376,0.924,0.7645,1.95828312780604e-153,4
"VDAC1",2.12570956312388,1.71503518243667,0.889,0.6704,5.33587388629701e-206,5
"VDAC2",1.2176370232327,0.841278935793456,0.889,0.5965,6.41794445749053e-171,6
"VDAC3",3.82532448671689,1.48486384057663,0.778,0.5855,2.18488230018185e-25,4
"VEGFB",3.38425579702708,1.92955737691596,0.318,0.29,3.60754240204154e-124,2
"VEZF1",0.678009555183776,0.678009555183776,0.281,0.281,1,1
"VEZT",1.46661628526022,1.28480516841372,0.472,0.36275,8.80478005264465e-76,4
"VGLL4",0.702089483122782,0.491593368251255,0.306,0.289,2.04032649339608e-87,3
"VHL",0.366596671941167,0.360984801025816,0.639,0.5405,6.95787600268178e-116,2
"VIM",1.83639741011305,1.4556381321106,1,0.982,3.71932646143667e-304,3
"VIPAS39",0.839142235165008,0.839142235165008,0.278,0.278,1.05733169332825e-06,1
"VIPR1",0.964644611958658,0.964644611958658,0.306,0.306,7.43317957090708e-13,1
"VKORC1",1.22049820261369,0.896941708074339,0.667,0.48175,3.20615922812247e-133,4
"VMA21",1.83416256385546,1.37135917871146,0.944,0.592,1.8129373950371e-214,5
"VMP1",1.8181081099805,1.46475931616744,0.771,0.6785,4.82324971699173e-230,2
"VNN2",3.12737465847514,3.12737465847514,0.667,0.667,0,1
"VNN3",1.56315363756032,1.56315363756032,0.29,0.29,9.33154079350814e-71,1
"VOPP1",1.72574660930583,1.72574660930583,0.894,0.894,3.67847008958629e-58,1
"VPREB3",6.98005574503619,6.98005574503619,0.752,0.752,0,1
"VPS11",1.32554501007818,1.23753213294059,0.417,0.3405,3.98972654705054e-85,2
"VPS13A",2.46328186442369,1.47195503800004,0.314,0.2995,7.81263312034375e-17,2
"VPS13C",1.35613901468829,1.0065882838944,0.972,0.731,5.69104421813137e-226,5
"VPS16",1.29095192683421,0.950764442458056,0.389,0.309,6.97055317615103e-103,3
"VPS18",0.518868641925535,0.518868641925535,0.361,0.361,1.21669952221132e-08,1
"VPS25",1.28082696057436,1.07247386788456,0.606,0.442,5.47702019998271e-116,4
"VPS26A",0.812550770276257,0.631967012810907,0.75,0.568,1.16678162023047e-136,3
"VPS26B",1.30861890450622,0.82535898175159,0.389,0.358666666666667,3.28919703221062e-108,3
"VPS26C",0.69412290997935,0.574378684632663,0.417,0.374,5.36777671188337e-101,2
"VPS28",0.326241026062376,0.304382421509437,0.972,0.823,8.32174130139526e-07,2
"VPS29",1.03030829168509,0.727669351424628,1,0.6888,2.49743939578974e-175,5
"VPS33A",0.803517830999076,0.803517830999076,0.267,0.267,0.000885954760616304,1
"VPS35",1.1391528336606,0.734972289640997,0.861,0.55425,9.24705641560993e-131,4
"VPS35L",1.57623807188336,1.51973070408153,0.389,0.337,1.19980747382678e-122,2
"VPS36",1.05030566544649,0.668890572421783,0.697,0.538166666666667,5.43552913629038e-124,6
"VPS37A",0.711975967961674,0.516807606727058,0.5,0.454,5.9696884676656e-142,2
"VPS39",0.464934842170619,0.464934842170619,0.472,0.472,4.16779316761849e-09,1
"VPS41",1.01609470234866,0.571415248821301,0.556,0.441,6.66508785309444e-180,3
"VPS45",2.18384558523959,1.82462462014714,0.361,0.33,3.38563633585331e-161,2
"VPS4A",0.743597812973093,0.594359604595424,0.5,0.378,1.43550724498125e-80,3
"VPS4B",0.748419427983271,0.748419427983271,0.168,0.168,2.24422182469697e-22,1
"VPS50",1.35518871956992,0.866080971797642,0.444,0.351,7.09278677628115e-12,2
"VPS51",1.31631862743611,0.948928157670959,0.667,0.459166666666667,4.86120422931659e-84,6
"VPS53",1.45554582967425,1.45554582967425,0.276,0.276,1.72807029020674e-05,1
"VPS54",0.391348605540689,0.391348605540689,0.299,0.299,2.01783557836249e-83,1
"VPS8",0.584171446463919,0.584171446463919,0.341,0.341,1.92450203723064e-05,1
"VRK1",2.87998955301444,1.6940348115028,0.382,0.3595,3.02749884867529e-49,2
"VRK2",1.95633825979007,1.25666144777857,0.583,0.429,3.31304168312724e-91,3
"VSIG4",5.02507710863159,5.02507710863159,0.778,0.778,7.80373002432953e-119,1
"VSIR",1.36107278090124,0.694253814996485,1,0.548,3.7562859291384e-23,3
"VSTM1",3.39577283114963,3.22407435291445,0.51,0.4525,3.06194525008359e-135,2
"VTA1",0.694448819248221,0.681158319300409,0.556,0.493,1.1890595712955e-148,2
"VTI1B",0.857788696094324,0.786204719669099,0.833,0.611333333333333,1.46321720738146e-156,3
"WAC",0.476963639291642,0.476963639291642,0.183,0.183,8.63596296855736e-19,1
"WAC-AS1",1.33212305470863,0.90074386951088,0.583,0.424,4.06450146782448e-09,2
"WAPL",0.797648028267162,0.427497754756893,0.806,0.4645,7.00060811424976e-151,4
"WARS",1.93223982012293,1.3629567581839,0.806,0.678,3.01890236545792e-182,3
"WAS",1.3789548507307,1.3789548507307,0.346,0.346,1,1
"WASF2",0.968389029271289,0.756164499019421,1,0.64575,7.10042148343278e-163,4
"WASHC1",0.358775482343993,0.340716936194852,0.472,0.427,4.22219974625443e-103,2
"WASHC2A",1.29042747893528,1.19050273500897,0.389,0.364,1.96519839802348e-129,2
"WASHC2C",0.841964733055928,0.709573085411553,0.583,0.546,2.47758021382586e-184,2
"WASHC3",1.32396531139372,1.09642809685549,0.697,0.468,1.10072413934975e-41,4
"WASHC4",0.775632340204065,0.692450871474166,0.253,0.213,5.49213758870008e-11,2
"WASHC5",0.900544938601045,0.727865423778746,0.389,0.349,7.16084374811006e-123,2
"WASL",1.68816675297616,1.59960465588451,0.333,0.294,4.21134659541248e-121,2
"WBP11",0.808449641040355,0.670448317941899,0.667,0.4448,3.98759288088048e-96,5
"WBP1L",0.613764343162305,0.613764343162305,0.556,0.556,4.53833347376764e-12,1
"WBP2",2.80090475763522,1.24950720141538,0.596,0.376666666666667,8.80107461373604e-24,3
"WBP4",0.902977616722948,0.855665061218124,0.556,0.4115,7.97808420072328e-11,2
"WDFY1",0.812866520389502,0.744543036719542,0.639,0.55,4.7276438574133e-154,2
"WDFY3",0.446152432109091,0.446152432109091,0.302,0.302,0.0257970475592944,1
"WDFY4",1.56466284549435,1.56466284549435,0.277,0.277,2.09243234009209e-81,1
"WDR1",2.7913837835806,1.78119137859333,0.456,0.4275,2.87913435231471e-26,2
"WDR11",1.66095394343528,1.2976870446449,0.75,0.503333333333333,4.95289801331354e-130,3
"WDR12",1.41302249021428,1.41302249021428,0.306,0.306,1.14953956031454e-06,1
"WDR13",0.267595569372559,0.263539701389519,0.5,0.486,4.54632091842245e-17,2
"WDR18",2.09825345149231,1.60200000705964,0.444,0.3885,1.21991342399638e-20,2
"WDR26",1.23456121639434,1.20786615062223,0.526,0.4045,1,2
"WDR3",1.7772922369234,1.7772922369234,0.306,0.306,2.94904041850254e-07,1
"WDR33",0.822818747452394,0.680897047327845,0.788,0.52825,1.82334644537934e-47,4
"WDR36",1.98939615661603,1.30611574790946,0.472,0.379666666666667,1.86193967648623e-102,3
"WDR41",0.970752387055261,0.697755480595608,0.394,0.347,6.77191279081962e-121,3
"WDR43",1.69382341691742,1.09946190945792,0.611,0.4656,3.26791634492924e-73,5
"WDR44",1.1893822964583,1.1893822964583,0.472,0.472,5.23318056674209e-23,1
"WDR45",1.54399036858746,1.00572315386744,0.773,0.550666666666667,3.37274279418249e-50,3
"WDR45B",0.669672496625807,0.599984282976532,0.639,0.533,3.89713462479027e-139,2
"WDR46",1.71642792207676,1.1371793121932,0.556,0.415,2.31142066091204e-56,4
"WDR47",0.664813864860466,0.664813864860466,0.278,0.278,5.97416384488903e-09,1
"WDR54",1.48289087427559,1.48289087427559,0.303,0.303,8.26328718748613e-18,1
"WDR55",0.927676935114112,0.927676935114112,0.444,0.444,4.39121712934214e-13,1
"WDR6",0.617069965789091,0.617069965789091,0.47,0.47,9.47140752332942e-20,1
"WDR61",1.3775254890312,1.12288618900743,0.439,0.393666666666667,1.06880187105525e-123,3
"WDR7",1.12425660832316,0.915480596267289,0.389,0.307,4.47215977741601e-99,3
"WDR70",1.3099018211156,0.921091582687876,0.528,0.4275,5.68482804889799e-81,4
"WDR73",1.4549710348313,1.4549710348313,0.277,0.277,2.21535700816824e-45,1
"WDR74",1.86105343194508,1.01002889462173,0.455,0.32225,3.25431326103178e-42,4
"WDR75",1.4763807682495,1.31082453437998,0.361,0.317,3.00665673349631e-08,2
"WDR77",1.60951482142111,1.60951482142111,0.472,0.472,2.83956370727315e-17,1
"WDR81",1.64345217530006,1.22289252575923,0.389,0.3685,3.84718835124003e-17,2
"WDR82",0.674925158563931,0.597513625452567,0.156,0.1295,2.97482643477303e-22,2
"WDR83OS",0.717492126524272,0.543687501917902,0.917,0.7538,6.08094566774645e-136,5
"WFS1",6.1190098507013,6.1190098507013,0.288,0.288,1.18988737599163e-233,1
"WHAMM",0.613064505316409,0.613064505316409,0.326,0.326,1.80276204494187e-05,1
"WIPF1",1.50871284688316,1.50871284688316,0.614,0.614,7.09062247566868e-78,1
"WIPI1",3.06716270773988,1.95644343500225,0.5,0.388,5.9609714005932e-66,2
"WIPI2",0.32793041327013,0.32793041327013,0.082,0.082,9.4112550546077e-39,1
"WIZ",1.99935953942752,1.99935953942752,0.278,0.278,1.21631121331955e-07,1
"WNK1",2.88113744380865,1.35613423801522,0.895,0.508333333333333,6.24933936937034e-21,3
"WRAP73",0.253118102178481,0.253118102178481,0.361,0.361,0.000177484776006673,1
"WRN",0.583667412906494,0.583667412906494,0.258,0.258,2.2508365131951e-07,1
"WRNIP1",1.00404749313228,0.844086046176703,0.472,0.3935,1.56639160647695e-112,2
"WSB1",1.07571378771993,0.778629962099942,0.728,0.50175,1.2901508029879e-28,4
"WSB2",0.756701959251016,0.509003949994546,0.334,0.306,4.66590243660022e-144,2
"WTAP",0.635868168674622,0.443573086224025,0.146,0.111,8.15218454114849e-26,2
"WWC2",3.44698038617477,3.44698038617477,0.333,0.333,1.17199354310483e-28,1
"WWOX",2.39061923892528,2.39061923892528,0.318,0.318,3.2884346443102e-40,1
"WWP1",1.51711282896452,1.11631975721186,0.611,0.395,4.71425428696175e-97,4
"XAB2",0.390580560443521,0.390580560443521,0.278,0.278,0.110799778910695,1
"XAF1",1.33499196404306,1.33499196404306,0.537,0.537,2.99581642388756e-41,1
"XBP1",4.79801815721628,1.78971500116806,1,0.6836,1.97523210854518e-116,5
"XIAP",0.938424925934011,0.739120552171737,0.134,0.1235,2.97536619643762e-22,2
"XIST",2.02026089560327,0.763925817522937,1,0.869375,2.05517479853265e-158,8
"XK",2.85359630322163,2.85359630322163,0.421,0.421,6.01610282903613e-124,1
"XPA",1.8491439727229,1.05591405612198,0.53,0.406833333333333,2.0145825754299e-46,6
"XPNPEP1",0.502543347040402,0.502543347040402,0.5,0.5,1.01223208658604e-16,1
"XPO1",1.15625331730559,0.771534578389341,0.889,0.605,1.65231826810723e-12,3
"XPO4",1.50927370761242,1.50927370761242,0.288,0.288,2.60938443899356e-10,1
"XPO5",1.60028882077672,1.60028882077672,0.306,0.306,1.5538402300448e-09,1
"XPO6",1.68822179032625,1.68822179032625,0.291,0.291,2.16072489689727e-15,1
"XPO7",5.54752821759578,2.97010357119518,0.509,0.4905,6.132442692379e-28,2
"XPOT",1.08167006424837,0.923595478397918,0.394,0.333333333333333,8.31548279629455e-87,3
"XPR1",0.814764751112502,0.767753409767043,0.361,0.307,2.19993878341354e-105,2
"XRCC4",0.941184886496593,0.941184886496593,0.362,0.362,3.07348116449521e-150,1
"XRCC5",0.911846479019159,0.610281937088472,1,0.7426,9.81987885372829e-107,5
"XRCC6",1.42313883014078,0.962542687909416,0.889,0.640285714285714,1.60287732480192e-181,7
"XRN1",0.955603870823559,0.738142910848077,0.502,0.268,5.92323658097184e-17,3
"XRN2",0.91203267595706,0.750459708942022,1,0.858333333333333,2.22491980007431e-205,3
"XRRA1",0.889472983754712,0.765280871098988,0.576,0.396,2.51893367864738e-42,3
"XYLT1",1.93459523492466,1.93459523492466,0.556,0.556,3.28930123743885e-41,1
"YARS",2.29533148791347,1.54695832531228,0.53,0.43225,2.87055621965798e-83,4
"YARS2",1.75927723982662,1.75927723982662,0.379,0.379,3.84158066635266e-30,1
"YBEY",1.55953652542305,1.13814193675322,0.472,0.34175,2.38967795415016e-89,4
"YBX1",1.71698608719077,1.12193350213123,1,0.850714285714286,6.89078318690033e-182,7
"YBX3",2.50481678914823,1.70470293845988,1,0.77425,3.49052951042263e-231,4
"YDJC",1.24523139636285,1.01872025328952,0.417,0.413,1.49938990164781e-19,2
"YEATS4",1.27590558641707,1.27590558641707,0.267,0.267,1.21801225521228e-06,1
"YIF1A",2.4272386237285,1.38480407203389,0.773,0.45425,2.8313868330016e-67,4
"YIF1B",0.992857411228969,0.799093369997922,0.576,0.4965,2.13813346133023e-49,2
"YIPF2",2.16878006147705,2.16878006147705,0.53,0.53,1.00699489642518e-66,1
"YIPF5",0.726407163913849,0.593911659972281,0.606,0.42,1.08560410358709e-90,4
"YIPF6",1.3647543940175,1.3647543940175,0.281,0.281,0.0315600748075112,1
"YJU2",1.5925526860861,1.20573999527692,0.278,0.268,7.27231911150421e-08,2
"YKT6",0.902169348425861,0.761940840388207,0.394,0.345333333333333,1.71090338977905e-88,3
"YLPM1",0.858084423776006,0.752272579996588,0.556,0.482,4.67072649730748e-126,2
"YME1L1",0.628910439948254,0.554910816696053,0.917,0.54,6.25946162064289e-22,2
"YOD1",3.40739804047359,3.40739804047359,0.614,0.614,4.53325284346849e-48,1
"YPEL1",2.54357832458416,2.54357832458416,0.349,0.349,9.18029717725753e-57,1
"YPEL2",1.23381891054432,1.09429022257868,0.611,0.525,5.68751687111087e-175,2
"YPEL3",1.67925905945542,1.67925905945542,0.655,0.655,3.74291952549371e-113,1
"YPEL4",6.56030524714825,6.56030524714825,0.263,0.263,1.28380694601011e-112,1
"YPEL5",0.612465273875261,0.612465273875261,0.422,0.422,0.000710672569104132,1
"YRDC",0.746631991181439,0.574712960004954,0.333,0.2915,1.77710945030955e-13,2
"YTHDC1",0.54882203736501,0.530075698819322,0.181,0.1505,3.67066527109809e-24,2
"YTHDC2",1.14834639717908,1.05338955349013,0.611,0.505,1.37516025489944e-128,2
"YTHDF1",0.969296705741662,0.909422453951302,0.361,0.315,1.24917105479786e-86,2
"YTHDF2",1.0236564696101,0.606285300372279,0.758,0.5696,5.36891994535352e-176,5
"YTHDF3",0.858998760638761,0.858998760638761,0.262,0.262,0.645958707922761,1
"YWHAB",0.834914089991345,0.583256996067399,1,0.88925,1.09701578666139e-92,4
"YWHAE",2.73421996249006,1.20381189010002,1,0.7196,1.61578811663941e-237,5
"YWHAG",2.0306741393649,1.56259709059751,0.917,0.769,0,3
"YWHAH",4.08671547620628,2.19166121185687,0.731,0.694,4.34539960011019e-126,3
"YWHAQ",1.63173595372207,0.733265505466358,0.861,0.6228,2.35134636092304e-24,5
"YWHAZ",0.913906643519927,0.693765190386715,0.797,0.628666666666667,4.64262815034253e-16,3
"YY1",0.442376150807327,0.3563277639626,0.972,0.63175,1.89776673510068e-110,4
"Z93930.2",2.13289237432033,2.13289237432033,0.455,0.455,5.69093102031709e-48,1
"ZADH2",1.08150680439304,1.03496331235461,0.333,0.293,4.03778958328237e-87,2
"ZAP70",4.023082357418,3.76401609967191,0.57,0.4245,8.99173650969397e-196,2
"ZBED1",0.520815332885117,0.520815332885117,0.528,0.528,1.74801723008937e-10,1
"ZBED4",1.10113872638545,1.10113872638545,0.306,0.306,1.94143374583691e-06,1
"ZBED5",0.312836678755431,0.312836678755431,0.349,0.349,3.21128202276532e-74,1
"ZBP1",1.67708145381985,1.67708145381985,0.894,0.894,3.8121595950832e-93,1
"ZBTB1",0.897768831526615,0.897768831526615,0.372,0.372,3.11391304742797e-07,1
"ZBTB11",0.463222819839054,0.445266420414606,0.444,0.3905,0.00458877364984168,2
"ZBTB20",1.16464779765009,0.959387684109137,0.325,0.234,1.67751188003676e-14,3
"ZBTB24",1.99826113606799,1.46267164205956,0.515,0.384,4.56137748215144e-58,2
"ZBTB25",2.33454043225018,2.33454043225018,0.306,0.306,6.89890345130761e-106,1
"ZBTB32",4.28413545789102,4.28413545789102,0.424,0.424,6.61434677081262e-221,1
"ZBTB38",2.98982100625294,1.98055907963584,0.924,0.623666666666667,8.22282193404942e-106,3
"ZBTB4",0.642750570648333,0.642750570648333,0.25,0.25,0.9453547736121,1
"ZBTB40",0.901595237659876,0.661469315755673,0.278,0.2755,1.78956974347025e-06,2
"ZBTB41",1.30456206004026,1.30456206004026,0.306,0.306,4.04559331647705e-07,1
"ZBTB43",0.686936284958158,0.686936284958158,0.419,0.419,9.72279897330733e-152,1
"ZBTB48",0.282333505028641,0.282333505028641,0.25,0.25,0.000835819542951069,1
"ZBTB7A",1.25845784989,0.739325214253336,0.944,0.6738,4.47999879358559e-185,5
"ZBTB7B",0.935481446639898,0.898270444149651,0.722,0.647,5.3570761445173e-251,2
"ZBTB8OS",1.15337610066932,1.05955709947226,0.924,0.776,4.41221627195546e-35,2
"ZC3H13",0.584952414751967,0.584952414751967,0.57,0.57,6.2148346281567e-09,1
"ZC3H14",1.40036545471107,1.17155263742612,0.472,0.3685,5.07301806290878e-67,2
"ZC3H15",0.949213199906872,0.714900842374481,0.909,0.708833333333333,1.79660776346032e-159,6
"ZC3H18",0.911016257316409,0.911016257316409,0.488,0.488,2.62724672274023e-12,1
"ZC3H4",0.278272465788174,0.278272465788174,0.611,0.611,3.15589336163331e-11,1
"ZC3H7A",0.263848106449471,0.263848106449471,0.611,0.611,5.93045171990533e-05,1
"ZC3H7B",1.30626506899618,0.891705208576888,0.389,0.324333333333333,8.47850705974758e-90,3
"ZC3H8",1.70693410961437,1.14611233992717,0.364,0.35,3.40688783367421e-64,3
"ZC3HAV1",0.938116395886654,0.850844340606343,0.233,0.191,1.18054430927261e-13,2
"ZCCHC10",1.71704410357368,0.747649505670116,0.621,0.4488,4.82432712957589e-82,5
"ZCCHC17",4.43512315777552,2.43786052044756,0.36,0.3285,2.60757450655189e-32,2
"ZCCHC2",1.33153300191163,1.33153300191163,0.278,0.278,0.237983805396627,1
"ZCCHC7",2.18633670638345,2.18633670638345,0.484,0.484,1.64068314110869e-176,1
"ZCCHC8",0.937707005394944,0.716009177440172,0.361,0.32,5.22128387514389e-97,2
"ZCCHC9",1.17701602253433,0.7856322178462,0.556,0.427333333333333,4.51644945999984e-13,3
"ZCRB1",1.24717338714526,0.791986588931694,0.712,0.4685,1.90304770937698e-21,4
"ZDBF2",4.64051263080471,4.64051263080471,0.303,0.303,3.34907661397621e-109,1
"ZDHHC12",1.204776186576,0.727575296677808,0.611,0.4565,5.33402920420632e-68,4
"ZDHHC16",2.12342424471304,2.12342424471304,0.25,0.25,1.33709348592873e-08,1
"ZDHHC17",1.07452640179974,1.07452640179974,0.299,0.299,2.01256494600169e-08,1
"ZDHHC2",0.467202274885694,0.460251741991297,0.389,0.364,5.15559395117672e-90,2
"ZDHHC20",1.548741582371,0.895817248615737,0.843,0.584333333333333,0,3
"ZDHHC21",2.76786303588182,1.16222311187597,0.455,0.363333333333333,3.94804688759833e-125,3
"ZDHHC24",2.09354390609651,1.24072343703788,0.485,0.41,6.08992453724211e-24,3
"ZDHHC3",0.479779524997029,0.479779524997029,0.556,0.556,1.38892296514417e-10,1
"ZDHHC4",1.36583267717941,1.03517800876638,0.379,0.3285,2.8705333873197e-21,2
"ZDHHC5",0.481841180223508,0.382319065245058,0.556,0.46,5.36964126993666e-99,2
"ZDHHC6",0.821215095300686,0.821215095300686,0.279,0.279,4.00580754552267e-05,1
"ZDHHC7",1.50447052298925,1.45487265311495,0.75,0.666,0,2
"ZDHHC8",1.77390031424216,1.7443380616135,0.318,0.312,1.48193231911921e-24,2
"ZEB2",1.69384838800625,1.2876553612222,1,0.741,6.96845995802274e-293,3
"ZER1",1.72285692123705,1.72285692123705,0.368,0.368,3.00653442806293e-24,1
"ZFAND1",1.78738341402046,1.05573902472569,0.455,0.352666666666667,6.27780429043857e-49,3
"ZFAND5",0.594372199868789,0.45572263786816,0.895,0.5095,9.52436774613983e-206,2
"ZFAND6",0.756590643786088,0.593510511959722,0.154,0.137,3.47562112033072e-30,2
"ZFAS1",0.577072738246395,0.472830775973379,0.886,0.619,6.7209684679617e-40,2
"ZFAT",1.04903130500246,1.04903130500246,0.318,0.318,7.92627920214903e-36,1
"ZFC3H1",0.780981082449111,0.780981082449111,0.079,0.079,1.38995181824644e-16,1
"ZFHX3",2.80412831776295,2.43988577055116,0.639,0.6025,0,2
"ZFP14",0.312528980451658,0.312528980451658,0.25,0.25,1,1
"ZFP36",1.43141432477828,0.635206235595195,0.972,0.629,4.21634137488513e-139,4
"ZFP36L1",1.94173494482609,1.33776012423439,0.758,0.6295,4.41108078655426e-221,2
"ZFP36L2",1.08457774493674,0.658360531968791,1,0.9575,5.91604154738816e-60,4
"ZFP64",2.116996363058,2.116996363058,0.258,0.258,1.98547170036391e-34,1
"ZFP90",2.27380516719871,2.27380516719871,0.291,0.291,3.11234474406263e-16,1
"ZFP91",0.795435363974995,0.637006393870954,0.667,0.492333333333333,5.03726903398222e-156,3
"ZFPL1",0.384040678133622,0.384040678133622,0.278,0.278,0.00330658628938807,1
"ZFPM1",1.45655403021918,0.990846326189676,0.279,0.27,4.22668471774552e-60,3
"ZFR",0.961293586043252,0.783995909342415,0.611,0.516333333333333,6.05669117087652e-127,3
"ZFX",0.340202420702817,0.321399332551545,0.453,0.266,2.91843579680376e-36,2
"ZFYVE16",1.29667783213647,0.784057663215492,0.306,0.2375,1,2
"ZFYVE21",0.785951600595466,0.785951600595466,0.278,0.278,2.75966406210852e-06,1
"ZHX1",1.74656383930443,1.53629068088303,0.639,0.4785,8.43693213198878e-120,2
"ZKSCAN1",1.72115261971634,1.00620612943632,0.568,0.473,1.62569395637187e-119,2
"ZMAT2",0.994201715759461,0.994201715759461,0.182,0.182,2.18952568646035e-12,1
"ZMAT3",0.284498551837182,0.284498551837182,0.423,0.423,5.364986646271e-145,1
"ZMAT5",0.924220147226505,0.924220147226505,0.361,0.361,3.46826877930094e-11,1
"ZMIZ1",0.763858099087679,0.763858099087679,0.806,0.806,2.37731468949934e-22,1
"ZMIZ2",0.327680999039872,0.327680999039872,0.409,0.409,1.59335536968421e-15,1
"ZMPSTE24",0.271748768322727,0.271748768322727,0.365,0.365,2.56013554478328e-123,1
"ZMYM2",0.51656673406524,0.51656673406524,0.105,0.105,2.08766730141116e-27,1
"ZMYM4",1.18900296583083,0.769502513979961,0.464,0.4405,6.20176468839026e-168,2
"ZMYM6",0.834075331146328,0.834075331146328,0.295,0.295,3.78015800753855e-118,1
"ZMYND11",1.09384502607115,1.06832926508428,0.288,0.283,4.26855832382327e-11,2
"ZNF100",0.563510710312307,0.563510710312307,0.361,0.361,2.4720561238521e-13,1
"ZNF101",1.94025889716799,1.39963858666818,0.436,0.3925,1.55900758580976e-136,2
"ZNF106",0.822225682039077,0.528867009479892,0.972,0.5556,1.43511634344419e-209,5
"ZNF107",1.78073763254552,1.78073763254552,0.318,0.318,1.25866592592732e-105,1
"ZNF12",0.252839618046287,0.252839618046287,0.333,0.333,0.00146593459630313,1
"ZNF124",1.84206328975145,1.84206328975145,0.389,0.389,1.12554752899967e-13,1
"ZNF131",1.25114542926201,0.844543134554947,0.528,0.419,2.23546731786085e-36,3
"ZNF143",0.573769776245074,0.573769776245074,0.5,0.5,8.0352499301925e-10,1
"ZNF146",1.3893830038788,1.3893830038788,0.528,0.528,2.55090030406126e-14,1
"ZNF148",1.23261832603752,0.854218993905077,0.217,0.1665,2.40216392722189e-17,2
"ZNF169",0.464314968660914,0.464314968660914,0.278,0.278,2.59540810368029e-08,1
"ZNF195",1.08344823636322,1.08344823636322,0.278,0.278,0.000388536305121008,1
"ZNF207",1.07711685004031,0.907550269190932,0.775,0.559333333333333,2.70318305035035e-28,3
"ZNF213",1.44306907061423,1.44306907061423,0.278,0.278,1.53143811462702e-16,1
"ZNF217",0.269715642873813,0.269715642873813,0.094,0.094,3.87924123524244e-23,1
"ZNF22",1.95892060067679,0.937800770534612,0.515,0.368833333333333,5.17769446751433e-50,6
"ZNF224",0.413053824599533,0.413053824599533,0.291,0.291,0.000201658520448066,1
"ZNF236",0.981191479012281,0.981191479012281,0.333,0.333,9.82613409448184e-08,1
"ZNF24",0.800732782616898,0.667645768695962,0.112,0.098,4.59483034151123e-27,2
"ZNF248",0.963526805350786,0.963526805350786,0.258,0.258,4.02232575736722e-20,1
"ZNF25",2.09977126374864,2.09977126374864,0.25,0.25,1.93080533306575e-09,1
"ZNF275",2.63667086171462,2.63667086171462,0.439,0.439,2.64148238260783e-70,1
"ZNF276",1.08666485244065,0.828940920712163,0.523,0.4365,4.64659821044563e-48,2
"ZNF277",1.45780820204867,1.35477311627245,0.472,0.423,5.78055291626619e-144,2
"ZNF280D",0.427387807981177,0.427387807981177,0.561,0.561,1.07708387989696e-16,1
"ZNF292",1.17426720346323,0.841578178410849,0.18,0.1725,7.2364945215831e-12,2
"ZNF296",1.94008686330162,1.94008686330162,0.364,0.364,8.55544576060638e-41,1
"ZNF302",2.11538817590314,1.75606565500755,0.333,0.284,2.33044058547329e-71,3
"ZNF317",0.707368803160348,0.707368803160348,0.389,0.389,2.22801741590701e-14,1
"ZNF318",0.441866878495333,0.441866878495333,0.309,0.309,1.31355738460048e-80,1
"ZNF32",2.12190294215923,1.55649475346427,0.279,0.2785,1.00155147613472e-11,2
"ZNF322",0.497853035369443,0.497853035369443,0.25,0.25,0.160992333001933,1
"ZNF326",0.513381858330237,0.417649382324368,0.583,0.404333333333333,8.54827558173632e-68,3
"ZNF330",0.916852250376774,0.8136685540796,0.556,0.458333333333333,4.19588545429701e-165,3
"ZNF33A",1.38449461716939,0.982260767437462,0.162,0.159,8.4741021646595e-09,2
"ZNF362",1.41568648028695,1.41568648028695,0.278,0.278,2.14156031414431e-08,1
"ZNF37A",1.27162603939175,0.91901501317108,0.606,0.42575,5.81922050494279e-88,4
"ZNF385A",2.75420972992211,2.54829374566734,0.889,0.775,0,2
"ZNF428",2.19980791618338,1.62235520628902,0.652,0.467,4.78544437645335e-58,4
"ZNF430",0.753297938178244,0.545882535605163,0.444,0.351666666666667,5.97910123519442e-24,3
"ZNF431",0.533839424624946,0.533839424624946,0.25,0.25,7.05132663916001e-20,1
"ZNF451",2.85663643648837,1.58223885010824,0.504,0.4275,4.45375322006673e-104,2
"ZNF467",1.23407389624115,1.23407389624115,0.522,0.522,0,1
"ZNF480",1.36607986740822,1.23030069630403,0.361,0.314,1.52731355097183e-05,2
"ZNF503",3.64309787274466,3.64309787274466,0.361,0.361,2.24668353053795e-45,1
"ZNF506",0.570301751125002,0.570301751125002,0.256,0.256,7.33621838019442e-32,1
"ZNF507",1.35636871085,0.944799947695375,0.267,0.2625,1.32901385163746e-16,2
"ZNF511",1.68701899692324,1.39465643052295,0.576,0.4585,4.91603938613228e-110,4
"ZNF518A",1.51547649389169,1.30283220291974,0.39,0.326,7.1790683846205e-16,2
"ZNF524",0.869374423342465,0.573189631927224,0.42,0.368,1.99459544629682e-138,3
"ZNF544",1.26985869908501,1.26985869908501,0.303,0.303,5.21212815462416e-27,1
"ZNF562",1.39137970998845,1.24467484472473,0.444,0.365,5.27394608705241e-96,2
"ZNF576",0.347468520575287,0.347468520575287,0.288,0.288,6.48025163328866e-12,1
"ZNF580",0.560133259815932,0.389825983725157,0.53,0.410666666666667,2.36570988954443e-60,3
"ZNF581",0.893372386858393,0.528158780388029,0.424,0.354666666666667,3.87883743945505e-87,3
"ZNF593",3.34446001872019,2.71206747798858,0.879,0.6615,2.10148783298322e-124,2
"ZNF609",0.697728942951584,0.697728942951584,0.434,0.434,4.51288768095522e-167,1
"ZNF622",1.53587970113357,0.959041663701072,0.561,0.470666666666667,2.75211970356745e-25,3
"ZNF623",0.986850257717494,0.986850257717494,0.25,0.25,2.44165932777523e-06,1
"ZNF638",0.826995353854487,0.779241453995799,0.398,0.2625,5.2619391292964e-14,2
"ZNF639",0.695466644617253,0.48283973858735,0.348,0.327,2.20362642967451e-11,2
"ZNF644",1.20503894117185,0.786240037187192,0.75,0.4234,1.51958448880539e-92,5
"ZNF652",0.97791052010356,0.914857788324364,0.163,0.1465,2.40610183766282e-09,2
"ZNF655",0.548972418925167,0.420831620178964,0.701,0.358333333333333,2.5511473913664e-153,3
"ZNF664",1.10806681286338,1.10806681286338,0.303,0.303,9.40926543177857e-21,1
"ZNF672",0.502619362205174,0.502619362205174,0.306,0.306,0.000139663977265869,1
"ZNF687",0.676293018494593,0.676293018494593,0.306,0.306,1.93296388381296e-08,1
"ZNF688",1.24328794251842,1.17979648165113,0.444,0.35,4.82846312911674e-10,2
"ZNF7",0.653931947072287,0.653931947072287,0.258,0.258,2.42364668181896e-08,1
"ZNF700",1.09949892670146,1.09949892670146,0.333,0.333,9.86853580481608e-12,1
"ZNF703",4.35372100476078,4.35372100476078,0.25,0.25,2.06266329833992e-65,1
"ZNF706",2.35354887039753,1.17029829883733,0.972,0.749,2.00898125517162e-126,6
"ZNF708",1.67380622090685,1.67380622090685,0.283,0.283,2.28549040410292e-73,1
"ZNF710",1.44991254455987,1.44991254455987,0.389,0.389,1.7097736623601e-16,1
"ZNF720",1.53693625243465,1.53693625243465,0.291,0.291,7.01217170011779e-14,1
"ZNF721",1.22267325137699,1.00773310282003,0.372,0.309,3.86591960199141e-38,3
"ZNF75A",0.419409061207414,0.419409061207414,0.348,0.348,4.99822018925606e-07,1
"ZNF770",2.42806308902138,2.23684581549797,0.399,0.3925,1.2636156793177e-33,2
"ZNF780A",0.5332100708912,0.5332100708912,0.389,0.389,4.54437769835874e-10,1
"ZNF787",0.525527393509107,0.490642856931259,0.5,0.4595,1.44657981713699e-122,2
"ZNF791",0.531287566792759,0.531287566792759,0.43,0.43,7.01093363635078e-10,1
"ZNF800",0.493850433799906,0.471614717820764,0.667,0.511666666666667,4.44400287726114e-113,3
"ZNF83",1.58379634595576,1.58379634595576,0.29,0.29,6.49814011583687e-63,1
"ZNF830",0.893166437199883,0.879366571142828,0.279,0.27,7.18525758793476e-35,2
"ZNF84",1.10267835293361,1.10267835293361,0.25,0.25,2.96433999409014e-05,1
"ZNF91",1.68675025288195,0.928824707505114,0.379,0.33975,3.21823353706085e-56,4
"ZNF92",3.53938721465364,2.09088831853551,0.561,0.5105,1.72787229970557e-226,2
"ZNHIT1",1.06849395942216,0.681641128734896,0.889,0.849666666666667,1.06961905953801e-160,3
"ZNHIT3",1.65274141333868,1.1390426401834,0.606,0.4242,7.02615848476502e-55,5
"ZNHIT6",2.11813047320543,1.63875581537891,0.419,0.375333333333333,1.22394079377809e-60,3
"ZNRD1",1.85387525618763,0.958857713356436,0.545,0.4285,6.75722098867817e-62,4
"ZNRF1",1.11582102045988,1.11582102045988,0.306,0.306,1.68693737680499e-08,1
"ZNRF2",0.793539912501968,0.537987191869421,0.472,0.4305,4.09119180675538e-121,2
"ZPR1",1.39404828913951,1.28986065657817,0.417,0.356,3.2354185535547e-93,2
"ZRANB1",1.06442862860274,1.06442862860274,0.352,0.352,7.84799156040394e-17,1
"ZRANB2",1.28282276530146,1.06992374586477,0.955,0.8025,7.22991932895914e-104,4
"ZRSR2",1.42890432436957,0.882082025028752,0.639,0.4276,2.21607042553506e-51,5
"ZSCAN16-AS1",1.16585628089297,0.808611923730634,0.474,0.395,1.343478324454e-154,3
"ZSWIM6",1.58411565596034,1.25369703023539,0.722,0.6955,0,2
"ZSWIM7",0.850736021067782,0.648890190598672,0.472,0.3825,8.31348951605674e-88,4
"ZUP1",0.952412264857919,0.952412264857919,0.258,0.258,1.45379928701788e-10,1
"ZW10",1.94473212267768,1.94473212267768,0.25,0.25,5.06276924515761e-11,1
"ZYG11B",0.476214029284964,0.405385098110143,0.5,0.4985,9.54933923140042e-182,2
"ZYX",1.90874317025525,0.772555011062997,1,0.67425,1.2392152459354e-177,4
